2026-08-13 16:30:38.003 [INFO] [req-033e9cc3] [receipt_api.HTTP] --> POST /api/v1/devices/register | Client: 127.0.0.1 | Dev: - | User: -
2026-08-13 16:30:38.153 [DEBUG] [req-033e9cc3] [receipt_api.Auth.rate_limiter] Rate limit key generated: '/api/v1/devices/register:127.0.0.1' (identifier='127.0.0.1', path='/api/v1/devices/register')
2026-08-13 16:30:38.153 [DEBUG] [req-033e9cc3] [receipt_api.Auth.rate_limiter] Rate limit threshold check for key '/api/v1/devices/register:127.0.0.1': current bucket counter=0, threshold=10, window=60s
2026-08-13 16:30:38.154 [DEBUG] [req-033e9cc3] [receipt_api.Auth.rate_limiter] Rate limit check passed for key '/api/v1/devices/register:127.0.0.1': updated bucket counter=1, remaining=9
2026-08-13 16:30:38.154 [DEBUG] [req-033e9cc3] [receipt_api.Infrastructure.database] Initializing Supabase async client for URL: https://asdumcyjkvzawoxupoxu.supabase.co
2026-08-13 16:30:38.624 [DEBUG] [req-033e9cc3] [receipt_api.Infrastructure.database] Supabase async client initialized successfully
2026-08-13 16:30:38.818 [ERROR] [req-033e9cc3] [receipt_api.HTTP] ❌ EXCEPTION POST /api/v1/devices/register (623.75ms): 'DeviceRegisterRequest' object has no attribute 'brand'
Traceback (most recent call last):
  File "C:\mobile-development\receipt_logging_backend\main.py", line 70, in request_trace_logging_middleware
    response = await call_next(request)
               ^^^^^^^^^^^^^^^^^^^^^^^^
  File "C:\mobile-development\receipt_logging_backend\.venv\Lib\site-packages\starlette\middleware\base.py", line 168, in call_next
    raise app_exc from app_exc.__cause__ or app_exc.__context__
  File "C:\mobile-development\receipt_logging_backend\.venv\Lib\site-packages\starlette\middleware\base.py", line 144, in coro
    await self.app(scope, receive_or_disconnect, send_no_error)
  File "C:\mobile-development\receipt_logging_backend\.venv\Lib\site-packages\starlette\middleware\exceptions.py", line 63, in __call__
    await wrap_app_handling_exceptions(self.app, conn)(scope, receive, send)
  File "C:\mobile-development\receipt_logging_backend\.venv\Lib\site-packages\starlette\_exception_handler.py", line 53, in wrapped_app
    raise exc
  File "C:\mobile-development\receipt_logging_backend\.venv\Lib\site-packages\starlette\_exception_handler.py", line 42, in wrapped_app
    await app(scope, receive, sender)
  File "C:\mobile-development\receipt_logging_backend\.venv\Lib\site-packages\fastapi\middleware\asyncexitstack.py", line 18, in __call__
    await self.app(scope, receive, send)
  File "C:\mobile-development\receipt_logging_backend\.venv\Lib\site-packages\starlette\routing.py", line 660, in __call__
    await self.middleware_stack(scope, receive, send)
  File "C:\mobile-development\receipt_logging_backend\.venv\Lib\site-packages\fastapi\routing.py", line 2734, in app
    await route.handle(scope, receive, send)
  File "C:\mobile-development\receipt_logging_backend\.venv\Lib\site-packages\fastapi\routing.py", line 1780, in handle
    await self.original_router.handle(scope, receive, send)
  File "C:\mobile-development\receipt_logging_backend\.venv\Lib\site-packages\fastapi\routing.py", line 2789, in handle
    await included_router._handle_selected(scope, receive, send)
  File "C:\mobile-development\receipt_logging_backend\.venv\Lib\site-packages\fastapi\routing.py", line 1800, in _handle_selected
    await original_route.handle(scope, receive, send)
  File "C:\mobile-development\receipt_logging_backend\.venv\Lib\site-packages\fastapi\routing.py", line 1279, in handle
    await app(scope, receive, send)
  File "C:\mobile-development\receipt_logging_backend\.venv\Lib\site-packages\fastapi\routing.py", line 158, in app
    await wrap_app_handling_exceptions(app, request)(scope, receive, send)
  File "C:\mobile-development\receipt_logging_backend\.venv\Lib\site-packages\starlette\_exception_handler.py", line 53, in wrapped_app
    raise exc
  File "C:\mobile-development\receipt_logging_backend\.venv\Lib\site-packages\starlette\_exception_handler.py", line 42, in wrapped_app
    await app(scope, receive, sender)
  File "C:\mobile-development\receipt_logging_backend\.venv\Lib\site-packages\fastapi\routing.py", line 144, in app
    response = await f(request)
               ^^^^^^^^^^^^^^^^
  File "C:\mobile-development\receipt_logging_backend\.venv\Lib\site-packages\fastapi\routing.py", line 706, in app
    raw_response = await run_endpoint_function(
                   ^^^^^^^^^^^^^^^^^^^^^^^^^^^^
    ...<3 lines>...
    )
    ^
  File "C:\mobile-development\receipt_logging_backend\.venv\Lib\site-packages\fastapi\routing.py", line 352, in run_endpoint_function
    return await dependant.call(**values)
           ^^^^^^^^^^^^^^^^^^^^^^^^^^^^^^
  File "C:\mobile-development\receipt_logging_backend\src\API\v1\devices.py", line 39, in register_device
    logger.debug("Entering register_device: device_name=%s, brand=%s, model=%s", body.device_name, body.brand, body.model)
                                                                                                   ^^^^^^^^^^
  File "C:\mobile-development\receipt_logging_backend\.venv\Lib\site-packages\pydantic\main.py", line 1042, in __getattr__
    raise AttributeError(f'{type(self).__name__!r} object has no attribute {item!r}')
AttributeError: 'DeviceRegisterRequest' object has no attribute 'brand'

2026-08-13 16:59:36.307 [INFO] [req-ec598787] [receipt_api.HTTP] --> POST /api/v1/devices/register | Client: 127.0.0.1 | Dev: - | User: -
2026-08-13 16:59:36.309 [DEBUG] [req-ec598787] [receipt_api.Auth.rate_limiter] Rate limit key generated: '/api/v1/devices/register:127.0.0.1' (identifier='127.0.0.1', path='/api/v1/devices/register')
2026-08-13 16:59:36.309 [DEBUG] [req-ec598787] [receipt_api.Auth.rate_limiter] Rate limit threshold check for key '/api/v1/devices/register:127.0.0.1': current bucket counter=0, threshold=10, window=60s
2026-08-13 16:59:36.309 [DEBUG] [req-ec598787] [receipt_api.Auth.rate_limiter] Rate limit check passed for key '/api/v1/devices/register:127.0.0.1': updated bucket counter=1, remaining=9
2026-08-13 16:59:36.309 [DEBUG] [req-ec598787] [receipt_api.Infrastructure.database] Initializing Supabase async client for URL: https://asdumcyjkvzawoxupoxu.supabase.co
2026-08-13 16:59:36.650 [DEBUG] [req-ec598787] [receipt_api.Infrastructure.database] Supabase async client initialized successfully
2026-08-13 16:59:36.653 [ERROR] [req-ec598787] [receipt_api.HTTP] ❌ EXCEPTION POST /api/v1/devices/register (343.56ms): 'DeviceRegisterRequest' object has no attribute 'brand'
Traceback (most recent call last):
  File "C:\mobile-development\receipt_logging_backend\main.py", line 70, in request_trace_logging_middleware
    response = await call_next(request)
               ^^^^^^^^^^^^^^^^^^^^^^^^
  File "C:\mobile-development\receipt_logging_backend\.venv\Lib\site-packages\starlette\middleware\base.py", line 168, in call_next
    raise app_exc from app_exc.__cause__ or app_exc.__context__
  File "C:\mobile-development\receipt_logging_backend\.venv\Lib\site-packages\starlette\middleware\base.py", line 144, in coro
    await self.app(scope, receive_or_disconnect, send_no_error)
  File "C:\mobile-development\receipt_logging_backend\.venv\Lib\site-packages\starlette\middleware\exceptions.py", line 63, in __call__
    await wrap_app_handling_exceptions(self.app, conn)(scope, receive, send)
  File "C:\mobile-development\receipt_logging_backend\.venv\Lib\site-packages\starlette\_exception_handler.py", line 53, in wrapped_app
    raise exc
  File "C:\mobile-development\receipt_logging_backend\.venv\Lib\site-packages\starlette\_exception_handler.py", line 42, in wrapped_app
    await app(scope, receive, sender)
  File "C:\mobile-development\receipt_logging_backend\.venv\Lib\site-packages\fastapi\middleware\asyncexitstack.py", line 18, in __call__
    await self.app(scope, receive, send)
  File "C:\mobile-development\receipt_logging_backend\.venv\Lib\site-packages\starlette\routing.py", line 660, in __call__
    await self.middleware_stack(scope, receive, send)
  File "C:\mobile-development\receipt_logging_backend\.venv\Lib\site-packages\fastapi\routing.py", line 2734, in app
    await route.handle(scope, receive, send)
  File "C:\mobile-development\receipt_logging_backend\.venv\Lib\site-packages\fastapi\routing.py", line 1780, in handle
    await self.original_router.handle(scope, receive, send)
  File "C:\mobile-development\receipt_logging_backend\.venv\Lib\site-packages\fastapi\routing.py", line 2789, in handle
    await included_router._handle_selected(scope, receive, send)
  File "C:\mobile-development\receipt_logging_backend\.venv\Lib\site-packages\fastapi\routing.py", line 1800, in _handle_selected
    await original_route.handle(scope, receive, send)
  File "C:\mobile-development\receipt_logging_backend\.venv\Lib\site-packages\fastapi\routing.py", line 1279, in handle
    await app(scope, receive, send)
  File "C:\mobile-development\receipt_logging_backend\.venv\Lib\site-packages\fastapi\routing.py", line 158, in app
    await wrap_app_handling_exceptions(app, request)(scope, receive, send)
  File "C:\mobile-development\receipt_logging_backend\.venv\Lib\site-packages\starlette\_exception_handler.py", line 53, in wrapped_app
    raise exc
  File "C:\mobile-development\receipt_logging_backend\.venv\Lib\site-packages\starlette\_exception_handler.py", line 42, in wrapped_app
    await app(scope, receive, sender)
  File "C:\mobile-development\receipt_logging_backend\.venv\Lib\site-packages\fastapi\routing.py", line 144, in app
    response = await f(request)
               ^^^^^^^^^^^^^^^^
  File "C:\mobile-development\receipt_logging_backend\.venv\Lib\site-packages\fastapi\routing.py", line 706, in app
    raw_response = await run_endpoint_function(
                   ^^^^^^^^^^^^^^^^^^^^^^^^^^^^
    ...<3 lines>...
    )
    ^
  File "C:\mobile-development\receipt_logging_backend\.venv\Lib\site-packages\fastapi\routing.py", line 352, in run_endpoint_function
    return await dependant.call(**values)
           ^^^^^^^^^^^^^^^^^^^^^^^^^^^^^^
  File "C:\mobile-development\receipt_logging_backend\src\API\v1\devices.py", line 39, in register_device
    logger.debug("Entering register_device: device_name=%s, brand=%s, model=%s", body.device_name, body.brand, body.model)
                                                                                                   ^^^^^^^^^^
  File "C:\mobile-development\receipt_logging_backend\.venv\Lib\site-packages\pydantic\main.py", line 1042, in __getattr__
    raise AttributeError(f'{type(self).__name__!r} object has no attribute {item!r}')
AttributeError: 'DeviceRegisterRequest' object has no attribute 'brand'

2026-08-13 17:00:43.055 [INFO] [req-280f73ff] [receipt_api.HTTP] --> POST /api/v1/user/login | Client: 127.0.0.1 | Dev: - | User: -
2026-08-13 17:00:43.056 [DEBUG] [req-280f73ff] [receipt_api.Auth.rate_limiter] Rate limit key generated: '/api/v1/user/login:127.0.0.1' (identifier='127.0.0.1', path='/api/v1/user/login')
2026-08-13 17:00:43.057 [DEBUG] [req-280f73ff] [receipt_api.Auth.rate_limiter] Rate limit threshold check for key '/api/v1/user/login:127.0.0.1': current bucket counter=0, threshold=10, window=60s
2026-08-13 17:00:43.057 [DEBUG] [req-280f73ff] [receipt_api.Auth.rate_limiter] Rate limit check passed for key '/api/v1/user/login:127.0.0.1': updated bucket counter=1, remaining=9
2026-08-13 17:00:43.057 [DEBUG] [req-280f73ff] [receipt_api.Infrastructure.database] Initializing Supabase async client for URL: https://asdumcyjkvzawoxupoxu.supabase.co
2026-08-13 17:00:43.417 [DEBUG] [req-280f73ff] [receipt_api.Infrastructure.database] Supabase async client initialized successfully
2026-08-13 17:00:43.418 [DEBUG] [req-280f73ff] [receipt_api.API.user] Entering login_user: identifier=test4
2026-08-13 17:00:43.418 [DEBUG] [req-280f73ff] [receipt_api.Models.user_repository] SELECT user get_by_identifier: identifier='test4'
2026-08-13 17:00:43.419 [DEBUG] [req-280f73ff] [receipt_api.Models.user_repository] SELECT user get_by_username: username='test4'
2026-08-13 17:00:44.935 [INFO] [req-280f73ff] [receipt_api.Models.user_repository] SELECT user get_by_username finished: found=False in 1516.30ms
2026-08-13 17:00:44.935 [DEBUG] [req-280f73ff] [receipt_api.Models.user_repository] SELECT user get_by_email: email='test4'
2026-08-13 17:00:45.022 [INFO] [req-280f73ff] [receipt_api.Models.user_repository] SELECT user get_by_email ilike search finished: found=False in 87.11ms
2026-08-13 17:00:45.023 [WARNING] [req-280f73ff] [receipt_api.API.user] Login failed for identifier 'test4': account not found
2026-08-13 17:00:45.024 [INFO] [req-280f73ff] [receipt_api.HTTP] <-- 401 POST /api/v1/user/login (1968.46ms)
2026-08-13 17:47:53.821 [INFO] [req-6af0ff96] [receipt_api.HTTP] --> POST /api/v1/user/login | Client: 127.0.0.1 | Dev: - | User: -
2026-08-13 17:47:53.824 [DEBUG] [req-6af0ff96] [receipt_api.Auth.rate_limiter] Rate limit key generated: '/api/v1/user/login:127.0.0.1' (identifier='127.0.0.1', path='/api/v1/user/login')
2026-08-13 17:47:53.824 [DEBUG] [req-6af0ff96] [receipt_api.Auth.rate_limiter] Rate limit threshold check for key '/api/v1/user/login:127.0.0.1': current bucket counter=0, threshold=10, window=60s
2026-08-13 17:47:53.824 [DEBUG] [req-6af0ff96] [receipt_api.Auth.rate_limiter] Rate limit check passed for key '/api/v1/user/login:127.0.0.1': updated bucket counter=1, remaining=9
2026-08-13 17:47:53.824 [DEBUG] [req-6af0ff96] [receipt_api.Infrastructure.database] Initializing Supabase async client for URL: https://asdumcyjkvzawoxupoxu.supabase.co
2026-08-13 17:47:54.227 [DEBUG] [req-6af0ff96] [receipt_api.Infrastructure.database] Supabase async client initialized successfully
2026-08-13 17:47:54.228 [DEBUG] [req-6af0ff96] [receipt_api.API.user] Entering login_user: identifier=test5
2026-08-13 17:47:54.228 [DEBUG] [req-6af0ff96] [receipt_api.Models.user_repository] SELECT user get_by_identifier: identifier='test5'
2026-08-13 17:47:54.228 [DEBUG] [req-6af0ff96] [receipt_api.Models.user_repository] SELECT user get_by_username: username='test5'
2026-08-13 17:47:55.991 [INFO] [req-6af0ff96] [receipt_api.Models.user_repository] SELECT user get_by_username finished: found=True in 1763.21ms
2026-08-13 17:47:56.075 [INFO] [req-6af0ff96] [receipt_api.API.user] User logged in successfully: user_id=38c89672-30a8-4c0a-b54f-4c92bdc05e6b, username=test5
2026-08-13 17:47:56.076 [INFO] [req-6af0ff96] [receipt_api.HTTP] <-- 200 POST /api/v1/user/login (2254.97ms)
2026-08-13 17:47:56.247 [INFO] [req-5f334f60] [receipt_api.HTTP] --> POST /api/v1/devices/link | Client: 127.0.0.1 | Dev: - | User: test5
2026-08-13 17:47:56.357 [DEBUG] [req-5f334f60] [receipt_api.Auth.rate_limiter] Rate limit key generated: '/api/v1/devices/link:dev_886ed96c-c698-4696-ab06-666bfc0a2178' (identifier='dev_886ed96c-c698-4696-ab06-666bfc0a2178', path='/api/v1/devices/link')
2026-08-13 17:47:56.357 [DEBUG] [req-5f334f60] [receipt_api.Auth.rate_limiter] Rate limit threshold check for key '/api/v1/devices/link:dev_886ed96c-c698-4696-ab06-666bfc0a2178': current bucket counter=0, threshold=10, window=60s
2026-08-13 17:47:56.357 [DEBUG] [req-5f334f60] [receipt_api.Auth.rate_limiter] Rate limit check passed for key '/api/v1/devices/link:dev_886ed96c-c698-4696-ab06-666bfc0a2178': updated bucket counter=1, remaining=9
2026-08-13 17:47:56.357 [DEBUG] [req-5f334f60] [receipt_api.Infrastructure.database] Initializing Supabase async client for URL: https://asdumcyjkvzawoxupoxu.supabase.co
2026-08-13 17:47:56.630 [DEBUG] [req-5f334f60] [receipt_api.Infrastructure.database] Supabase async client initialized successfully
2026-08-13 17:47:56.631 [DEBUG] [req-5f334f60] [receipt_api.Auth.identity] Parsing link bridge headers: X-Device-Name/X-Device-ID='dev_886ed96c-c698-4696-ab06-666bfc0a2178', X-Device-Token='[PRESENT]', X-User-Name/X-User-ID='test5', X-User-Token='[PRESENT]'
2026-08-13 17:47:56.631 [DEBUG] [req-5f334f60] [receipt_api.Models.device_repository] SELECT device get_by_device_id: device_name_or_uuid='dev_886ed96c-c698-4696-ab06-666bfc0a2178'
2026-08-13 17:47:57.123 [INFO] [req-5f334f60] [receipt_api.Models.device_repository] SELECT device get_by_device_id matched by name: id=88721077-964a-4f26-83cf-c6e9503a5619 in 492.46ms
2026-08-13 17:47:57.124 [DEBUG] [req-5f334f60] [receipt_api.Auth.identity] Constant-time digest comparison PASS for link bridge device token (device_name='dev_886ed96c-c698-4696-ab06-666bfc0a2178')
2026-08-13 17:47:57.124 [DEBUG] [req-5f334f60] [receipt_api.Models.user_repository] SELECT user get_by_identifier: identifier='test5'
2026-08-13 17:47:57.124 [DEBUG] [req-5f334f60] [receipt_api.Models.user_repository] SELECT user get_by_username: username='test5'
2026-08-13 17:47:57.235 [INFO] [req-5f334f60] [receipt_api.Models.user_repository] SELECT user get_by_username finished: found=True in 110.60ms
2026-08-13 17:47:57.300 [DEBUG] [req-5f334f60] [receipt_api.Auth.identity] Constant-time digest comparison PASS for link bridge user token (username='test5')
2026-08-13 17:47:57.300 [INFO] [req-5f334f60] [receipt_api.Auth.identity] Identity resolved (mode=user): user_id=38c89672-30a8-4c0a-b54f-4c92bdc05e6b, username=test5, device_id=88721077-964a-4f26-83cf-c6e9503a5619, device_name=dev_886ed96c-c698-4696-ab06-666bfc0a2178
2026-08-13 17:47:57.300 [DEBUG] [req-5f334f60] [receipt_api.API.devices] Entering link_device_user: device_name=dev_886ed96c-c698-4696-ab06-666bfc0a2178, target_username=test5, identity (device_name=dev_886ed96c-c698-4696-ab06-666bfc0a2178, user_id=38c89672-30a8-4c0a-b54f-4c92bdc05e6b)
2026-08-13 17:47:57.301 [DEBUG] [req-5f334f60] [receipt_api.Models.device_repository] SELECT device get_by_device_id: device_name_or_uuid='dev_886ed96c-c698-4696-ab06-666bfc0a2178'
2026-08-13 17:47:57.397 [INFO] [req-5f334f60] [receipt_api.Models.device_repository] SELECT device get_by_device_id matched by name: id=88721077-964a-4f26-83cf-c6e9503a5619 in 96.16ms
2026-08-13 17:47:57.397 [DEBUG] [req-5f334f60] [receipt_api.Models.device_repository] link_user_by_names: device_name='dev_886ed96c-c698-4696-ab06-666bfc0a2178', username=test5
2026-08-13 17:47:57.397 [DEBUG] [req-5f334f60] [receipt_api.Models.device_repository] SELECT device get_by_device_id: device_name_or_uuid='dev_886ed96c-c698-4696-ab06-666bfc0a2178'
2026-08-13 17:47:57.496 [INFO] [req-5f334f60] [receipt_api.Models.device_repository] SELECT device get_by_device_id matched by name: id=88721077-964a-4f26-83cf-c6e9503a5619 in 99.26ms
2026-08-13 17:47:57.497 [DEBUG] [req-5f334f60] [receipt_api.Models.user_repository] SELECT user get_by_identifier: identifier='test5'
2026-08-13 17:47:57.497 [DEBUG] [req-5f334f60] [receipt_api.Models.user_repository] SELECT user get_by_username: username='test5'
2026-08-13 17:47:57.735 [INFO] [req-5f334f60] [receipt_api.Models.user_repository] SELECT user get_by_username finished: found=True in 238.55ms
2026-08-13 17:47:57.736 [DEBUG] [req-5f334f60] [receipt_api.Models.device_repository] Calling RPC link_device_and_migrate_guest_data for device='dev_886ed96c-c698-4696-ab06-666bfc0a2178'
2026-08-13 17:47:57.878 [INFO] [req-5f334f60] [receipt_api.Models.device_repository] Atomic guest migration RPC complete for device name=dev_886ed96c-c698-4696-ab06-666bfc0a2178: receipts=0 conversations=0
2026-08-13 17:47:57.883 [DEBUG] [req-5f334f60] [receipt_api.Models.device_repository] SELECT device get_by_device_id: device_name_or_uuid='88721077-964a-4f26-83cf-c6e9503a5619'
2026-08-13 17:47:58.059 [INFO] [req-5f334f60] [receipt_api.Models.device_repository] SELECT device get_by_device_id fallback UUID search finished: found=True in 176.11ms
2026-08-13 17:47:58.059 [INFO] [req-5f334f60] [receipt_api.Models.device_repository] link_user_by_names RPC succeeded in 661.76ms
2026-08-13 17:47:58.062 [INFO] [req-5f334f60] [receipt_api.API.devices] Device linked successfully: device_name=dev_886ed96c-c698-4696-ab06-666bfc0a2178, username=test5
2026-08-13 17:47:58.062 [INFO] [req-5f334f60] [receipt_api.HTTP] <-- 200 POST /api/v1/devices/link (1815.28ms)
2026-08-13 17:47:58.349 [INFO] [req-642c161b] [receipt_api.HTTP] --> GET /api/v1/receipts/ | Client: 127.0.0.1 | Dev: - | User: test5
2026-08-13 17:47:58.362 [DEBUG] [req-642c161b] [receipt_api.Auth.rate_limiter] Rate limit key generated: '/api/v1/receipts/:127.0.0.1' (identifier='127.0.0.1', path='/api/v1/receipts/')
2026-08-13 17:47:58.362 [DEBUG] [req-642c161b] [receipt_api.Auth.rate_limiter] Rate limit threshold check for key '/api/v1/receipts/:127.0.0.1': current bucket counter=0, threshold=60, window=60s
2026-08-13 17:47:58.363 [DEBUG] [req-642c161b] [receipt_api.Auth.rate_limiter] Rate limit check passed for key '/api/v1/receipts/:127.0.0.1': updated bucket counter=1, remaining=59
2026-08-13 17:47:58.363 [DEBUG] [req-642c161b] [receipt_api.Infrastructure.database] Initializing Supabase async client for URL: https://asdumcyjkvzawoxupoxu.supabase.co
2026-08-13 17:47:58.636 [DEBUG] [req-642c161b] [receipt_api.Infrastructure.database] Supabase async client initialized successfully
2026-08-13 17:47:58.636 [DEBUG] [req-642c161b] [receipt_api.Auth.identity] Parsing user headers: X-User-Name/X-User-ID='test5', X-User-Token='[PRESENT]'
2026-08-13 17:47:58.637 [DEBUG] [req-642c161b] [receipt_api.Models.user_repository] SELECT user get_by_identifier: identifier='test5'
2026-08-13 17:47:58.637 [DEBUG] [req-642c161b] [receipt_api.Models.user_repository] SELECT user get_by_username: username='test5'
2026-08-13 17:47:59.231 [INFO] [req-642c161b] [receipt_api.Models.user_repository] SELECT user get_by_username finished: found=True in 594.49ms
2026-08-13 17:47:59.302 [DEBUG] [req-642c161b] [receipt_api.Auth.identity] Constant-time digest comparison PASS for user token (username='test5')
2026-08-13 17:47:59.302 [INFO] [req-642c161b] [receipt_api.Auth.identity] Identity resolved (mode=user): user_id=38c89672-30a8-4c0a-b54f-4c92bdc05e6b, username=test5
2026-08-13 17:47:59.307 [ERROR] [req-642c161b] [receipt_api.HTTP] ❌ EXCEPTION GET /api/v1/receipts/ (954.77ms): 'Identity' object has no attribute 'user_name'
Traceback (most recent call last):
  File "C:\mobile-development\receipt_logging_backend\main.py", line 70, in request_trace_logging_middleware
    response = await call_next(request)
               ^^^^^^^^^^^^^^^^^^^^^^^^
  File "C:\mobile-development\receipt_logging_backend\.venv\Lib\site-packages\starlette\middleware\base.py", line 168, in call_next
    raise app_exc from app_exc.__cause__ or app_exc.__context__
  File "C:\mobile-development\receipt_logging_backend\.venv\Lib\site-packages\starlette\middleware\base.py", line 144, in coro
    await self.app(scope, receive_or_disconnect, send_no_error)
  File "C:\mobile-development\receipt_logging_backend\.venv\Lib\site-packages\starlette\middleware\exceptions.py", line 63, in __call__
    await wrap_app_handling_exceptions(self.app, conn)(scope, receive, send)
  File "C:\mobile-development\receipt_logging_backend\.venv\Lib\site-packages\starlette\_exception_handler.py", line 53, in wrapped_app
    raise exc
  File "C:\mobile-development\receipt_logging_backend\.venv\Lib\site-packages\starlette\_exception_handler.py", line 42, in wrapped_app
    await app(scope, receive, sender)
  File "C:\mobile-development\receipt_logging_backend\.venv\Lib\site-packages\fastapi\middleware\asyncexitstack.py", line 18, in __call__
    await self.app(scope, receive, send)
  File "C:\mobile-development\receipt_logging_backend\.venv\Lib\site-packages\starlette\routing.py", line 660, in __call__
    await self.middleware_stack(scope, receive, send)
  File "C:\mobile-development\receipt_logging_backend\.venv\Lib\site-packages\fastapi\routing.py", line 2734, in app
    await route.handle(scope, receive, send)
  File "C:\mobile-development\receipt_logging_backend\.venv\Lib\site-packages\fastapi\routing.py", line 1780, in handle
    await self.original_router.handle(scope, receive, send)
  File "C:\mobile-development\receipt_logging_backend\.venv\Lib\site-packages\fastapi\routing.py", line 2789, in handle
    await included_router._handle_selected(scope, receive, send)
  File "C:\mobile-development\receipt_logging_backend\.venv\Lib\site-packages\fastapi\routing.py", line 1800, in _handle_selected
    await original_route.handle(scope, receive, send)
  File "C:\mobile-development\receipt_logging_backend\.venv\Lib\site-packages\fastapi\routing.py", line 1279, in handle
    await app(scope, receive, send)
  File "C:\mobile-development\receipt_logging_backend\.venv\Lib\site-packages\fastapi\routing.py", line 158, in app
    await wrap_app_handling_exceptions(app, request)(scope, receive, send)
  File "C:\mobile-development\receipt_logging_backend\.venv\Lib\site-packages\starlette\_exception_handler.py", line 53, in wrapped_app
    raise exc
  File "C:\mobile-development\receipt_logging_backend\.venv\Lib\site-packages\starlette\_exception_handler.py", line 42, in wrapped_app
    await app(scope, receive, sender)
  File "C:\mobile-development\receipt_logging_backend\.venv\Lib\site-packages\fastapi\routing.py", line 144, in app
    response = await f(request)
               ^^^^^^^^^^^^^^^^
  File "C:\mobile-development\receipt_logging_backend\.venv\Lib\site-packages\fastapi\routing.py", line 706, in app
    raw_response = await run_endpoint_function(
                   ^^^^^^^^^^^^^^^^^^^^^^^^^^^^
    ...<3 lines>...
    )
    ^
  File "C:\mobile-development\receipt_logging_backend\.venv\Lib\site-packages\fastapi\routing.py", line 352, in run_endpoint_function
    return await dependant.call(**values)
           ^^^^^^^^^^^^^^^^^^^^^^^^^^^^^^
  File "C:\mobile-development\receipt_logging_backend\src\API\v1\receipts.py", line 49, in list_receipts
    identity.user_name,
    ^^^^^^^^^^^^^^^^^^
  File "C:\mobile-development\receipt_logging_backend\.venv\Lib\site-packages\pydantic\main.py", line 1042, in __getattr__
    raise AttributeError(f'{type(self).__name__!r} object has no attribute {item!r}')
AttributeError: 'Identity' object has no attribute 'user_name'. Did you mean: 'username'?

2026-08-13 17:48:16.286 [INFO] [req-1f7e59f1] [receipt_api.HTTP] --> POST /api/v1/devices/link | Client: 127.0.0.1 | Dev: - | User: -
2026-08-13 17:48:16.287 [DEBUG] [req-1f7e59f1] [receipt_api.Auth.rate_limiter] Rate limit key generated: '/api/v1/devices/link:dev_886ed96c-c698-4696-ab06-666bfc0a2178' (identifier='dev_886ed96c-c698-4696-ab06-666bfc0a2178', path='/api/v1/devices/link')
2026-08-13 17:48:16.287 [DEBUG] [req-1f7e59f1] [receipt_api.Auth.rate_limiter] Rate limit threshold check for key '/api/v1/devices/link:dev_886ed96c-c698-4696-ab06-666bfc0a2178': current bucket counter=1, threshold=10, window=60s
2026-08-13 17:48:16.287 [DEBUG] [req-1f7e59f1] [receipt_api.Auth.rate_limiter] Rate limit check passed for key '/api/v1/devices/link:dev_886ed96c-c698-4696-ab06-666bfc0a2178': updated bucket counter=2, remaining=8
2026-08-13 17:48:16.287 [DEBUG] [req-1f7e59f1] [receipt_api.Infrastructure.database] Initializing Supabase async client for URL: https://asdumcyjkvzawoxupoxu.supabase.co
2026-08-13 17:48:16.688 [DEBUG] [req-1f7e59f1] [receipt_api.Infrastructure.database] Supabase async client initialized successfully
2026-08-13 17:48:16.689 [DEBUG] [req-1f7e59f1] [receipt_api.Auth.identity] Parsing link bridge headers: X-Device-Name/X-Device-ID='dev_886ed96c-c698-4696-ab06-666bfc0a2178', X-Device-Token='[PRESENT]', X-User-Name/X-User-ID='None', X-User-Token='[NONE]'
2026-08-13 17:48:16.689 [DEBUG] [req-1f7e59f1] [receipt_api.Models.device_repository] SELECT device get_by_device_id: device_name_or_uuid='dev_886ed96c-c698-4696-ab06-666bfc0a2178'
2026-08-13 17:48:17.175 [INFO] [req-1f7e59f1] [receipt_api.Models.device_repository] SELECT device get_by_device_id matched by name: id=88721077-964a-4f26-83cf-c6e9503a5619 in 486.35ms
2026-08-13 17:48:17.175 [DEBUG] [req-1f7e59f1] [receipt_api.Auth.identity] Constant-time digest comparison PASS for link bridge device token (device_name='dev_886ed96c-c698-4696-ab06-666bfc0a2178')
2026-08-13 17:48:17.176 [INFO] [req-1f7e59f1] [receipt_api.Auth.identity] Identity resolved (mode=user): user_id=38c89672-30a8-4c0a-b54f-4c92bdc05e6b, username=None, device_id=88721077-964a-4f26-83cf-c6e9503a5619, device_name=dev_886ed96c-c698-4696-ab06-666bfc0a2178
2026-08-13 17:48:17.176 [DEBUG] [req-1f7e59f1] [receipt_api.API.devices] Entering link_device_user: device_name=dev_886ed96c-c698-4696-ab06-666bfc0a2178, target_username=None, identity (device_name=dev_886ed96c-c698-4696-ab06-666bfc0a2178, user_id=38c89672-30a8-4c0a-b54f-4c92bdc05e6b)
2026-08-13 17:48:17.176 [DEBUG] [req-1f7e59f1] [receipt_api.Models.device_repository] SELECT device get_by_device_id: device_name_or_uuid='dev_886ed96c-c698-4696-ab06-666bfc0a2178'
2026-08-13 17:48:17.224 [INFO] [req-1f7e59f1] [receipt_api.Models.device_repository] SELECT device get_by_device_id matched by name: id=88721077-964a-4f26-83cf-c6e9503a5619 in 47.88ms
2026-08-13 17:48:17.224 [DEBUG] [req-1f7e59f1] [receipt_api.Models.device_repository] link_user_by_names: device_name='dev_886ed96c-c698-4696-ab06-666bfc0a2178', username=None
2026-08-13 17:48:17.224 [DEBUG] [req-1f7e59f1] [receipt_api.Models.device_repository] SELECT device get_by_device_id: device_name_or_uuid='dev_886ed96c-c698-4696-ab06-666bfc0a2178'
2026-08-13 17:48:17.254 [INFO] [req-1f7e59f1] [receipt_api.Models.device_repository] SELECT device get_by_device_id matched by name: id=88721077-964a-4f26-83cf-c6e9503a5619 in 29.27ms
2026-08-13 17:48:17.293 [INFO] [req-1f7e59f1] [receipt_api.Models.device_repository] link_user_by_names completed fallback update in 68.98ms
2026-08-13 17:48:17.293 [INFO] [req-1f7e59f1] [receipt_api.API.devices] Device linked successfully: device_name=dev_886ed96c-c698-4696-ab06-666bfc0a2178, username=None
2026-08-13 17:48:17.294 [INFO] [req-1f7e59f1] [receipt_api.HTTP] <-- 200 POST /api/v1/devices/link (1008.12ms)
2026-08-13 17:48:17.432 [INFO] [req-053aff8f] [receipt_api.HTTP] --> POST /api/v1/devices/rotate-token | Client: 127.0.0.1 | Dev: - | User: -
2026-08-13 17:48:17.489 [DEBUG] [req-053aff8f] [receipt_api.Auth.rate_limiter] Rate limit key generated: '/api/v1/devices/rotate-token:dev_886ed96c-c698-4696-ab06-666bfc0a2178' (identifier='dev_886ed96c-c698-4696-ab06-666bfc0a2178', path='/api/v1/devices/rotate-token')
2026-08-13 17:48:17.489 [DEBUG] [req-053aff8f] [receipt_api.Auth.rate_limiter] Rate limit threshold check for key '/api/v1/devices/rotate-token:dev_886ed96c-c698-4696-ab06-666bfc0a2178': current bucket counter=0, threshold=10, window=60s
2026-08-13 17:48:17.489 [DEBUG] [req-053aff8f] [receipt_api.Auth.rate_limiter] Rate limit check passed for key '/api/v1/devices/rotate-token:dev_886ed96c-c698-4696-ab06-666bfc0a2178': updated bucket counter=1, remaining=9
2026-08-13 17:48:17.489 [DEBUG] [req-053aff8f] [receipt_api.Infrastructure.database] Initializing Supabase async client for URL: https://asdumcyjkvzawoxupoxu.supabase.co
2026-08-13 17:48:17.884 [DEBUG] [req-053aff8f] [receipt_api.Infrastructure.database] Supabase async client initialized successfully
2026-08-13 17:48:17.884 [DEBUG] [req-053aff8f] [receipt_api.Auth.identity] Parsing device headers: X-Device-Name/X-Device-ID='dev_886ed96c-c698-4696-ab06-666bfc0a2178', X-Device-Token='[PRESENT]'
2026-08-13 17:48:17.884 [DEBUG] [req-053aff8f] [receipt_api.Models.device_repository] SELECT device get_by_device_id: device_name_or_uuid='dev_886ed96c-c698-4696-ab06-666bfc0a2178'
2026-08-13 17:48:18.366 [INFO] [req-053aff8f] [receipt_api.Models.device_repository] SELECT device get_by_device_id matched by name: id=88721077-964a-4f26-83cf-c6e9503a5619 in 481.31ms
2026-08-13 17:48:18.366 [DEBUG] [req-053aff8f] [receipt_api.Auth.identity] Constant-time digest comparison PASS for device token (device_name='dev_886ed96c-c698-4696-ab06-666bfc0a2178')
2026-08-13 17:48:18.366 [INFO] [req-053aff8f] [receipt_api.Auth.identity] Identity resolved (mode=device): user_id=None, username=None, device_id=88721077-964a-4f26-83cf-c6e9503a5619, device_name=dev_886ed96c-c698-4696-ab06-666bfc0a2178
2026-08-13 17:48:18.366 [DEBUG] [req-053aff8f] [receipt_api.API.devices] Entering rotate_device_token_endpoint: device_name=dev_886ed96c-c698-4696-ab06-666bfc0a2178
2026-08-13 17:48:18.367 [DEBUG] [req-053aff8f] [receipt_api.Models.device_repository] UPDATE device rotate_device_token: device_name='dev_886ed96c-c698-4696-ab06-666bfc0a2178'
2026-08-13 17:48:18.367 [DEBUG] [req-053aff8f] [receipt_api.Models.device_repository] SELECT device get_by_device_id: device_name_or_uuid='dev_886ed96c-c698-4696-ab06-666bfc0a2178'
2026-08-13 17:48:18.395 [INFO] [req-053aff8f] [receipt_api.Models.device_repository] SELECT device get_by_device_id matched by name: id=88721077-964a-4f26-83cf-c6e9503a5619 in 28.17ms
2026-08-13 17:48:18.453 [INFO] [req-053aff8f] [receipt_api.Models.device_repository] UPDATE device rotate_device_token succeeded in 86.27ms
2026-08-13 17:48:18.453 [INFO] [req-053aff8f] [receipt_api.API.devices] Device token rotated successfully for device_name=dev_886ed96c-c698-4696-ab06-666bfc0a2178
2026-08-13 17:48:18.453 [INFO] [req-053aff8f] [receipt_api.HTTP] <-- 200 POST /api/v1/devices/rotate-token (1021.94ms)
2026-08-13 20:28:55.007 [INFO] [req-d8de11b3] [receipt_api.HTTP] --> POST /api/v1/user/login | Client: 127.0.0.1 | Dev: - | User: -
2026-08-13 20:28:55.017 [DEBUG] [req-d8de11b3] [receipt_api.Auth.rate_limiter] Rate limit key generated: '/api/v1/user/login:127.0.0.1' (identifier='127.0.0.1', path='/api/v1/user/login')
2026-08-13 20:28:55.017 [DEBUG] [req-d8de11b3] [receipt_api.Auth.rate_limiter] Rate limit threshold check for key '/api/v1/user/login:127.0.0.1': current bucket counter=0, threshold=10, window=60s
2026-08-13 20:28:55.017 [DEBUG] [req-d8de11b3] [receipt_api.Auth.rate_limiter] Rate limit check passed for key '/api/v1/user/login:127.0.0.1': updated bucket counter=1, remaining=9
2026-08-13 20:28:55.018 [DEBUG] [req-d8de11b3] [receipt_api.Infrastructure.database] Initializing Supabase async client for URL: https://asdumcyjkvzawoxupoxu.supabase.co
2026-08-13 20:28:55.331 [DEBUG] [req-d8de11b3] [receipt_api.Infrastructure.database] Supabase async client initialized successfully
2026-08-13 20:28:55.332 [DEBUG] [req-d8de11b3] [receipt_api.API.user] Entering login_user: identifier=testuser1
2026-08-13 20:28:55.332 [DEBUG] [req-d8de11b3] [receipt_api.Models.user_repository] SELECT user get_by_identifier: identifier='testuser1'
2026-08-13 20:28:55.332 [DEBUG] [req-d8de11b3] [receipt_api.Models.user_repository] SELECT user get_by_username: username='testuser1'
2026-08-13 20:28:56.431 [INFO] [req-d8de11b3] [receipt_api.Models.user_repository] SELECT user get_by_username finished: found=True in 1099.27ms
2026-08-13 20:28:56.498 [INFO] [req-d8de11b3] [receipt_api.API.user] User logged in successfully: user_id=35771208-5c83-4803-8a72-377673e150ec, username=testuser1
2026-08-13 20:28:56.499 [INFO] [req-d8de11b3] [receipt_api.HTTP] <-- 200 POST /api/v1/user/login (1492.43ms)
2026-08-13 20:28:56.593 [INFO] [req-2b4a5f5e] [receipt_api.HTTP] --> POST /api/v1/devices/link | Client: 127.0.0.1 | Dev: - | User: testuser1
2026-08-13 20:28:56.605 [DEBUG] [req-2b4a5f5e] [receipt_api.Auth.rate_limiter] Rate limit key generated: '/api/v1/devices/link:dev_886ed96c-c698-4696-ab06-666bfc0a2178' (identifier='dev_886ed96c-c698-4696-ab06-666bfc0a2178', path='/api/v1/devices/link')
2026-08-13 20:28:56.605 [DEBUG] [req-2b4a5f5e] [receipt_api.Auth.rate_limiter] Rate limit threshold check for key '/api/v1/devices/link:dev_886ed96c-c698-4696-ab06-666bfc0a2178': current bucket counter=0, threshold=10, window=60s
2026-08-13 20:28:56.606 [DEBUG] [req-2b4a5f5e] [receipt_api.Auth.rate_limiter] Rate limit check passed for key '/api/v1/devices/link:dev_886ed96c-c698-4696-ab06-666bfc0a2178': updated bucket counter=1, remaining=9
2026-08-13 20:28:56.606 [DEBUG] [req-2b4a5f5e] [receipt_api.Infrastructure.database] Initializing Supabase async client for URL: https://asdumcyjkvzawoxupoxu.supabase.co
2026-08-13 20:28:56.893 [DEBUG] [req-2b4a5f5e] [receipt_api.Infrastructure.database] Supabase async client initialized successfully
2026-08-13 20:28:56.894 [DEBUG] [req-2b4a5f5e] [receipt_api.Auth.identity] Parsing link bridge headers: X-Device-Name/X-Device-ID='dev_886ed96c-c698-4696-ab06-666bfc0a2178', X-Device-Token='[PRESENT]', X-User-Name/X-User-ID='testuser1', X-User-Token='[PRESENT]'
2026-08-13 20:28:56.894 [DEBUG] [req-2b4a5f5e] [receipt_api.Models.device_repository] SELECT device get_by_device_id: device_name_or_uuid='dev_886ed96c-c698-4696-ab06-666bfc0a2178'
2026-08-13 20:28:57.308 [INFO] [req-2b4a5f5e] [receipt_api.Models.device_repository] SELECT device get_by_device_id matched by name: id=88721077-964a-4f26-83cf-c6e9503a5619 in 413.85ms
2026-08-13 20:28:57.308 [DEBUG] [req-2b4a5f5e] [receipt_api.Auth.identity] Constant-time digest comparison PASS for link bridge device token (device_name='dev_886ed96c-c698-4696-ab06-666bfc0a2178')
2026-08-13 20:28:57.308 [DEBUG] [req-2b4a5f5e] [receipt_api.Models.user_repository] SELECT user get_by_identifier: identifier='testuser1'
2026-08-13 20:28:57.308 [DEBUG] [req-2b4a5f5e] [receipt_api.Models.user_repository] SELECT user get_by_username: username='testuser1'
2026-08-13 20:28:57.343 [INFO] [req-2b4a5f5e] [receipt_api.Models.user_repository] SELECT user get_by_username finished: found=True in 34.61ms
2026-08-13 20:28:57.404 [DEBUG] [req-2b4a5f5e] [receipt_api.Auth.identity] Constant-time digest comparison PASS for link bridge user token (username='testuser1')
2026-08-13 20:28:57.404 [INFO] [req-2b4a5f5e] [receipt_api.Auth.identity] Identity resolved (mode=user): user_id=35771208-5c83-4803-8a72-377673e150ec, username=testuser1, device_id=88721077-964a-4f26-83cf-c6e9503a5619, device_name=dev_886ed96c-c698-4696-ab06-666bfc0a2178
2026-08-13 20:28:57.405 [DEBUG] [req-2b4a5f5e] [receipt_api.API.devices] Entering link_device_user: device_name=dev_886ed96c-c698-4696-ab06-666bfc0a2178, target_username=testuser1, identity (device_name=dev_886ed96c-c698-4696-ab06-666bfc0a2178, user_id=35771208-5c83-4803-8a72-377673e150ec)
2026-08-13 20:28:57.405 [DEBUG] [req-2b4a5f5e] [receipt_api.Models.device_repository] SELECT device get_by_device_id: device_name_or_uuid='dev_886ed96c-c698-4696-ab06-666bfc0a2178'
2026-08-13 20:28:57.438 [INFO] [req-2b4a5f5e] [receipt_api.Models.device_repository] SELECT device get_by_device_id matched by name: id=88721077-964a-4f26-83cf-c6e9503a5619 in 32.94ms
2026-08-13 20:28:57.438 [DEBUG] [req-2b4a5f5e] [receipt_api.Models.device_repository] link_user_by_names: device_name='dev_886ed96c-c698-4696-ab06-666bfc0a2178', username=testuser1
2026-08-13 20:28:57.438 [DEBUG] [req-2b4a5f5e] [receipt_api.Models.device_repository] SELECT device get_by_device_id: device_name_or_uuid='dev_886ed96c-c698-4696-ab06-666bfc0a2178'
2026-08-13 20:28:57.475 [INFO] [req-2b4a5f5e] [receipt_api.Models.device_repository] SELECT device get_by_device_id matched by name: id=88721077-964a-4f26-83cf-c6e9503a5619 in 37.03ms
2026-08-13 20:28:57.475 [DEBUG] [req-2b4a5f5e] [receipt_api.Models.user_repository] SELECT user get_by_identifier: identifier='testuser1'
2026-08-13 20:28:57.476 [DEBUG] [req-2b4a5f5e] [receipt_api.Models.user_repository] SELECT user get_by_username: username='testuser1'
2026-08-13 20:28:57.501 [INFO] [req-2b4a5f5e] [receipt_api.Models.user_repository] SELECT user get_by_username finished: found=True in 25.97ms
2026-08-13 20:28:57.502 [DEBUG] [req-2b4a5f5e] [receipt_api.Models.device_repository] Calling RPC link_device_and_migrate_guest_data for device='dev_886ed96c-c698-4696-ab06-666bfc0a2178'
2026-08-13 20:28:57.547 [INFO] [req-2b4a5f5e] [receipt_api.Models.device_repository] Atomic guest migration RPC complete for device name=dev_886ed96c-c698-4696-ab06-666bfc0a2178: receipts=0 conversations=0
2026-08-13 20:28:57.547 [DEBUG] [req-2b4a5f5e] [receipt_api.Models.device_repository] SELECT device get_by_device_id: device_name_or_uuid='88721077-964a-4f26-83cf-c6e9503a5619'
2026-08-13 20:28:57.623 [INFO] [req-2b4a5f5e] [receipt_api.Models.device_repository] SELECT device get_by_device_id fallback UUID search finished: found=True in 75.75ms
2026-08-13 20:28:57.623 [INFO] [req-2b4a5f5e] [receipt_api.Models.device_repository] link_user_by_names RPC succeeded in 185.26ms
2026-08-13 20:28:57.623 [INFO] [req-2b4a5f5e] [receipt_api.API.devices] Device linked successfully: device_name=dev_886ed96c-c698-4696-ab06-666bfc0a2178, username=testuser1
2026-08-13 20:28:57.624 [INFO] [req-2b4a5f5e] [receipt_api.HTTP] <-- 200 POST /api/v1/devices/link (1031.24ms)
2026-08-13 20:28:57.684 [INFO] [req-4672e973] [receipt_api.HTTP] --> GET /api/v1/receipts/ | Client: 127.0.0.1 | Dev: - | User: testuser1
2026-08-13 20:28:57.684 [DEBUG] [req-4672e973] [receipt_api.Auth.rate_limiter] Rate limit key generated: '/api/v1/receipts/:127.0.0.1' (identifier='127.0.0.1', path='/api/v1/receipts/')
2026-08-13 20:28:57.685 [DEBUG] [req-4672e973] [receipt_api.Auth.rate_limiter] Rate limit threshold check for key '/api/v1/receipts/:127.0.0.1': current bucket counter=0, threshold=60, window=60s
2026-08-13 20:28:57.685 [DEBUG] [req-4672e973] [receipt_api.Auth.rate_limiter] Rate limit check passed for key '/api/v1/receipts/:127.0.0.1': updated bucket counter=1, remaining=59
2026-08-13 20:28:57.685 [DEBUG] [req-4672e973] [receipt_api.Infrastructure.database] Initializing Supabase async client for URL: https://asdumcyjkvzawoxupoxu.supabase.co
2026-08-13 20:28:57.977 [DEBUG] [req-4672e973] [receipt_api.Infrastructure.database] Supabase async client initialized successfully
2026-08-13 20:28:57.977 [DEBUG] [req-4672e973] [receipt_api.Auth.identity] Parsing user headers: X-User-Name/X-User-ID='testuser1', X-User-Token='[PRESENT]'
2026-08-13 20:28:57.977 [DEBUG] [req-4672e973] [receipt_api.Models.user_repository] SELECT user get_by_identifier: identifier='testuser1'
2026-08-13 20:28:57.978 [DEBUG] [req-4672e973] [receipt_api.Models.user_repository] SELECT user get_by_username: username='testuser1'
2026-08-13 20:28:58.357 [INFO] [req-4672e973] [receipt_api.Models.user_repository] SELECT user get_by_username finished: found=True in 378.98ms
2026-08-13 20:28:58.421 [DEBUG] [req-4672e973] [receipt_api.Auth.identity] Constant-time digest comparison PASS for user token (username='testuser1')
2026-08-13 20:28:58.421 [INFO] [req-4672e973] [receipt_api.Auth.identity] Identity resolved (mode=user): user_id=35771208-5c83-4803-8a72-377673e150ec, username=testuser1
2026-08-13 20:28:58.426 [ERROR] [req-4672e973] [receipt_api.HTTP] ❌ EXCEPTION GET /api/v1/receipts/ (738.39ms): 'Identity' object has no attribute 'user_name'
Traceback (most recent call last):
  File "C:\mobile-development\receipt_logging_backend\main.py", line 70, in request_trace_logging_middleware
    response = await call_next(request)
               ^^^^^^^^^^^^^^^^^^^^^^^^
  File "C:\mobile-development\receipt_logging_backend\.venv\Lib\site-packages\starlette\middleware\base.py", line 168, in call_next
    raise app_exc from app_exc.__cause__ or app_exc.__context__
  File "C:\mobile-development\receipt_logging_backend\.venv\Lib\site-packages\starlette\middleware\base.py", line 144, in coro
    await self.app(scope, receive_or_disconnect, send_no_error)
  File "C:\mobile-development\receipt_logging_backend\.venv\Lib\site-packages\starlette\middleware\exceptions.py", line 63, in __call__
    await wrap_app_handling_exceptions(self.app, conn)(scope, receive, send)
  File "C:\mobile-development\receipt_logging_backend\.venv\Lib\site-packages\starlette\_exception_handler.py", line 53, in wrapped_app
    raise exc
  File "C:\mobile-development\receipt_logging_backend\.venv\Lib\site-packages\starlette\_exception_handler.py", line 42, in wrapped_app
    await app(scope, receive, sender)
  File "C:\mobile-development\receipt_logging_backend\.venv\Lib\site-packages\fastapi\middleware\asyncexitstack.py", line 18, in __call__
    await self.app(scope, receive, send)
  File "C:\mobile-development\receipt_logging_backend\.venv\Lib\site-packages\starlette\routing.py", line 660, in __call__
    await self.middleware_stack(scope, receive, send)
  File "C:\mobile-development\receipt_logging_backend\.venv\Lib\site-packages\fastapi\routing.py", line 2734, in app
    await route.handle(scope, receive, send)
  File "C:\mobile-development\receipt_logging_backend\.venv\Lib\site-packages\fastapi\routing.py", line 1780, in handle
    await self.original_router.handle(scope, receive, send)
  File "C:\mobile-development\receipt_logging_backend\.venv\Lib\site-packages\fastapi\routing.py", line 2789, in handle
    await included_router._handle_selected(scope, receive, send)
  File "C:\mobile-development\receipt_logging_backend\.venv\Lib\site-packages\fastapi\routing.py", line 1800, in _handle_selected
    await original_route.handle(scope, receive, send)
  File "C:\mobile-development\receipt_logging_backend\.venv\Lib\site-packages\fastapi\routing.py", line 1279, in handle
    await app(scope, receive, send)
  File "C:\mobile-development\receipt_logging_backend\.venv\Lib\site-packages\fastapi\routing.py", line 158, in app
    await wrap_app_handling_exceptions(app, request)(scope, receive, send)
  File "C:\mobile-development\receipt_logging_backend\.venv\Lib\site-packages\starlette\_exception_handler.py", line 53, in wrapped_app
    raise exc
  File "C:\mobile-development\receipt_logging_backend\.venv\Lib\site-packages\starlette\_exception_handler.py", line 42, in wrapped_app
    await app(scope, receive, sender)
  File "C:\mobile-development\receipt_logging_backend\.venv\Lib\site-packages\fastapi\routing.py", line 144, in app
    response = await f(request)
               ^^^^^^^^^^^^^^^^
  File "C:\mobile-development\receipt_logging_backend\.venv\Lib\site-packages\fastapi\routing.py", line 706, in app
    raw_response = await run_endpoint_function(
                   ^^^^^^^^^^^^^^^^^^^^^^^^^^^^
    ...<3 lines>...
    )
    ^
  File "C:\mobile-development\receipt_logging_backend\.venv\Lib\site-packages\fastapi\routing.py", line 352, in run_endpoint_function
    return await dependant.call(**values)
           ^^^^^^^^^^^^^^^^^^^^^^^^^^^^^^
  File "C:\mobile-development\receipt_logging_backend\src\API\v1\receipts.py", line 49, in list_receipts
    identity.user_name,
    ^^^^^^^^^^^^^^^^^^
  File "C:\mobile-development\receipt_logging_backend\.venv\Lib\site-packages\pydantic\main.py", line 1042, in __getattr__
    raise AttributeError(f'{type(self).__name__!r} object has no attribute {item!r}')
AttributeError: 'Identity' object has no attribute 'user_name'. Did you mean: 'username'?

2026-08-13 20:31:27.010 [INFO] [req-0f681a09] [receipt_api.HTTP] --> POST /api/v1/devices/register | Client: 127.0.0.1 | Dev: - | User: -
2026-08-13 20:31:27.011 [DEBUG] [req-0f681a09] [receipt_api.Auth.rate_limiter] Rate limit key generated: '/api/v1/devices/register:127.0.0.1' (identifier='127.0.0.1', path='/api/v1/devices/register')
2026-08-13 20:31:27.011 [DEBUG] [req-0f681a09] [receipt_api.Auth.rate_limiter] Rate limit threshold check for key '/api/v1/devices/register:127.0.0.1': current bucket counter=0, threshold=10, window=60s
2026-08-13 20:31:27.011 [DEBUG] [req-0f681a09] [receipt_api.Auth.rate_limiter] Rate limit check passed for key '/api/v1/devices/register:127.0.0.1': updated bucket counter=1, remaining=9
2026-08-13 20:31:27.012 [DEBUG] [req-0f681a09] [receipt_api.Infrastructure.database] Initializing Supabase async client for URL: https://asdumcyjkvzawoxupoxu.supabase.co
2026-08-13 20:31:27.291 [DEBUG] [req-0f681a09] [receipt_api.Infrastructure.database] Supabase async client initialized successfully
2026-08-13 20:31:27.295 [ERROR] [req-0f681a09] [receipt_api.HTTP] ❌ EXCEPTION POST /api/v1/devices/register (281.90ms): 'DeviceRegisterRequest' object has no attribute 'brand'
Traceback (most recent call last):
  File "C:\mobile-development\receipt_logging_backend\main.py", line 70, in request_trace_logging_middleware
    response = await call_next(request)
               ^^^^^^^^^^^^^^^^^^^^^^^^
  File "C:\mobile-development\receipt_logging_backend\.venv\Lib\site-packages\starlette\middleware\base.py", line 168, in call_next
    raise app_exc from app_exc.__cause__ or app_exc.__context__
  File "C:\mobile-development\receipt_logging_backend\.venv\Lib\site-packages\starlette\middleware\base.py", line 144, in coro
    await self.app(scope, receive_or_disconnect, send_no_error)
  File "C:\mobile-development\receipt_logging_backend\.venv\Lib\site-packages\starlette\middleware\exceptions.py", line 63, in __call__
    await wrap_app_handling_exceptions(self.app, conn)(scope, receive, send)
  File "C:\mobile-development\receipt_logging_backend\.venv\Lib\site-packages\starlette\_exception_handler.py", line 53, in wrapped_app
    raise exc
  File "C:\mobile-development\receipt_logging_backend\.venv\Lib\site-packages\starlette\_exception_handler.py", line 42, in wrapped_app
    await app(scope, receive, sender)
  File "C:\mobile-development\receipt_logging_backend\.venv\Lib\site-packages\fastapi\middleware\asyncexitstack.py", line 18, in __call__
    await self.app(scope, receive, send)
  File "C:\mobile-development\receipt_logging_backend\.venv\Lib\site-packages\starlette\routing.py", line 660, in __call__
    await self.middleware_stack(scope, receive, send)
  File "C:\mobile-development\receipt_logging_backend\.venv\Lib\site-packages\fastapi\routing.py", line 2734, in app
    await route.handle(scope, receive, send)
  File "C:\mobile-development\receipt_logging_backend\.venv\Lib\site-packages\fastapi\routing.py", line 1780, in handle
    await self.original_router.handle(scope, receive, send)
  File "C:\mobile-development\receipt_logging_backend\.venv\Lib\site-packages\fastapi\routing.py", line 2789, in handle
    await included_router._handle_selected(scope, receive, send)
  File "C:\mobile-development\receipt_logging_backend\.venv\Lib\site-packages\fastapi\routing.py", line 1800, in _handle_selected
    await original_route.handle(scope, receive, send)
  File "C:\mobile-development\receipt_logging_backend\.venv\Lib\site-packages\fastapi\routing.py", line 1279, in handle
    await app(scope, receive, send)
  File "C:\mobile-development\receipt_logging_backend\.venv\Lib\site-packages\fastapi\routing.py", line 158, in app
    await wrap_app_handling_exceptions(app, request)(scope, receive, send)
  File "C:\mobile-development\receipt_logging_backend\.venv\Lib\site-packages\starlette\_exception_handler.py", line 53, in wrapped_app
    raise exc
  File "C:\mobile-development\receipt_logging_backend\.venv\Lib\site-packages\starlette\_exception_handler.py", line 42, in wrapped_app
    await app(scope, receive, sender)
  File "C:\mobile-development\receipt_logging_backend\.venv\Lib\site-packages\fastapi\routing.py", line 144, in app
    response = await f(request)
               ^^^^^^^^^^^^^^^^
  File "C:\mobile-development\receipt_logging_backend\.venv\Lib\site-packages\fastapi\routing.py", line 706, in app
    raw_response = await run_endpoint_function(
                   ^^^^^^^^^^^^^^^^^^^^^^^^^^^^
    ...<3 lines>...
    )
    ^
  File "C:\mobile-development\receipt_logging_backend\.venv\Lib\site-packages\fastapi\routing.py", line 352, in run_endpoint_function
    return await dependant.call(**values)
           ^^^^^^^^^^^^^^^^^^^^^^^^^^^^^^
  File "C:\mobile-development\receipt_logging_backend\src\API\v1\devices.py", line 39, in register_device
    logger.debug("Entering register_device: device_name=%s, brand=%s, model=%s", body.device_name, body.brand, body.model)
                                                                                                   ^^^^^^^^^^
  File "C:\mobile-development\receipt_logging_backend\.venv\Lib\site-packages\pydantic\main.py", line 1042, in __getattr__
    raise AttributeError(f'{type(self).__name__!r} object has no attribute {item!r}')
AttributeError: 'DeviceRegisterRequest' object has no attribute 'brand'

2026-08-13 20:31:27.395 [INFO] [req-0bfb1ddf] [receipt_api.HTTP] --> GET /api/v1/receipts/ | Client: 127.0.0.1 | Dev: - | User: testuser1
2026-08-13 20:31:27.396 [DEBUG] [req-0bfb1ddf] [receipt_api.Auth.rate_limiter] Rate limit key generated: '/api/v1/receipts/:127.0.0.1' (identifier='127.0.0.1', path='/api/v1/receipts/')
2026-08-13 20:31:27.396 [DEBUG] [req-0bfb1ddf] [receipt_api.Auth.rate_limiter] Rate limit threshold check for key '/api/v1/receipts/:127.0.0.1': current bucket counter=0, threshold=60, window=60s
2026-08-13 20:31:27.396 [DEBUG] [req-0bfb1ddf] [receipt_api.Auth.rate_limiter] Rate limit check passed for key '/api/v1/receipts/:127.0.0.1': updated bucket counter=1, remaining=59
2026-08-13 20:31:27.396 [DEBUG] [req-0bfb1ddf] [receipt_api.Infrastructure.database] Initializing Supabase async client for URL: https://asdumcyjkvzawoxupoxu.supabase.co
2026-08-13 20:31:27.676 [DEBUG] [req-0bfb1ddf] [receipt_api.Infrastructure.database] Supabase async client initialized successfully
2026-08-13 20:31:27.676 [DEBUG] [req-0bfb1ddf] [receipt_api.Auth.identity] Parsing user headers: X-User-Name/X-User-ID='testuser1', X-User-Token='[PRESENT]'
2026-08-13 20:31:27.676 [DEBUG] [req-0bfb1ddf] [receipt_api.Models.user_repository] SELECT user get_by_identifier: identifier='testuser1'
2026-08-13 20:31:27.677 [DEBUG] [req-0bfb1ddf] [receipt_api.Models.user_repository] SELECT user get_by_username: username='testuser1'
2026-08-13 20:31:28.265 [INFO] [req-0bfb1ddf] [receipt_api.Models.user_repository] SELECT user get_by_username finished: found=True in 588.65ms
2026-08-13 20:31:28.325 [DEBUG] [req-0bfb1ddf] [receipt_api.Auth.identity] Constant-time digest comparison PASS for user token (username='testuser1')
2026-08-13 20:31:28.326 [INFO] [req-0bfb1ddf] [receipt_api.Auth.identity] Identity resolved (mode=user): user_id=35771208-5c83-4803-8a72-377673e150ec, username=testuser1
2026-08-13 20:31:28.328 [ERROR] [req-0bfb1ddf] [receipt_api.HTTP] ❌ EXCEPTION GET /api/v1/receipts/ (930.70ms): 'Identity' object has no attribute 'user_name'
Traceback (most recent call last):
  File "C:\mobile-development\receipt_logging_backend\main.py", line 70, in request_trace_logging_middleware
    response = await call_next(request)
               ^^^^^^^^^^^^^^^^^^^^^^^^
  File "C:\mobile-development\receipt_logging_backend\.venv\Lib\site-packages\starlette\middleware\base.py", line 168, in call_next
    raise app_exc from app_exc.__cause__ or app_exc.__context__
  File "C:\mobile-development\receipt_logging_backend\.venv\Lib\site-packages\starlette\middleware\base.py", line 144, in coro
    await self.app(scope, receive_or_disconnect, send_no_error)
  File "C:\mobile-development\receipt_logging_backend\.venv\Lib\site-packages\starlette\middleware\exceptions.py", line 63, in __call__
    await wrap_app_handling_exceptions(self.app, conn)(scope, receive, send)
  File "C:\mobile-development\receipt_logging_backend\.venv\Lib\site-packages\starlette\_exception_handler.py", line 53, in wrapped_app
    raise exc
  File "C:\mobile-development\receipt_logging_backend\.venv\Lib\site-packages\starlette\_exception_handler.py", line 42, in wrapped_app
    await app(scope, receive, sender)
  File "C:\mobile-development\receipt_logging_backend\.venv\Lib\site-packages\fastapi\middleware\asyncexitstack.py", line 18, in __call__
    await self.app(scope, receive, send)
  File "C:\mobile-development\receipt_logging_backend\.venv\Lib\site-packages\starlette\routing.py", line 660, in __call__
    await self.middleware_stack(scope, receive, send)
  File "C:\mobile-development\receipt_logging_backend\.venv\Lib\site-packages\fastapi\routing.py", line 2734, in app
    await route.handle(scope, receive, send)
  File "C:\mobile-development\receipt_logging_backend\.venv\Lib\site-packages\fastapi\routing.py", line 1780, in handle
    await self.original_router.handle(scope, receive, send)
  File "C:\mobile-development\receipt_logging_backend\.venv\Lib\site-packages\fastapi\routing.py", line 2789, in handle
    await included_router._handle_selected(scope, receive, send)
  File "C:\mobile-development\receipt_logging_backend\.venv\Lib\site-packages\fastapi\routing.py", line 1800, in _handle_selected
    await original_route.handle(scope, receive, send)
  File "C:\mobile-development\receipt_logging_backend\.venv\Lib\site-packages\fastapi\routing.py", line 1279, in handle
    await app(scope, receive, send)
  File "C:\mobile-development\receipt_logging_backend\.venv\Lib\site-packages\fastapi\routing.py", line 158, in app
    await wrap_app_handling_exceptions(app, request)(scope, receive, send)
  File "C:\mobile-development\receipt_logging_backend\.venv\Lib\site-packages\starlette\_exception_handler.py", line 53, in wrapped_app
    raise exc
  File "C:\mobile-development\receipt_logging_backend\.venv\Lib\site-packages\starlette\_exception_handler.py", line 42, in wrapped_app
    await app(scope, receive, sender)
  File "C:\mobile-development\receipt_logging_backend\.venv\Lib\site-packages\fastapi\routing.py", line 144, in app
    response = await f(request)
               ^^^^^^^^^^^^^^^^
  File "C:\mobile-development\receipt_logging_backend\.venv\Lib\site-packages\fastapi\routing.py", line 706, in app
    raw_response = await run_endpoint_function(
                   ^^^^^^^^^^^^^^^^^^^^^^^^^^^^
    ...<3 lines>...
    )
    ^
  File "C:\mobile-development\receipt_logging_backend\.venv\Lib\site-packages\fastapi\routing.py", line 352, in run_endpoint_function
    return await dependant.call(**values)
           ^^^^^^^^^^^^^^^^^^^^^^^^^^^^^^
  File "C:\mobile-development\receipt_logging_backend\src\API\v1\receipts.py", line 49, in list_receipts
    identity.user_name,
    ^^^^^^^^^^^^^^^^^^
  File "C:\mobile-development\receipt_logging_backend\.venv\Lib\site-packages\pydantic\main.py", line 1042, in __getattr__
    raise AttributeError(f'{type(self).__name__!r} object has no attribute {item!r}')
AttributeError: 'Identity' object has no attribute 'user_name'. Did you mean: 'username'?

2026-08-13 20:32:57.886 [INFO] [-] [receipt_api.HTTP] Shutting down Receipt API
2026-08-13 20:33:12.885 [INFO] [-] [receipt_api.HTTP] Starting Receipt API in development mode (Logging: True)
2026-08-13 20:33:20.556 [INFO] [req-3ddb26bc] [receipt_api.HTTP] --> POST /api/v1/devices/link | Client: 127.0.0.1 | Dev: - | User: -
2026-08-13 20:33:20.592 [DEBUG] [req-3ddb26bc] [receipt_api.Auth.rate_limiter] Rate limit key generated: '/api/v1/devices/link:dev_886ed96c-c698-4696-ab06-666bfc0a2178' (identifier='dev_886ed96c-c698-4696-ab06-666bfc0a2178', path='/api/v1/devices/link')
2026-08-13 20:33:20.593 [DEBUG] [req-3ddb26bc] [receipt_api.Auth.rate_limiter] Rate limit threshold check for key '/api/v1/devices/link:dev_886ed96c-c698-4696-ab06-666bfc0a2178': current bucket counter=0, threshold=10, window=60s
2026-08-13 20:33:20.593 [DEBUG] [req-3ddb26bc] [receipt_api.Auth.rate_limiter] Rate limit check passed for key '/api/v1/devices/link:dev_886ed96c-c698-4696-ab06-666bfc0a2178': updated bucket counter=1, remaining=9
2026-08-13 20:33:20.593 [DEBUG] [req-3ddb26bc] [receipt_api.Infrastructure.database] Initializing Supabase async client for URL: https://asdumcyjkvzawoxupoxu.supabase.co
2026-08-13 20:33:20.852 [DEBUG] [req-3ddb26bc] [receipt_api.Infrastructure.database] Supabase async client initialized successfully
2026-08-13 20:33:20.852 [DEBUG] [req-3ddb26bc] [receipt_api.Auth.identity] Parsing link bridge headers: X-Device-Name/X-Device-ID='dev_886ed96c-c698-4696-ab06-666bfc0a2178', X-Device-Token='[PRESENT]', X-User-Name/X-User-ID='None', X-User-Token='[NONE]'
2026-08-13 20:33:20.853 [DEBUG] [req-3ddb26bc] [receipt_api.Models.device_repository] SELECT device get_by_device_id: device_name_or_uuid='dev_886ed96c-c698-4696-ab06-666bfc0a2178'
2026-08-13 20:33:21.396 [INFO] [req-3ddb26bc] [receipt_api.Models.device_repository] SELECT device get_by_device_id matched by name: id=88721077-964a-4f26-83cf-c6e9503a5619 in 543.20ms
2026-08-13 20:33:21.396 [DEBUG] [req-3ddb26bc] [receipt_api.Auth.identity] Constant-time digest comparison PASS for link bridge device token (device_name='dev_886ed96c-c698-4696-ab06-666bfc0a2178')
2026-08-13 20:33:21.396 [INFO] [req-3ddb26bc] [receipt_api.Auth.identity] Identity resolved (mode=user): user_id=35771208-5c83-4803-8a72-377673e150ec, username=None, device_id=88721077-964a-4f26-83cf-c6e9503a5619, device_name=dev_886ed96c-c698-4696-ab06-666bfc0a2178
2026-08-13 20:33:21.397 [DEBUG] [req-3ddb26bc] [receipt_api.API.devices] Entering link_device_user: device_name=dev_886ed96c-c698-4696-ab06-666bfc0a2178, target_username=None, identity (device_name=dev_886ed96c-c698-4696-ab06-666bfc0a2178, user_id=35771208-5c83-4803-8a72-377673e150ec)
2026-08-13 20:33:21.397 [DEBUG] [req-3ddb26bc] [receipt_api.Models.device_repository] SELECT device get_by_device_id: device_name_or_uuid='dev_886ed96c-c698-4696-ab06-666bfc0a2178'
2026-08-13 20:33:21.433 [INFO] [req-3ddb26bc] [receipt_api.Models.device_repository] SELECT device get_by_device_id matched by name: id=88721077-964a-4f26-83cf-c6e9503a5619 in 36.39ms
2026-08-13 20:33:21.433 [DEBUG] [req-3ddb26bc] [receipt_api.Models.device_repository] link_user_by_names: device_name='dev_886ed96c-c698-4696-ab06-666bfc0a2178', username=None
2026-08-13 20:33:21.434 [DEBUG] [req-3ddb26bc] [receipt_api.Models.device_repository] SELECT device get_by_device_id: device_name_or_uuid='dev_886ed96c-c698-4696-ab06-666bfc0a2178'
2026-08-13 20:33:21.486 [INFO] [req-3ddb26bc] [receipt_api.Models.device_repository] SELECT device get_by_device_id matched by name: id=88721077-964a-4f26-83cf-c6e9503a5619 in 51.98ms
2026-08-13 20:33:21.552 [INFO] [req-3ddb26bc] [receipt_api.Models.device_repository] link_user_by_names completed fallback update in 118.44ms
2026-08-13 20:33:21.552 [INFO] [req-3ddb26bc] [receipt_api.API.devices] Device linked successfully: device_name=dev_886ed96c-c698-4696-ab06-666bfc0a2178, username=None
2026-08-13 20:33:21.552 [INFO] [req-3ddb26bc] [receipt_api.HTTP] <-- 200 POST /api/v1/devices/link (996.93ms)
2026-08-13 20:33:21.592 [INFO] [req-87f914c9] [receipt_api.HTTP] --> POST /api/v1/devices/rotate-token | Client: 127.0.0.1 | Dev: - | User: -
2026-08-13 20:33:21.594 [DEBUG] [req-87f914c9] [receipt_api.Auth.rate_limiter] Rate limit key generated: '/api/v1/devices/rotate-token:dev_886ed96c-c698-4696-ab06-666bfc0a2178' (identifier='dev_886ed96c-c698-4696-ab06-666bfc0a2178', path='/api/v1/devices/rotate-token')
2026-08-13 20:33:21.594 [DEBUG] [req-87f914c9] [receipt_api.Auth.rate_limiter] Rate limit threshold check for key '/api/v1/devices/rotate-token:dev_886ed96c-c698-4696-ab06-666bfc0a2178': current bucket counter=0, threshold=10, window=60s
2026-08-13 20:33:21.594 [DEBUG] [req-87f914c9] [receipt_api.Auth.rate_limiter] Rate limit check passed for key '/api/v1/devices/rotate-token:dev_886ed96c-c698-4696-ab06-666bfc0a2178': updated bucket counter=1, remaining=9
2026-08-13 20:33:21.595 [DEBUG] [req-87f914c9] [receipt_api.Infrastructure.database] Initializing Supabase async client for URL: https://asdumcyjkvzawoxupoxu.supabase.co
2026-08-13 20:33:21.880 [DEBUG] [req-87f914c9] [receipt_api.Infrastructure.database] Supabase async client initialized successfully
2026-08-13 20:33:21.881 [DEBUG] [req-87f914c9] [receipt_api.Auth.identity] Parsing device headers: X-Device-Name/X-Device-ID='dev_886ed96c-c698-4696-ab06-666bfc0a2178', X-Device-Token='[PRESENT]'
2026-08-13 20:33:21.881 [DEBUG] [req-87f914c9] [receipt_api.Models.device_repository] SELECT device get_by_device_id: device_name_or_uuid='dev_886ed96c-c698-4696-ab06-666bfc0a2178'
2026-08-13 20:33:22.234 [INFO] [req-87f914c9] [receipt_api.Models.device_repository] SELECT device get_by_device_id matched by name: id=88721077-964a-4f26-83cf-c6e9503a5619 in 353.39ms
2026-08-13 20:33:22.234 [DEBUG] [req-87f914c9] [receipt_api.Auth.identity] Constant-time digest comparison PASS for device token (device_name='dev_886ed96c-c698-4696-ab06-666bfc0a2178')
2026-08-13 20:33:22.235 [INFO] [req-87f914c9] [receipt_api.Auth.identity] Identity resolved (mode=device): user_id=None, username=None, device_id=88721077-964a-4f26-83cf-c6e9503a5619, device_name=dev_886ed96c-c698-4696-ab06-666bfc0a2178
2026-08-13 20:33:22.235 [DEBUG] [req-87f914c9] [receipt_api.API.devices] Entering rotate_device_token_endpoint: device_name=dev_886ed96c-c698-4696-ab06-666bfc0a2178
2026-08-13 20:33:22.235 [DEBUG] [req-87f914c9] [receipt_api.Models.device_repository] UPDATE device rotate_device_token: device_name='dev_886ed96c-c698-4696-ab06-666bfc0a2178'
2026-08-13 20:33:22.235 [DEBUG] [req-87f914c9] [receipt_api.Models.device_repository] SELECT device get_by_device_id: device_name_or_uuid='dev_886ed96c-c698-4696-ab06-666bfc0a2178'
2026-08-13 20:33:22.274 [INFO] [req-87f914c9] [receipt_api.Models.device_repository] SELECT device get_by_device_id matched by name: id=88721077-964a-4f26-83cf-c6e9503a5619 in 39.46ms
2026-08-13 20:33:22.306 [INFO] [req-87f914c9] [receipt_api.Models.device_repository] UPDATE device rotate_device_token succeeded in 70.68ms
2026-08-13 20:33:22.306 [INFO] [req-87f914c9] [receipt_api.API.devices] Device token rotated successfully for device_name=dev_886ed96c-c698-4696-ab06-666bfc0a2178
2026-08-13 20:33:22.306 [INFO] [req-87f914c9] [receipt_api.HTTP] <-- 200 POST /api/v1/devices/rotate-token (713.78ms)
2026-08-13 20:33:33.651 [INFO] [req-5c829fbb] [receipt_api.HTTP] --> POST /api/v1/user/login | Client: 127.0.0.1 | Dev: - | User: -
2026-08-13 20:33:33.673 [DEBUG] [req-5c829fbb] [receipt_api.Auth.rate_limiter] Rate limit key generated: '/api/v1/user/login:127.0.0.1' (identifier='127.0.0.1', path='/api/v1/user/login')
2026-08-13 20:33:33.673 [DEBUG] [req-5c829fbb] [receipt_api.Auth.rate_limiter] Rate limit threshold check for key '/api/v1/user/login:127.0.0.1': current bucket counter=0, threshold=10, window=60s
2026-08-13 20:33:33.674 [DEBUG] [req-5c829fbb] [receipt_api.Auth.rate_limiter] Rate limit check passed for key '/api/v1/user/login:127.0.0.1': updated bucket counter=1, remaining=9
2026-08-13 20:33:33.674 [DEBUG] [req-5c829fbb] [receipt_api.Infrastructure.database] Initializing Supabase async client for URL: https://asdumcyjkvzawoxupoxu.supabase.co
2026-08-13 20:33:33.980 [DEBUG] [req-5c829fbb] [receipt_api.Infrastructure.database] Supabase async client initialized successfully
2026-08-13 20:33:33.980 [DEBUG] [req-5c829fbb] [receipt_api.API.user] Entering login_user: identifier=testuser1
2026-08-13 20:33:33.980 [DEBUG] [req-5c829fbb] [receipt_api.Models.user_repository] SELECT user get_by_identifier: identifier='testuser1'
2026-08-13 20:33:33.980 [DEBUG] [req-5c829fbb] [receipt_api.Models.user_repository] SELECT user get_by_username: username='testuser1'
2026-08-13 20:33:34.337 [INFO] [req-5c829fbb] [receipt_api.Models.user_repository] SELECT user get_by_username finished: found=True in 356.71ms
2026-08-13 20:33:34.397 [INFO] [req-5c829fbb] [receipt_api.API.user] User logged in successfully: user_id=35771208-5c83-4803-8a72-377673e150ec, username=testuser1
2026-08-13 20:33:34.397 [INFO] [req-5c829fbb] [receipt_api.HTTP] <-- 200 POST /api/v1/user/login (745.99ms)
2026-08-13 20:33:34.432 [INFO] [req-555f1bbf] [receipt_api.HTTP] --> POST /api/v1/devices/link | Client: 127.0.0.1 | Dev: - | User: testuser1
2026-08-13 20:33:34.433 [DEBUG] [req-555f1bbf] [receipt_api.Auth.rate_limiter] Rate limit key generated: '/api/v1/devices/link:dev_886ed96c-c698-4696-ab06-666bfc0a2178' (identifier='dev_886ed96c-c698-4696-ab06-666bfc0a2178', path='/api/v1/devices/link')
2026-08-13 20:33:34.433 [DEBUG] [req-555f1bbf] [receipt_api.Auth.rate_limiter] Rate limit threshold check for key '/api/v1/devices/link:dev_886ed96c-c698-4696-ab06-666bfc0a2178': current bucket counter=1, threshold=10, window=60s
2026-08-13 20:33:34.433 [DEBUG] [req-555f1bbf] [receipt_api.Auth.rate_limiter] Rate limit check passed for key '/api/v1/devices/link:dev_886ed96c-c698-4696-ab06-666bfc0a2178': updated bucket counter=2, remaining=8
2026-08-13 20:33:34.433 [DEBUG] [req-555f1bbf] [receipt_api.Infrastructure.database] Initializing Supabase async client for URL: https://asdumcyjkvzawoxupoxu.supabase.co
2026-08-13 20:33:34.703 [DEBUG] [req-555f1bbf] [receipt_api.Infrastructure.database] Supabase async client initialized successfully
2026-08-13 20:33:34.704 [DEBUG] [req-555f1bbf] [receipt_api.Auth.identity] Parsing link bridge headers: X-Device-Name/X-Device-ID='dev_886ed96c-c698-4696-ab06-666bfc0a2178', X-Device-Token='[PRESENT]', X-User-Name/X-User-ID='testuser1', X-User-Token='[PRESENT]'
2026-08-13 20:33:34.704 [DEBUG] [req-555f1bbf] [receipt_api.Models.device_repository] SELECT device get_by_device_id: device_name_or_uuid='dev_886ed96c-c698-4696-ab06-666bfc0a2178'
2026-08-13 20:33:35.053 [INFO] [req-555f1bbf] [receipt_api.Models.device_repository] SELECT device get_by_device_id matched by name: id=88721077-964a-4f26-83cf-c6e9503a5619 in 349.17ms
2026-08-13 20:33:35.053 [DEBUG] [req-555f1bbf] [receipt_api.Auth.identity] Constant-time digest comparison PASS for link bridge device token (device_name='dev_886ed96c-c698-4696-ab06-666bfc0a2178')
2026-08-13 20:33:35.053 [DEBUG] [req-555f1bbf] [receipt_api.Models.user_repository] SELECT user get_by_identifier: identifier='testuser1'
2026-08-13 20:33:35.054 [DEBUG] [req-555f1bbf] [receipt_api.Models.user_repository] SELECT user get_by_username: username='testuser1'
2026-08-13 20:33:35.092 [INFO] [req-555f1bbf] [receipt_api.Models.user_repository] SELECT user get_by_username finished: found=True in 38.29ms
2026-08-13 20:33:35.165 [DEBUG] [req-555f1bbf] [receipt_api.Auth.identity] Constant-time digest comparison PASS for link bridge user token (username='testuser1')
2026-08-13 20:33:35.165 [INFO] [req-555f1bbf] [receipt_api.Auth.identity] Identity resolved (mode=user): user_id=35771208-5c83-4803-8a72-377673e150ec, username=testuser1, device_id=88721077-964a-4f26-83cf-c6e9503a5619, device_name=dev_886ed96c-c698-4696-ab06-666bfc0a2178
2026-08-13 20:33:35.166 [DEBUG] [req-555f1bbf] [receipt_api.API.devices] Entering link_device_user: device_name=dev_886ed96c-c698-4696-ab06-666bfc0a2178, target_username=testuser1, identity (device_name=dev_886ed96c-c698-4696-ab06-666bfc0a2178, user_id=35771208-5c83-4803-8a72-377673e150ec)
2026-08-13 20:33:35.166 [DEBUG] [req-555f1bbf] [receipt_api.Models.device_repository] SELECT device get_by_device_id: device_name_or_uuid='dev_886ed96c-c698-4696-ab06-666bfc0a2178'
2026-08-13 20:33:35.196 [INFO] [req-555f1bbf] [receipt_api.Models.device_repository] SELECT device get_by_device_id matched by name: id=88721077-964a-4f26-83cf-c6e9503a5619 in 30.48ms
2026-08-13 20:33:35.197 [DEBUG] [req-555f1bbf] [receipt_api.Models.device_repository] link_user_by_names: device_name='dev_886ed96c-c698-4696-ab06-666bfc0a2178', username=testuser1
2026-08-13 20:33:35.197 [DEBUG] [req-555f1bbf] [receipt_api.Models.device_repository] SELECT device get_by_device_id: device_name_or_uuid='dev_886ed96c-c698-4696-ab06-666bfc0a2178'
2026-08-13 20:33:35.237 [INFO] [req-555f1bbf] [receipt_api.Models.device_repository] SELECT device get_by_device_id matched by name: id=88721077-964a-4f26-83cf-c6e9503a5619 in 39.89ms
2026-08-13 20:33:35.237 [DEBUG] [req-555f1bbf] [receipt_api.Models.user_repository] SELECT user get_by_identifier: identifier='testuser1'
2026-08-13 20:33:35.237 [DEBUG] [req-555f1bbf] [receipt_api.Models.user_repository] SELECT user get_by_username: username='testuser1'
2026-08-13 20:33:35.270 [INFO] [req-555f1bbf] [receipt_api.Models.user_repository] SELECT user get_by_username finished: found=True in 32.84ms
2026-08-13 20:33:35.270 [DEBUG] [req-555f1bbf] [receipt_api.Models.device_repository] Calling RPC link_device_and_migrate_guest_data for device='dev_886ed96c-c698-4696-ab06-666bfc0a2178'
2026-08-13 20:33:35.324 [INFO] [req-555f1bbf] [receipt_api.Models.device_repository] Atomic guest migration RPC complete for device name=dev_886ed96c-c698-4696-ab06-666bfc0a2178: receipts=0 conversations=0
2026-08-13 20:33:35.324 [DEBUG] [req-555f1bbf] [receipt_api.Models.device_repository] SELECT device get_by_device_id: device_name_or_uuid='88721077-964a-4f26-83cf-c6e9503a5619'
2026-08-13 20:33:35.403 [INFO] [req-555f1bbf] [receipt_api.Models.device_repository] SELECT device get_by_device_id fallback UUID search finished: found=True in 79.04ms
2026-08-13 20:33:35.403 [INFO] [req-555f1bbf] [receipt_api.Models.device_repository] link_user_by_names RPC succeeded in 206.39ms
2026-08-13 20:33:35.403 [INFO] [req-555f1bbf] [receipt_api.API.devices] Device linked successfully: device_name=dev_886ed96c-c698-4696-ab06-666bfc0a2178, username=testuser1
2026-08-13 20:33:35.403 [INFO] [req-555f1bbf] [receipt_api.HTTP] <-- 200 POST /api/v1/devices/link (971.36ms)
2026-08-13 20:33:35.458 [INFO] [req-88bcf1b4] [receipt_api.HTTP] --> GET /api/v1/receipts/ | Client: 127.0.0.1 | Dev: - | User: testuser1
2026-08-13 20:33:35.459 [DEBUG] [req-88bcf1b4] [receipt_api.Auth.rate_limiter] Rate limit key generated: '/api/v1/receipts/:127.0.0.1' (identifier='127.0.0.1', path='/api/v1/receipts/')
2026-08-13 20:33:35.459 [DEBUG] [req-88bcf1b4] [receipt_api.Auth.rate_limiter] Rate limit threshold check for key '/api/v1/receipts/:127.0.0.1': current bucket counter=0, threshold=60, window=60s
2026-08-13 20:33:35.459 [DEBUG] [req-88bcf1b4] [receipt_api.Auth.rate_limiter] Rate limit check passed for key '/api/v1/receipts/:127.0.0.1': updated bucket counter=1, remaining=59
2026-08-13 20:33:35.460 [DEBUG] [req-88bcf1b4] [receipt_api.Infrastructure.database] Initializing Supabase async client for URL: https://asdumcyjkvzawoxupoxu.supabase.co
2026-08-13 20:33:35.762 [DEBUG] [req-88bcf1b4] [receipt_api.Infrastructure.database] Supabase async client initialized successfully
2026-08-13 20:33:35.762 [DEBUG] [req-88bcf1b4] [receipt_api.Auth.identity] Parsing user headers: X-User-Name/X-User-ID='testuser1', X-User-Token='[PRESENT]'
2026-08-13 20:33:35.762 [DEBUG] [req-88bcf1b4] [receipt_api.Models.user_repository] SELECT user get_by_identifier: identifier='testuser1'
2026-08-13 20:33:35.762 [DEBUG] [req-88bcf1b4] [receipt_api.Models.user_repository] SELECT user get_by_username: username='testuser1'
2026-08-13 20:33:36.118 [INFO] [req-88bcf1b4] [receipt_api.Models.user_repository] SELECT user get_by_username finished: found=True in 356.05ms
2026-08-13 20:33:36.185 [DEBUG] [req-88bcf1b4] [receipt_api.Auth.identity] Constant-time digest comparison PASS for user token (username='testuser1')
2026-08-13 20:33:36.185 [INFO] [req-88bcf1b4] [receipt_api.Auth.identity] Identity resolved (mode=user): user_id=35771208-5c83-4803-8a72-377673e150ec, username=testuser1
2026-08-13 20:33:36.185 [DEBUG] [req-88bcf1b4] [receipt_api.API.receipts] Entering list_receipts: updated_after=None, limit=20, offset=0, identity (user_id=35771208-5c83-4803-8a72-377673e150ec, username=testuser1)
2026-08-13 20:33:36.186 [DEBUG] [req-88bcf1b4] [receipt_api.Models.receipt_repository] SELECT receipts get_all_by_identity: user_id=35771208-5c83-4803-8a72-377673e150ec, device_id=, updated_after=None, limit=20, offset=0
2026-08-13 20:33:36.226 [INFO] [req-88bcf1b4] [receipt_api.Models.receipt_repository] SELECT receipts get_all_by_identity succeeded: returned 1 rows in 40.42ms
2026-08-13 20:33:36.226 [INFO] [req-88bcf1b4] [receipt_api.API.receipts] list_receipts fetched 1 records for user_id=35771208-5c83-4803-8a72-377673e150ec
2026-08-13 20:33:36.227 [INFO] [req-88bcf1b4] [receipt_api.HTTP] <-- 200 GET /api/v1/receipts/ (768.78ms)
2026-08-13 20:33:36.319 [INFO] [req-d6b30d3e] [receipt_api.HTTP] --> GET /api/v1/chat/list | Client: 127.0.0.1 | Dev: - | User: testuser1
2026-08-13 20:33:36.345 [DEBUG] [req-d6b30d3e] [receipt_api.Auth.rate_limiter] Rate limit key generated: '/api/v1/chat/list:127.0.0.1' (identifier='127.0.0.1', path='/api/v1/chat/list')
2026-08-13 20:33:36.345 [DEBUG] [req-d6b30d3e] [receipt_api.Auth.rate_limiter] Rate limit threshold check for key '/api/v1/chat/list:127.0.0.1': current bucket counter=0, threshold=60, window=60s
2026-08-13 20:33:36.345 [DEBUG] [req-d6b30d3e] [receipt_api.Auth.rate_limiter] Rate limit check passed for key '/api/v1/chat/list:127.0.0.1': updated bucket counter=1, remaining=59
2026-08-13 20:33:36.345 [DEBUG] [req-d6b30d3e] [receipt_api.Infrastructure.database] Initializing Supabase async client for URL: https://asdumcyjkvzawoxupoxu.supabase.co
2026-08-13 20:33:36.649 [DEBUG] [req-d6b30d3e] [receipt_api.Infrastructure.database] Supabase async client initialized successfully
2026-08-13 20:33:36.649 [DEBUG] [req-d6b30d3e] [receipt_api.Auth.identity] Parsing user headers: X-User-Name/X-User-ID='testuser1', X-User-Token='[PRESENT]'
2026-08-13 20:33:36.650 [DEBUG] [req-d6b30d3e] [receipt_api.Models.user_repository] SELECT user get_by_identifier: identifier='testuser1'
2026-08-13 20:33:36.650 [DEBUG] [req-d6b30d3e] [receipt_api.Models.user_repository] SELECT user get_by_username: username='testuser1'
2026-08-13 20:33:36.982 [INFO] [req-d6b30d3e] [receipt_api.Models.user_repository] SELECT user get_by_username finished: found=True in 332.13ms
2026-08-13 20:33:37.040 [DEBUG] [req-d6b30d3e] [receipt_api.Auth.identity] Constant-time digest comparison PASS for user token (username='testuser1')
2026-08-13 20:33:37.040 [INFO] [req-d6b30d3e] [receipt_api.Auth.identity] Identity resolved (mode=user): user_id=35771208-5c83-4803-8a72-377673e150ec, username=testuser1
2026-08-13 20:33:37.041 [DEBUG] [req-d6b30d3e] [receipt_api.API.chat] Entering list_conversations: limit=20, offset=0, identity (user_id=35771208-5c83-4803-8a72-377673e150ec)
2026-08-13 20:33:37.041 [DEBUG] [req-d6b30d3e] [receipt_api.Models.conversation_repository] SELECT conversations list_conversations: user_id=35771208-5c83-4803-8a72-377673e150ec, device_id=, limit=20, offset=0
2026-08-13 20:33:37.075 [INFO] [req-d6b30d3e] [receipt_api.Models.conversation_repository] SELECT conversations list_conversations succeeded: returned 0 rows in 34.42ms
2026-08-13 20:33:37.075 [INFO] [req-d6b30d3e] [receipt_api.API.chat] list_conversations returned 0 records for user_id=35771208-5c83-4803-8a72-377673e150ec
2026-08-13 20:33:37.076 [INFO] [req-d6b30d3e] [receipt_api.HTTP] <-- 200 GET /api/v1/chat/list (757.07ms)
2026-08-13 20:34:12.208 [INFO] [req-cd5d3ad2] [receipt_api.HTTP] --> POST /api/v1/scan/parse | Client: 127.0.0.1 | Dev: - | User: testuser1
2026-08-13 20:34:12.351 [DEBUG] [req-cd5d3ad2] [receipt_api.Auth.rate_limiter] Rate limit key generated: '/api/v1/scan/parse:127.0.0.1' (identifier='127.0.0.1', path='/api/v1/scan/parse')
2026-08-13 20:34:12.352 [DEBUG] [req-cd5d3ad2] [receipt_api.Auth.rate_limiter] Rate limit threshold check for key '/api/v1/scan/parse:127.0.0.1': current bucket counter=0, threshold=5, window=60s
2026-08-13 20:34:12.352 [DEBUG] [req-cd5d3ad2] [receipt_api.Auth.rate_limiter] Rate limit check passed for key '/api/v1/scan/parse:127.0.0.1': updated bucket counter=1, remaining=4
2026-08-13 20:34:12.352 [DEBUG] [req-cd5d3ad2] [receipt_api.Infrastructure.database] Initializing Supabase async client for URL: https://asdumcyjkvzawoxupoxu.supabase.co
2026-08-13 20:34:12.609 [DEBUG] [req-cd5d3ad2] [receipt_api.Infrastructure.database] Supabase async client initialized successfully
2026-08-13 20:34:12.609 [DEBUG] [req-cd5d3ad2] [receipt_api.Auth.identity] Parsing scoped identity headers: X-Request-Type='user', X-Device-Name/X-Device-ID='None', X-Device-Token='[NONE]', X-User-Name/X-User-ID='testuser1', X-User-Token='[PRESENT]'
2026-08-13 20:34:12.610 [DEBUG] [req-cd5d3ad2] [receipt_api.Models.user_repository] SELECT user get_by_identifier: identifier='testuser1'
2026-08-13 20:34:12.610 [DEBUG] [req-cd5d3ad2] [receipt_api.Models.user_repository] SELECT user get_by_username: username='testuser1'
2026-08-13 20:34:13.092 [INFO] [req-cd5d3ad2] [receipt_api.Models.user_repository] SELECT user get_by_username finished: found=True in 482.50ms
2026-08-13 20:34:13.150 [DEBUG] [req-cd5d3ad2] [receipt_api.Auth.identity] Constant-time digest comparison PASS for user token (username='testuser1')
2026-08-13 20:34:13.150 [INFO] [req-cd5d3ad2] [receipt_api.Auth.identity] Identity resolved (mode=user): user_id=35771208-5c83-4803-8a72-377673e150ec, username=testuser1
2026-08-13 20:34:13.685 [DEBUG] [req-cd5d3ad2] [receipt_api.API.scan] Entering parse_receipt: filename=1000031347.jpg, content_type=image/jpeg, identity (user_id=35771208-5c83-4803-8a72-377673e150ec, device_id=)
2026-08-13 20:34:13.687 [DEBUG] [req-cd5d3ad2] [receipt_api.API.scan] Read receipt image bytes: size=2915867 bytes
2026-08-13 20:34:13.687 [DEBUG] [req-cd5d3ad2] [receipt_api.Services.extraction_service] extract_from_image called: mime_type=image/jpeg, bytes_size=2915867
2026-08-13 20:34:13.687 [INFO] [req-cd5d3ad2] [receipt_api.Services.extraction_service] Triggering Gemini vision model gemini-3.6-flash for receipt image extraction (2915867 bytes, mime=image/jpeg)
2026-08-13 20:34:42.446 [INFO] [req-cd5d3ad2] [receipt_api.Services.extraction_service] Gemini vision response received. Output text len=1473, usage_metadata=cache_tokens_details=None cached_content_token_count=None candidates_token_count=684 candidates_tokens_details=None prompt_token_count=1416 prompt_tokens_details=[ModalityTokenCount(
  modality=<MediaModality.IMAGE: 'IMAGE'>,
  token_count=1064
), ModalityTokenCount(
  modality=<MediaModality.TEXT: 'TEXT'>,
  token_count=352
)] thoughts_token_count=600 tool_use_prompt_token_count=None tool_use_prompt_tokens_details=None total_token_count=2700 traffic_type=None
2026-08-13 20:34:42.448 [INFO] [req-cd5d3ad2] [receipt_api.Services.extraction_service] Successfully extracted receipt: merchant='MARRYBROWN @ FUCHUN CC', total=16.50, confidence=0.98, items_count=4
2026-08-13 20:34:42.448 [INFO] [req-cd5d3ad2] [receipt_api.API.scan] Parse receipt successful: merchant=MARRYBROWN @ FUCHUN CC, total=16.50, confidence=0.98
2026-08-13 20:34:42.448 [INFO] [req-cd5d3ad2] [receipt_api.HTTP] <-- 200 POST /api/v1/scan/parse (30240.75ms)
2026-08-13 20:35:17.770 [INFO] [req-73c0272f] [receipt_api.HTTP] --> POST /api/v1/scan/parse | Client: 127.0.0.1 | Dev: - | User: testuser1
2026-08-13 20:35:17.772 [DEBUG] [req-73c0272f] [receipt_api.Auth.rate_limiter] Rate limit key generated: '/api/v1/scan/parse:127.0.0.1' (identifier='127.0.0.1', path='/api/v1/scan/parse')
2026-08-13 20:35:17.772 [DEBUG] [req-73c0272f] [receipt_api.Auth.rate_limiter] Rate limit threshold check for key '/api/v1/scan/parse:127.0.0.1': current bucket counter=0, threshold=5, window=60s
2026-08-13 20:35:17.772 [DEBUG] [req-73c0272f] [receipt_api.Auth.rate_limiter] Rate limit check passed for key '/api/v1/scan/parse:127.0.0.1': updated bucket counter=1, remaining=4
2026-08-13 20:35:17.772 [DEBUG] [req-73c0272f] [receipt_api.Infrastructure.database] Initializing Supabase async client for URL: https://asdumcyjkvzawoxupoxu.supabase.co
2026-08-13 20:35:18.055 [DEBUG] [req-73c0272f] [receipt_api.Infrastructure.database] Supabase async client initialized successfully
2026-08-13 20:35:18.056 [DEBUG] [req-73c0272f] [receipt_api.Auth.identity] Parsing scoped identity headers: X-Request-Type='user', X-Device-Name/X-Device-ID='None', X-Device-Token='[NONE]', X-User-Name/X-User-ID='testuser1', X-User-Token='[PRESENT]'
2026-08-13 20:35:18.056 [DEBUG] [req-73c0272f] [receipt_api.Models.user_repository] SELECT user get_by_identifier: identifier='testuser1'
2026-08-13 20:35:18.056 [DEBUG] [req-73c0272f] [receipt_api.Models.user_repository] SELECT user get_by_username: username='testuser1'
2026-08-13 20:35:18.420 [INFO] [req-73c0272f] [receipt_api.Models.user_repository] SELECT user get_by_username finished: found=True in 364.14ms
2026-08-13 20:35:18.479 [DEBUG] [req-73c0272f] [receipt_api.Auth.identity] Constant-time digest comparison PASS for user token (username='testuser1')
2026-08-13 20:35:18.480 [INFO] [req-73c0272f] [receipt_api.Auth.identity] Identity resolved (mode=user): user_id=35771208-5c83-4803-8a72-377673e150ec, username=testuser1
2026-08-13 20:35:19.209 [DEBUG] [req-73c0272f] [receipt_api.API.scan] Entering parse_receipt: filename=CAP1310890480230990518.jpg, content_type=image/jpeg, identity (user_id=35771208-5c83-4803-8a72-377673e150ec, device_id=)
2026-08-13 20:35:19.209 [DEBUG] [req-73c0272f] [receipt_api.API.scan] Read receipt image bytes: size=234042 bytes
2026-08-13 20:35:19.210 [DEBUG] [req-73c0272f] [receipt_api.Services.extraction_service] extract_from_image called: mime_type=image/jpeg, bytes_size=234042
2026-08-13 20:35:19.210 [INFO] [req-73c0272f] [receipt_api.Services.extraction_service] Triggering Gemini vision model gemini-3.6-flash for receipt image extraction (234042 bytes, mime=image/jpeg)
2026-08-13 20:35:28.163 [INFO] [req-73c0272f] [receipt_api.Services.extraction_service] Gemini vision response received. Output text len=956, usage_metadata=cache_tokens_details=None cached_content_token_count=None candidates_token_count=407 candidates_tokens_details=None prompt_token_count=1452 prompt_tokens_details=[ModalityTokenCount(
  modality=<MediaModality.TEXT: 'TEXT'>,
  token_count=352
), ModalityTokenCount(
  modality=<MediaModality.IMAGE: 'IMAGE'>,
  token_count=1100
)] thoughts_token_count=1261 tool_use_prompt_token_count=None tool_use_prompt_tokens_details=None total_token_count=3120 traffic_type=None
2026-08-13 20:35:28.163 [INFO] [req-73c0272f] [receipt_api.Services.extraction_service] Successfully extracted receipt: merchant='mr bean', total=10.10, confidence=0.98, items_count=4
2026-08-13 20:35:28.163 [INFO] [req-73c0272f] [receipt_api.API.scan] Parse receipt successful: merchant=mr bean, total=10.10, confidence=0.98
2026-08-13 20:35:28.164 [INFO] [req-73c0272f] [receipt_api.HTTP] <-- 200 POST /api/v1/scan/parse (10393.87ms)
2026-08-13 20:36:12.229 [INFO] [req-f1cb193a] [receipt_api.HTTP] --> POST /api/v1/devices/link | Client: 127.0.0.1 | Dev: - | User: testuser1
2026-08-13 20:36:12.230 [DEBUG] [req-f1cb193a] [receipt_api.Auth.rate_limiter] Rate limit key generated: '/api/v1/devices/link:dev_886ed96c-c698-4696-ab06-666bfc0a2178' (identifier='dev_886ed96c-c698-4696-ab06-666bfc0a2178', path='/api/v1/devices/link')
2026-08-13 20:36:12.231 [DEBUG] [req-f1cb193a] [receipt_api.Auth.rate_limiter] Rate limit threshold check for key '/api/v1/devices/link:dev_886ed96c-c698-4696-ab06-666bfc0a2178': current bucket counter=0, threshold=10, window=60s
2026-08-13 20:36:12.231 [DEBUG] [req-f1cb193a] [receipt_api.Auth.rate_limiter] Rate limit check passed for key '/api/v1/devices/link:dev_886ed96c-c698-4696-ab06-666bfc0a2178': updated bucket counter=1, remaining=9
2026-08-13 20:36:12.231 [DEBUG] [req-f1cb193a] [receipt_api.Infrastructure.database] Initializing Supabase async client for URL: https://asdumcyjkvzawoxupoxu.supabase.co
2026-08-13 20:36:12.511 [DEBUG] [req-f1cb193a] [receipt_api.Infrastructure.database] Supabase async client initialized successfully
2026-08-13 20:36:12.511 [DEBUG] [req-f1cb193a] [receipt_api.Auth.identity] Parsing link bridge headers: X-Device-Name/X-Device-ID='dev_886ed96c-c698-4696-ab06-666bfc0a2178', X-Device-Token='[PRESENT]', X-User-Name/X-User-ID='testuser1', X-User-Token='[PRESENT]'
2026-08-13 20:36:12.511 [DEBUG] [req-f1cb193a] [receipt_api.Models.device_repository] SELECT device get_by_device_id: device_name_or_uuid='dev_886ed96c-c698-4696-ab06-666bfc0a2178'
2026-08-13 20:36:12.864 [INFO] [req-f1cb193a] [receipt_api.Models.device_repository] SELECT device get_by_device_id matched by name: id=88721077-964a-4f26-83cf-c6e9503a5619 in 352.85ms
2026-08-13 20:36:12.864 [DEBUG] [req-f1cb193a] [receipt_api.Auth.identity] Constant-time digest comparison PASS for link bridge device token (device_name='dev_886ed96c-c698-4696-ab06-666bfc0a2178')
2026-08-13 20:36:12.865 [DEBUG] [req-f1cb193a] [receipt_api.Models.user_repository] SELECT user get_by_identifier: identifier='testuser1'
2026-08-13 20:36:12.865 [DEBUG] [req-f1cb193a] [receipt_api.Models.user_repository] SELECT user get_by_username: username='testuser1'
2026-08-13 20:36:12.921 [INFO] [req-f1cb193a] [receipt_api.Models.user_repository] SELECT user get_by_username finished: found=True in 56.04ms
2026-08-13 20:36:12.986 [DEBUG] [req-f1cb193a] [receipt_api.Auth.identity] Constant-time digest comparison PASS for link bridge user token (username='testuser1')
2026-08-13 20:36:12.986 [INFO] [req-f1cb193a] [receipt_api.Auth.identity] Identity resolved (mode=user): user_id=35771208-5c83-4803-8a72-377673e150ec, username=testuser1, device_id=88721077-964a-4f26-83cf-c6e9503a5619, device_name=dev_886ed96c-c698-4696-ab06-666bfc0a2178
2026-08-13 20:36:12.986 [DEBUG] [req-f1cb193a] [receipt_api.API.devices] Entering link_device_user: device_name=dev_886ed96c-c698-4696-ab06-666bfc0a2178, target_username=testuser1, identity (device_name=dev_886ed96c-c698-4696-ab06-666bfc0a2178, user_id=35771208-5c83-4803-8a72-377673e150ec)
2026-08-13 20:36:12.986 [DEBUG] [req-f1cb193a] [receipt_api.Models.device_repository] SELECT device get_by_device_id: device_name_or_uuid='dev_886ed96c-c698-4696-ab06-666bfc0a2178'
2026-08-13 20:36:13.021 [INFO] [req-f1cb193a] [receipt_api.Models.device_repository] SELECT device get_by_device_id matched by name: id=88721077-964a-4f26-83cf-c6e9503a5619 in 34.95ms
2026-08-13 20:36:13.021 [DEBUG] [req-f1cb193a] [receipt_api.Models.device_repository] link_user_by_names: device_name='dev_886ed96c-c698-4696-ab06-666bfc0a2178', username=testuser1
2026-08-13 20:36:13.022 [DEBUG] [req-f1cb193a] [receipt_api.Models.device_repository] SELECT device get_by_device_id: device_name_or_uuid='dev_886ed96c-c698-4696-ab06-666bfc0a2178'
2026-08-13 20:36:13.051 [INFO] [req-f1cb193a] [receipt_api.Models.device_repository] SELECT device get_by_device_id matched by name: id=88721077-964a-4f26-83cf-c6e9503a5619 in 29.09ms
2026-08-13 20:36:13.051 [DEBUG] [req-f1cb193a] [receipt_api.Models.user_repository] SELECT user get_by_identifier: identifier='testuser1'
2026-08-13 20:36:13.051 [DEBUG] [req-f1cb193a] [receipt_api.Models.user_repository] SELECT user get_by_username: username='testuser1'
2026-08-13 20:36:13.078 [INFO] [req-f1cb193a] [receipt_api.Models.user_repository] SELECT user get_by_username finished: found=True in 27.34ms
2026-08-13 20:36:13.078 [DEBUG] [req-f1cb193a] [receipt_api.Models.device_repository] Calling RPC link_device_and_migrate_guest_data for device='dev_886ed96c-c698-4696-ab06-666bfc0a2178'
2026-08-13 20:36:13.122 [INFO] [req-f1cb193a] [receipt_api.Models.device_repository] Atomic guest migration RPC complete for device name=dev_886ed96c-c698-4696-ab06-666bfc0a2178: receipts=0 conversations=0
2026-08-13 20:36:13.122 [DEBUG] [req-f1cb193a] [receipt_api.Models.device_repository] SELECT device get_by_device_id: device_name_or_uuid='88721077-964a-4f26-83cf-c6e9503a5619'
2026-08-13 20:36:13.182 [INFO] [req-f1cb193a] [receipt_api.Models.device_repository] SELECT device get_by_device_id fallback UUID search finished: found=True in 59.52ms
2026-08-13 20:36:13.182 [INFO] [req-f1cb193a] [receipt_api.Models.device_repository] link_user_by_names RPC succeeded in 160.59ms
2026-08-13 20:36:13.182 [INFO] [req-f1cb193a] [receipt_api.API.devices] Migrating guest data for user_id=35771208-5c83-4803-8a72-377673e150ec, device_name=dev_886ed96c-c698-4696-ab06-666bfc0a2178
2026-08-13 20:36:13.182 [DEBUG] [req-f1cb193a] [receipt_api.Services.data_migration_service] migrate_user_data called: user_id=35771208-5c83-4803-8a72-377673e150ec, device_name=dev_886ed96c-c698-4696-ab06-666bfc0a2178, input_receipts=2, input_conversations=0, input_messages=0
2026-08-13 20:36:13.182 [DEBUG] [req-f1cb193a] [receipt_api.Services.data_migration_service] Executing receipts batch insert of 2 rows for user_id=35771208-5c83-4803-8a72-377673e150ec
2026-08-13 20:36:13.225 [INFO] [req-f1cb193a] [receipt_api.Services.data_migration_service] Migrated 2 receipts for user_id=35771208-5c83-4803-8a72-377673e150ec
2026-08-13 20:36:13.225 [INFO] [req-f1cb193a] [receipt_api.Services.data_migration_service] DataMigrationService: completed migration for user_id=35771208-5c83-4803-8a72-377673e150ec device_name=dev_886ed96c-c698-4696-ab06-666bfc0a2178 — receipts=2, conversations=0, chat_messages=0
2026-08-13 20:36:13.225 [INFO] [req-f1cb193a] [receipt_api.API.devices] Device linked successfully: device_name=dev_886ed96c-c698-4696-ab06-666bfc0a2178, username=testuser1
2026-08-13 20:36:13.225 [INFO] [req-f1cb193a] [receipt_api.HTTP] <-- 200 POST /api/v1/devices/link (995.90ms)
2026-08-13 20:36:13.274 [INFO] [req-399495e6] [receipt_api.HTTP] --> POST /api/v1/devices/link | Client: 127.0.0.1 | Dev: - | User: -
2026-08-13 20:36:13.282 [DEBUG] [req-399495e6] [receipt_api.Auth.rate_limiter] Rate limit key generated: '/api/v1/devices/link:dev_886ed96c-c698-4696-ab06-666bfc0a2178' (identifier='dev_886ed96c-c698-4696-ab06-666bfc0a2178', path='/api/v1/devices/link')
2026-08-13 20:36:13.282 [DEBUG] [req-399495e6] [receipt_api.Auth.rate_limiter] Rate limit threshold check for key '/api/v1/devices/link:dev_886ed96c-c698-4696-ab06-666bfc0a2178': current bucket counter=1, threshold=10, window=60s
2026-08-13 20:36:13.282 [DEBUG] [req-399495e6] [receipt_api.Auth.rate_limiter] Rate limit check passed for key '/api/v1/devices/link:dev_886ed96c-c698-4696-ab06-666bfc0a2178': updated bucket counter=2, remaining=8
2026-08-13 20:36:13.282 [DEBUG] [req-399495e6] [receipt_api.Infrastructure.database] Initializing Supabase async client for URL: https://asdumcyjkvzawoxupoxu.supabase.co
2026-08-13 20:36:13.549 [DEBUG] [req-399495e6] [receipt_api.Infrastructure.database] Supabase async client initialized successfully
2026-08-13 20:36:13.550 [DEBUG] [req-399495e6] [receipt_api.Auth.identity] Parsing link bridge headers: X-Device-Name/X-Device-ID='dev_886ed96c-c698-4696-ab06-666bfc0a2178', X-Device-Token='[PRESENT]', X-User-Name/X-User-ID='None', X-User-Token='[NONE]'
2026-08-13 20:36:13.550 [DEBUG] [req-399495e6] [receipt_api.Models.device_repository] SELECT device get_by_device_id: device_name_or_uuid='dev_886ed96c-c698-4696-ab06-666bfc0a2178'
2026-08-13 20:36:13.914 [INFO] [req-399495e6] [receipt_api.Models.device_repository] SELECT device get_by_device_id matched by name: id=88721077-964a-4f26-83cf-c6e9503a5619 in 364.30ms
2026-08-13 20:36:13.914 [DEBUG] [req-399495e6] [receipt_api.Auth.identity] Constant-time digest comparison PASS for link bridge device token (device_name='dev_886ed96c-c698-4696-ab06-666bfc0a2178')
2026-08-13 20:36:13.915 [INFO] [req-399495e6] [receipt_api.Auth.identity] Identity resolved (mode=user): user_id=35771208-5c83-4803-8a72-377673e150ec, username=None, device_id=88721077-964a-4f26-83cf-c6e9503a5619, device_name=dev_886ed96c-c698-4696-ab06-666bfc0a2178
2026-08-13 20:36:13.915 [DEBUG] [req-399495e6] [receipt_api.API.devices] Entering link_device_user: device_name=dev_886ed96c-c698-4696-ab06-666bfc0a2178, target_username=None, identity (device_name=dev_886ed96c-c698-4696-ab06-666bfc0a2178, user_id=35771208-5c83-4803-8a72-377673e150ec)
2026-08-13 20:36:13.915 [DEBUG] [req-399495e6] [receipt_api.Models.device_repository] SELECT device get_by_device_id: device_name_or_uuid='dev_886ed96c-c698-4696-ab06-666bfc0a2178'
2026-08-13 20:36:13.987 [INFO] [req-399495e6] [receipt_api.Models.device_repository] SELECT device get_by_device_id matched by name: id=88721077-964a-4f26-83cf-c6e9503a5619 in 72.44ms
2026-08-13 20:36:13.988 [DEBUG] [req-399495e6] [receipt_api.Models.device_repository] link_user_by_names: device_name='dev_886ed96c-c698-4696-ab06-666bfc0a2178', username=None
2026-08-13 20:36:13.988 [DEBUG] [req-399495e6] [receipt_api.Models.device_repository] SELECT device get_by_device_id: device_name_or_uuid='dev_886ed96c-c698-4696-ab06-666bfc0a2178'
2026-08-13 20:36:14.033 [INFO] [req-399495e6] [receipt_api.Models.device_repository] SELECT device get_by_device_id matched by name: id=88721077-964a-4f26-83cf-c6e9503a5619 in 44.94ms
2026-08-13 20:36:14.069 [INFO] [req-399495e6] [receipt_api.Models.device_repository] link_user_by_names completed fallback update in 81.25ms
2026-08-13 20:36:14.069 [INFO] [req-399495e6] [receipt_api.API.devices] Device linked successfully: device_name=dev_886ed96c-c698-4696-ab06-666bfc0a2178, username=None
2026-08-13 20:36:14.069 [INFO] [req-399495e6] [receipt_api.HTTP] <-- 200 POST /api/v1/devices/link (795.51ms)
2026-08-13 20:36:14.129 [INFO] [req-0559d15d] [receipt_api.HTTP] --> POST /api/v1/devices/rotate-token | Client: 127.0.0.1 | Dev: - | User: -
2026-08-13 20:36:14.130 [DEBUG] [req-0559d15d] [receipt_api.Auth.rate_limiter] Rate limit key generated: '/api/v1/devices/rotate-token:dev_886ed96c-c698-4696-ab06-666bfc0a2178' (identifier='dev_886ed96c-c698-4696-ab06-666bfc0a2178', path='/api/v1/devices/rotate-token')
2026-08-13 20:36:14.130 [DEBUG] [req-0559d15d] [receipt_api.Auth.rate_limiter] Rate limit threshold check for key '/api/v1/devices/rotate-token:dev_886ed96c-c698-4696-ab06-666bfc0a2178': current bucket counter=0, threshold=10, window=60s
2026-08-13 20:36:14.130 [DEBUG] [req-0559d15d] [receipt_api.Auth.rate_limiter] Rate limit check passed for key '/api/v1/devices/rotate-token:dev_886ed96c-c698-4696-ab06-666bfc0a2178': updated bucket counter=1, remaining=9
2026-08-13 20:36:14.131 [DEBUG] [req-0559d15d] [receipt_api.Infrastructure.database] Initializing Supabase async client for URL: https://asdumcyjkvzawoxupoxu.supabase.co
2026-08-13 20:36:14.397 [DEBUG] [req-0559d15d] [receipt_api.Infrastructure.database] Supabase async client initialized successfully
2026-08-13 20:36:14.397 [DEBUG] [req-0559d15d] [receipt_api.Auth.identity] Parsing device headers: X-Device-Name/X-Device-ID='dev_886ed96c-c698-4696-ab06-666bfc0a2178', X-Device-Token='[PRESENT]'
2026-08-13 20:36:14.397 [DEBUG] [req-0559d15d] [receipt_api.Models.device_repository] SELECT device get_by_device_id: device_name_or_uuid='dev_886ed96c-c698-4696-ab06-666bfc0a2178'
2026-08-13 20:36:14.773 [INFO] [req-0559d15d] [receipt_api.Models.device_repository] SELECT device get_by_device_id matched by name: id=88721077-964a-4f26-83cf-c6e9503a5619 in 376.00ms
2026-08-13 20:36:14.773 [DEBUG] [req-0559d15d] [receipt_api.Auth.identity] Constant-time digest comparison PASS for device token (device_name='dev_886ed96c-c698-4696-ab06-666bfc0a2178')
2026-08-13 20:36:14.773 [INFO] [req-0559d15d] [receipt_api.Auth.identity] Identity resolved (mode=device): user_id=None, username=None, device_id=88721077-964a-4f26-83cf-c6e9503a5619, device_name=dev_886ed96c-c698-4696-ab06-666bfc0a2178
2026-08-13 20:36:14.774 [DEBUG] [req-0559d15d] [receipt_api.API.devices] Entering rotate_device_token_endpoint: device_name=dev_886ed96c-c698-4696-ab06-666bfc0a2178
2026-08-13 20:36:14.774 [DEBUG] [req-0559d15d] [receipt_api.Models.device_repository] UPDATE device rotate_device_token: device_name='dev_886ed96c-c698-4696-ab06-666bfc0a2178'
2026-08-13 20:36:14.774 [DEBUG] [req-0559d15d] [receipt_api.Models.device_repository] SELECT device get_by_device_id: device_name_or_uuid='dev_886ed96c-c698-4696-ab06-666bfc0a2178'
2026-08-13 20:36:14.824 [INFO] [req-0559d15d] [receipt_api.Models.device_repository] SELECT device get_by_device_id matched by name: id=88721077-964a-4f26-83cf-c6e9503a5619 in 49.79ms
2026-08-13 20:36:14.863 [INFO] [req-0559d15d] [receipt_api.Models.device_repository] UPDATE device rotate_device_token succeeded in 89.51ms
2026-08-13 20:36:14.863 [INFO] [req-0559d15d] [receipt_api.API.devices] Device token rotated successfully for device_name=dev_886ed96c-c698-4696-ab06-666bfc0a2178
2026-08-13 20:36:14.864 [INFO] [req-0559d15d] [receipt_api.HTTP] <-- 200 POST /api/v1/devices/rotate-token (734.90ms)
2026-08-13 20:36:54.545 [INFO] [req-eacff432] [receipt_api.HTTP] --> POST /api/v1/user/login | Client: 127.0.0.1 | Dev: - | User: -
2026-08-13 20:36:54.546 [DEBUG] [req-eacff432] [receipt_api.Auth.rate_limiter] Rate limit key generated: '/api/v1/user/login:127.0.0.1' (identifier='127.0.0.1', path='/api/v1/user/login')
2026-08-13 20:36:54.546 [DEBUG] [req-eacff432] [receipt_api.Auth.rate_limiter] Rate limit threshold check for key '/api/v1/user/login:127.0.0.1': current bucket counter=0, threshold=10, window=60s
2026-08-13 20:36:54.546 [DEBUG] [req-eacff432] [receipt_api.Auth.rate_limiter] Rate limit check passed for key '/api/v1/user/login:127.0.0.1': updated bucket counter=1, remaining=9
2026-08-13 20:36:54.546 [DEBUG] [req-eacff432] [receipt_api.Infrastructure.database] Initializing Supabase async client for URL: https://asdumcyjkvzawoxupoxu.supabase.co
2026-08-13 20:36:54.824 [DEBUG] [req-eacff432] [receipt_api.Infrastructure.database] Supabase async client initialized successfully
2026-08-13 20:36:54.824 [DEBUG] [req-eacff432] [receipt_api.API.user] Entering login_user: identifier=testuser1
2026-08-13 20:36:54.825 [DEBUG] [req-eacff432] [receipt_api.Models.user_repository] SELECT user get_by_identifier: identifier='testuser1'
2026-08-13 20:36:54.825 [DEBUG] [req-eacff432] [receipt_api.Models.user_repository] SELECT user get_by_username: username='testuser1'
2026-08-13 20:36:55.183 [INFO] [req-eacff432] [receipt_api.Models.user_repository] SELECT user get_by_username finished: found=True in 358.76ms
2026-08-13 20:36:55.262 [INFO] [req-eacff432] [receipt_api.API.user] User logged in successfully: user_id=35771208-5c83-4803-8a72-377673e150ec, username=testuser1
2026-08-13 20:36:55.263 [INFO] [req-eacff432] [receipt_api.HTTP] <-- 200 POST /api/v1/user/login (718.28ms)
2026-08-13 20:36:55.296 [INFO] [req-a801facc] [receipt_api.HTTP] --> POST /api/v1/devices/link | Client: 127.0.0.1 | Dev: - | User: testuser1
2026-08-13 20:36:55.297 [DEBUG] [req-a801facc] [receipt_api.Auth.rate_limiter] Rate limit key generated: '/api/v1/devices/link:dev_886ed96c-c698-4696-ab06-666bfc0a2178' (identifier='dev_886ed96c-c698-4696-ab06-666bfc0a2178', path='/api/v1/devices/link')
2026-08-13 20:36:55.297 [DEBUG] [req-a801facc] [receipt_api.Auth.rate_limiter] Rate limit threshold check for key '/api/v1/devices/link:dev_886ed96c-c698-4696-ab06-666bfc0a2178': current bucket counter=2, threshold=10, window=60s
2026-08-13 20:36:55.298 [DEBUG] [req-a801facc] [receipt_api.Auth.rate_limiter] Rate limit check passed for key '/api/v1/devices/link:dev_886ed96c-c698-4696-ab06-666bfc0a2178': updated bucket counter=3, remaining=7
2026-08-13 20:36:55.298 [DEBUG] [req-a801facc] [receipt_api.Infrastructure.database] Initializing Supabase async client for URL: https://asdumcyjkvzawoxupoxu.supabase.co
2026-08-13 20:36:55.574 [DEBUG] [req-a801facc] [receipt_api.Infrastructure.database] Supabase async client initialized successfully
2026-08-13 20:36:55.575 [DEBUG] [req-a801facc] [receipt_api.Auth.identity] Parsing link bridge headers: X-Device-Name/X-Device-ID='dev_886ed96c-c698-4696-ab06-666bfc0a2178', X-Device-Token='[PRESENT]', X-User-Name/X-User-ID='testuser1', X-User-Token='[PRESENT]'
2026-08-13 20:36:55.575 [DEBUG] [req-a801facc] [receipt_api.Models.device_repository] SELECT device get_by_device_id: device_name_or_uuid='dev_886ed96c-c698-4696-ab06-666bfc0a2178'
2026-08-13 20:36:55.922 [INFO] [req-a801facc] [receipt_api.Models.device_repository] SELECT device get_by_device_id matched by name: id=88721077-964a-4f26-83cf-c6e9503a5619 in 347.20ms
2026-08-13 20:36:55.922 [DEBUG] [req-a801facc] [receipt_api.Auth.identity] Constant-time digest comparison PASS for link bridge device token (device_name='dev_886ed96c-c698-4696-ab06-666bfc0a2178')
2026-08-13 20:36:55.922 [DEBUG] [req-a801facc] [receipt_api.Models.user_repository] SELECT user get_by_identifier: identifier='testuser1'
2026-08-13 20:36:55.922 [DEBUG] [req-a801facc] [receipt_api.Models.user_repository] SELECT user get_by_username: username='testuser1'
2026-08-13 20:36:55.964 [INFO] [req-a801facc] [receipt_api.Models.user_repository] SELECT user get_by_username finished: found=True in 41.91ms
2026-08-13 20:36:56.023 [DEBUG] [req-a801facc] [receipt_api.Auth.identity] Constant-time digest comparison PASS for link bridge user token (username='testuser1')
2026-08-13 20:36:56.023 [INFO] [req-a801facc] [receipt_api.Auth.identity] Identity resolved (mode=user): user_id=35771208-5c83-4803-8a72-377673e150ec, username=testuser1, device_id=88721077-964a-4f26-83cf-c6e9503a5619, device_name=dev_886ed96c-c698-4696-ab06-666bfc0a2178
2026-08-13 20:36:56.023 [DEBUG] [req-a801facc] [receipt_api.API.devices] Entering link_device_user: device_name=dev_886ed96c-c698-4696-ab06-666bfc0a2178, target_username=testuser1, identity (device_name=dev_886ed96c-c698-4696-ab06-666bfc0a2178, user_id=35771208-5c83-4803-8a72-377673e150ec)
2026-08-13 20:36:56.023 [DEBUG] [req-a801facc] [receipt_api.Models.device_repository] SELECT device get_by_device_id: device_name_or_uuid='dev_886ed96c-c698-4696-ab06-666bfc0a2178'
2026-08-13 20:36:56.067 [INFO] [req-a801facc] [receipt_api.Models.device_repository] SELECT device get_by_device_id matched by name: id=88721077-964a-4f26-83cf-c6e9503a5619 in 44.02ms
2026-08-13 20:36:56.068 [DEBUG] [req-a801facc] [receipt_api.Models.device_repository] link_user_by_names: device_name='dev_886ed96c-c698-4696-ab06-666bfc0a2178', username=testuser1
2026-08-13 20:36:56.068 [DEBUG] [req-a801facc] [receipt_api.Models.device_repository] SELECT device get_by_device_id: device_name_or_uuid='dev_886ed96c-c698-4696-ab06-666bfc0a2178'
2026-08-13 20:36:56.100 [INFO] [req-a801facc] [receipt_api.Models.device_repository] SELECT device get_by_device_id matched by name: id=88721077-964a-4f26-83cf-c6e9503a5619 in 32.54ms
2026-08-13 20:36:56.101 [DEBUG] [req-a801facc] [receipt_api.Models.user_repository] SELECT user get_by_identifier: identifier='testuser1'
2026-08-13 20:36:56.101 [DEBUG] [req-a801facc] [receipt_api.Models.user_repository] SELECT user get_by_username: username='testuser1'
2026-08-13 20:36:56.143 [INFO] [req-a801facc] [receipt_api.Models.user_repository] SELECT user get_by_username finished: found=True in 42.07ms
2026-08-13 20:36:56.143 [DEBUG] [req-a801facc] [receipt_api.Models.device_repository] Calling RPC link_device_and_migrate_guest_data for device='dev_886ed96c-c698-4696-ab06-666bfc0a2178'
2026-08-13 20:36:56.186 [INFO] [req-a801facc] [receipt_api.Models.device_repository] Atomic guest migration RPC complete for device name=dev_886ed96c-c698-4696-ab06-666bfc0a2178: receipts=0 conversations=0
2026-08-13 20:36:56.186 [DEBUG] [req-a801facc] [receipt_api.Models.device_repository] SELECT device get_by_device_id: device_name_or_uuid='88721077-964a-4f26-83cf-c6e9503a5619'
2026-08-13 20:36:56.236 [INFO] [req-a801facc] [receipt_api.Models.device_repository] SELECT device get_by_device_id fallback UUID search finished: found=True in 50.27ms
2026-08-13 20:36:56.237 [INFO] [req-a801facc] [receipt_api.Models.device_repository] link_user_by_names RPC succeeded in 169.00ms
2026-08-13 20:36:56.237 [INFO] [req-a801facc] [receipt_api.API.devices] Device linked successfully: device_name=dev_886ed96c-c698-4696-ab06-666bfc0a2178, username=testuser1
2026-08-13 20:36:56.237 [INFO] [req-a801facc] [receipt_api.HTTP] <-- 200 POST /api/v1/devices/link (940.64ms)
2026-08-13 20:36:56.327 [INFO] [req-1ae74960] [receipt_api.HTTP] --> GET /api/v1/receipts/ | Client: 127.0.0.1 | Dev: - | User: testuser1
2026-08-13 20:36:56.327 [DEBUG] [req-1ae74960] [receipt_api.Auth.rate_limiter] Rate limit key generated: '/api/v1/receipts/:127.0.0.1' (identifier='127.0.0.1', path='/api/v1/receipts/')
2026-08-13 20:36:56.327 [DEBUG] [req-1ae74960] [receipt_api.Auth.rate_limiter] Rate limit threshold check for key '/api/v1/receipts/:127.0.0.1': current bucket counter=0, threshold=60, window=60s
2026-08-13 20:36:56.327 [DEBUG] [req-1ae74960] [receipt_api.Auth.rate_limiter] Rate limit check passed for key '/api/v1/receipts/:127.0.0.1': updated bucket counter=1, remaining=59
2026-08-13 20:36:56.328 [DEBUG] [req-1ae74960] [receipt_api.Infrastructure.database] Initializing Supabase async client for URL: https://asdumcyjkvzawoxupoxu.supabase.co
2026-08-13 20:36:56.647 [DEBUG] [req-1ae74960] [receipt_api.Infrastructure.database] Supabase async client initialized successfully
2026-08-13 20:36:56.647 [DEBUG] [req-1ae74960] [receipt_api.Auth.identity] Parsing user headers: X-User-Name/X-User-ID='testuser1', X-User-Token='[PRESENT]'
2026-08-13 20:36:56.648 [DEBUG] [req-1ae74960] [receipt_api.Models.user_repository] SELECT user get_by_identifier: identifier='testuser1'
2026-08-13 20:36:56.648 [DEBUG] [req-1ae74960] [receipt_api.Models.user_repository] SELECT user get_by_username: username='testuser1'
2026-08-13 20:36:56.996 [INFO] [req-1ae74960] [receipt_api.Models.user_repository] SELECT user get_by_username finished: found=True in 347.99ms
2026-08-13 20:36:57.070 [DEBUG] [req-1ae74960] [receipt_api.Auth.identity] Constant-time digest comparison PASS for user token (username='testuser1')
2026-08-13 20:36:57.070 [INFO] [req-1ae74960] [receipt_api.Auth.identity] Identity resolved (mode=user): user_id=35771208-5c83-4803-8a72-377673e150ec, username=testuser1
2026-08-13 20:36:57.071 [DEBUG] [req-1ae74960] [receipt_api.API.receipts] Entering list_receipts: updated_after=None, limit=20, offset=0, identity (user_id=35771208-5c83-4803-8a72-377673e150ec, username=testuser1)
2026-08-13 20:36:57.071 [DEBUG] [req-1ae74960] [receipt_api.Models.receipt_repository] SELECT receipts get_all_by_identity: user_id=35771208-5c83-4803-8a72-377673e150ec, device_id=, updated_after=None, limit=20, offset=0
2026-08-13 20:36:57.111 [INFO] [req-1ae74960] [receipt_api.Models.receipt_repository] SELECT receipts get_all_by_identity succeeded: returned 3 rows in 40.30ms
2026-08-13 20:36:57.111 [INFO] [req-1ae74960] [receipt_api.API.receipts] list_receipts fetched 3 records for user_id=35771208-5c83-4803-8a72-377673e150ec
2026-08-13 20:36:57.112 [INFO] [req-1ae74960] [receipt_api.HTTP] <-- 200 GET /api/v1/receipts/ (785.09ms)
2026-08-13 20:36:57.180 [INFO] [req-2e02d062] [receipt_api.HTTP] --> GET /api/v1/chat/list | Client: 127.0.0.1 | Dev: - | User: testuser1
2026-08-13 20:36:57.183 [DEBUG] [req-2e02d062] [receipt_api.Auth.rate_limiter] Rate limit key generated: '/api/v1/chat/list:127.0.0.1' (identifier='127.0.0.1', path='/api/v1/chat/list')
2026-08-13 20:36:57.183 [DEBUG] [req-2e02d062] [receipt_api.Auth.rate_limiter] Rate limit threshold check for key '/api/v1/chat/list:127.0.0.1': current bucket counter=0, threshold=60, window=60s
2026-08-13 20:36:57.183 [DEBUG] [req-2e02d062] [receipt_api.Auth.rate_limiter] Rate limit check passed for key '/api/v1/chat/list:127.0.0.1': updated bucket counter=1, remaining=59
2026-08-13 20:36:57.183 [DEBUG] [req-2e02d062] [receipt_api.Infrastructure.database] Initializing Supabase async client for URL: https://asdumcyjkvzawoxupoxu.supabase.co
2026-08-13 20:36:57.460 [DEBUG] [req-2e02d062] [receipt_api.Infrastructure.database] Supabase async client initialized successfully
2026-08-13 20:36:57.460 [DEBUG] [req-2e02d062] [receipt_api.Auth.identity] Parsing user headers: X-User-Name/X-User-ID='testuser1', X-User-Token='[PRESENT]'
2026-08-13 20:36:57.461 [DEBUG] [req-2e02d062] [receipt_api.Models.user_repository] SELECT user get_by_identifier: identifier='testuser1'
2026-08-13 20:36:57.461 [DEBUG] [req-2e02d062] [receipt_api.Models.user_repository] SELECT user get_by_username: username='testuser1'
2026-08-13 20:36:57.800 [INFO] [req-2e02d062] [receipt_api.Models.user_repository] SELECT user get_by_username finished: found=True in 339.29ms
2026-08-13 20:36:57.858 [DEBUG] [req-2e02d062] [receipt_api.Auth.identity] Constant-time digest comparison PASS for user token (username='testuser1')
2026-08-13 20:36:57.858 [INFO] [req-2e02d062] [receipt_api.Auth.identity] Identity resolved (mode=user): user_id=35771208-5c83-4803-8a72-377673e150ec, username=testuser1
2026-08-13 20:36:57.858 [DEBUG] [req-2e02d062] [receipt_api.API.chat] Entering list_conversations: limit=20, offset=0, identity (user_id=35771208-5c83-4803-8a72-377673e150ec)
2026-08-13 20:36:57.858 [DEBUG] [req-2e02d062] [receipt_api.Models.conversation_repository] SELECT conversations list_conversations: user_id=35771208-5c83-4803-8a72-377673e150ec, device_id=, limit=20, offset=0
2026-08-13 20:36:57.896 [INFO] [req-2e02d062] [receipt_api.Models.conversation_repository] SELECT conversations list_conversations succeeded: returned 0 rows in 37.72ms
2026-08-13 20:36:57.896 [INFO] [req-2e02d062] [receipt_api.API.chat] list_conversations returned 0 records for user_id=35771208-5c83-4803-8a72-377673e150ec
2026-08-13 20:36:57.897 [INFO] [req-2e02d062] [receipt_api.HTTP] <-- 200 GET /api/v1/chat/list (717.52ms)
2026-08-13 20:44:13.340 [INFO] [-] [receipt_api.HTTP] Shutting down Receipt API
2026-08-13 20:44:16.444 [INFO] [-] [receipt_api.HTTP] Starting Receipt API in development mode (Logging: True)
2026-08-13 20:49:10.611 [INFO] [req-bc424483] [receipt_api.HTTP] --> POST /api/v1/devices/register | Client: 127.0.0.1 | Dev: - | User: -
2026-08-13 20:49:10.645 [DEBUG] [req-bc424483] [receipt_api.Auth.rate_limiter] Rate limit key generated: '/api/v1/devices/register:127.0.0.1' (identifier='127.0.0.1', path='/api/v1/devices/register')
2026-08-13 20:49:10.645 [DEBUG] [req-bc424483] [receipt_api.Auth.rate_limiter] Rate limit threshold check for key '/api/v1/devices/register:127.0.0.1': current bucket counter=0, threshold=10, window=60s
2026-08-13 20:49:10.645 [DEBUG] [req-bc424483] [receipt_api.Auth.rate_limiter] Rate limit check passed for key '/api/v1/devices/register:127.0.0.1': updated bucket counter=1, remaining=9
2026-08-13 20:49:10.646 [DEBUG] [req-bc424483] [receipt_api.Infrastructure.database] Initializing Supabase async client for URL: https://asdumcyjkvzawoxupoxu.supabase.co
2026-08-13 20:49:11.046 [DEBUG] [req-bc424483] [receipt_api.Infrastructure.database] Supabase async client initialized successfully
2026-08-13 20:49:11.054 [ERROR] [req-bc424483] [receipt_api.HTTP] ❌ EXCEPTION POST /api/v1/devices/register (435.35ms): 'DeviceRegisterRequest' object has no attribute 'brand'
Traceback (most recent call last):
  File "C:\mobile-development\receipt_logging_backend\main.py", line 70, in request_trace_logging_middleware
    response = await call_next(request)
               ^^^^^^^^^^^^^^^^^^^^^^^^
  File "C:\mobile-development\receipt_logging_backend\.venv\Lib\site-packages\starlette\middleware\base.py", line 168, in call_next
    raise app_exc from app_exc.__cause__ or app_exc.__context__
  File "C:\mobile-development\receipt_logging_backend\.venv\Lib\site-packages\starlette\middleware\base.py", line 144, in coro
    await self.app(scope, receive_or_disconnect, send_no_error)
  File "C:\mobile-development\receipt_logging_backend\.venv\Lib\site-packages\starlette\middleware\exceptions.py", line 63, in __call__
    await wrap_app_handling_exceptions(self.app, conn)(scope, receive, send)
  File "C:\mobile-development\receipt_logging_backend\.venv\Lib\site-packages\starlette\_exception_handler.py", line 53, in wrapped_app
    raise exc
  File "C:\mobile-development\receipt_logging_backend\.venv\Lib\site-packages\starlette\_exception_handler.py", line 42, in wrapped_app
    await app(scope, receive, sender)
  File "C:\mobile-development\receipt_logging_backend\.venv\Lib\site-packages\fastapi\middleware\asyncexitstack.py", line 18, in __call__
    await self.app(scope, receive, send)
  File "C:\mobile-development\receipt_logging_backend\.venv\Lib\site-packages\starlette\routing.py", line 660, in __call__
    await self.middleware_stack(scope, receive, send)
  File "C:\mobile-development\receipt_logging_backend\.venv\Lib\site-packages\fastapi\routing.py", line 2734, in app
    await route.handle(scope, receive, send)
  File "C:\mobile-development\receipt_logging_backend\.venv\Lib\site-packages\fastapi\routing.py", line 1780, in handle
    await self.original_router.handle(scope, receive, send)
  File "C:\mobile-development\receipt_logging_backend\.venv\Lib\site-packages\fastapi\routing.py", line 2789, in handle
    await included_router._handle_selected(scope, receive, send)
  File "C:\mobile-development\receipt_logging_backend\.venv\Lib\site-packages\fastapi\routing.py", line 1800, in _handle_selected
    await original_route.handle(scope, receive, send)
  File "C:\mobile-development\receipt_logging_backend\.venv\Lib\site-packages\fastapi\routing.py", line 1279, in handle
    await app(scope, receive, send)
  File "C:\mobile-development\receipt_logging_backend\.venv\Lib\site-packages\fastapi\routing.py", line 158, in app
    await wrap_app_handling_exceptions(app, request)(scope, receive, send)
  File "C:\mobile-development\receipt_logging_backend\.venv\Lib\site-packages\starlette\_exception_handler.py", line 53, in wrapped_app
    raise exc
  File "C:\mobile-development\receipt_logging_backend\.venv\Lib\site-packages\starlette\_exception_handler.py", line 42, in wrapped_app
    await app(scope, receive, sender)
  File "C:\mobile-development\receipt_logging_backend\.venv\Lib\site-packages\fastapi\routing.py", line 144, in app
    response = await f(request)
               ^^^^^^^^^^^^^^^^
  File "C:\mobile-development\receipt_logging_backend\.venv\Lib\site-packages\fastapi\routing.py", line 706, in app
    raw_response = await run_endpoint_function(
                   ^^^^^^^^^^^^^^^^^^^^^^^^^^^^
    ...<3 lines>...
    )
    ^
  File "C:\mobile-development\receipt_logging_backend\.venv\Lib\site-packages\fastapi\routing.py", line 352, in run_endpoint_function
    return await dependant.call(**values)
           ^^^^^^^^^^^^^^^^^^^^^^^^^^^^^^
  File "C:\mobile-development\receipt_logging_backend\src\API\v1\devices.py", line 39, in register_device
    logger.debug("Entering register_device: device_name=%s, brand=%s, model=%s", body.device_name, body.brand, body.model)
                                                                                                   ^^^^^^^^^^
  File "C:\mobile-development\receipt_logging_backend\.venv\Lib\site-packages\pydantic\main.py", line 1042, in __getattr__
    raise AttributeError(f'{type(self).__name__!r} object has no attribute {item!r}')
AttributeError: 'DeviceRegisterRequest' object has no attribute 'brand'

2026-08-13 20:49:16.766 [INFO] [req-b7731ee7] [receipt_api.HTTP] --> POST /api/v1/devices/link | Client: 127.0.0.1 | Dev: - | User: -
2026-08-13 20:49:16.768 [DEBUG] [req-b7731ee7] [receipt_api.Auth.rate_limiter] Rate limit key generated: '/api/v1/devices/link:dev_886ed96c-c698-4696-ab06-666bfc0a2178' (identifier='dev_886ed96c-c698-4696-ab06-666bfc0a2178', path='/api/v1/devices/link')
2026-08-13 20:49:16.768 [DEBUG] [req-b7731ee7] [receipt_api.Auth.rate_limiter] Rate limit threshold check for key '/api/v1/devices/link:dev_886ed96c-c698-4696-ab06-666bfc0a2178': current bucket counter=0, threshold=10, window=60s
2026-08-13 20:49:16.768 [DEBUG] [req-b7731ee7] [receipt_api.Auth.rate_limiter] Rate limit check passed for key '/api/v1/devices/link:dev_886ed96c-c698-4696-ab06-666bfc0a2178': updated bucket counter=1, remaining=9
2026-08-13 20:49:16.768 [DEBUG] [req-b7731ee7] [receipt_api.Infrastructure.database] Initializing Supabase async client for URL: https://asdumcyjkvzawoxupoxu.supabase.co
2026-08-13 20:49:17.038 [DEBUG] [req-b7731ee7] [receipt_api.Infrastructure.database] Supabase async client initialized successfully
2026-08-13 20:49:17.039 [DEBUG] [req-b7731ee7] [receipt_api.Auth.identity] Parsing link bridge headers: X-Device-Name/X-Device-ID='dev_886ed96c-c698-4696-ab06-666bfc0a2178', X-Device-Token='[PRESENT]', X-User-Name/X-User-ID='None', X-User-Token='[NONE]'
2026-08-13 20:49:17.039 [DEBUG] [req-b7731ee7] [receipt_api.Models.device_repository] SELECT device get_by_device_id: device_name_or_uuid='dev_886ed96c-c698-4696-ab06-666bfc0a2178'
2026-08-13 20:49:17.822 [INFO] [req-b7731ee7] [receipt_api.Models.device_repository] SELECT device get_by_device_id matched by name: id=88721077-964a-4f26-83cf-c6e9503a5619 in 782.88ms
2026-08-13 20:49:17.822 [DEBUG] [req-b7731ee7] [receipt_api.Auth.identity] Constant-time digest comparison PASS for link bridge device token (device_name='dev_886ed96c-c698-4696-ab06-666bfc0a2178')
2026-08-13 20:49:17.822 [INFO] [req-b7731ee7] [receipt_api.Auth.identity] Identity resolved (mode=user): user_id=35771208-5c83-4803-8a72-377673e150ec, username=None, device_id=88721077-964a-4f26-83cf-c6e9503a5619, device_name=dev_886ed96c-c698-4696-ab06-666bfc0a2178
2026-08-13 20:49:17.822 [DEBUG] [req-b7731ee7] [receipt_api.API.devices] Entering link_device_user: device_name=dev_886ed96c-c698-4696-ab06-666bfc0a2178, target_username=None, identity (device_name=dev_886ed96c-c698-4696-ab06-666bfc0a2178, user_id=35771208-5c83-4803-8a72-377673e150ec)
2026-08-13 20:49:17.822 [DEBUG] [req-b7731ee7] [receipt_api.Models.device_repository] SELECT device get_by_device_id: device_name_or_uuid='dev_886ed96c-c698-4696-ab06-666bfc0a2178'
2026-08-13 20:49:17.855 [INFO] [req-b7731ee7] [receipt_api.Models.device_repository] SELECT device get_by_device_id matched by name: id=88721077-964a-4f26-83cf-c6e9503a5619 in 32.43ms
2026-08-13 20:49:17.855 [DEBUG] [req-b7731ee7] [receipt_api.Models.device_repository] link_user_by_names: device_name='dev_886ed96c-c698-4696-ab06-666bfc0a2178', username=None
2026-08-13 20:49:17.855 [DEBUG] [req-b7731ee7] [receipt_api.Models.device_repository] SELECT device get_by_device_id: device_name_or_uuid='dev_886ed96c-c698-4696-ab06-666bfc0a2178'
2026-08-13 20:49:17.900 [INFO] [req-b7731ee7] [receipt_api.Models.device_repository] SELECT device get_by_device_id matched by name: id=88721077-964a-4f26-83cf-c6e9503a5619 in 44.47ms
2026-08-13 20:49:17.944 [INFO] [req-b7731ee7] [receipt_api.Models.device_repository] link_user_by_names completed fallback update in 89.30ms
2026-08-13 20:49:17.945 [INFO] [req-b7731ee7] [receipt_api.API.devices] Device linked successfully: device_name=dev_886ed96c-c698-4696-ab06-666bfc0a2178, username=None
2026-08-13 20:49:17.945 [INFO] [req-b7731ee7] [receipt_api.HTTP] <-- 200 POST /api/v1/devices/link (1178.83ms)
2026-08-13 20:49:17.994 [INFO] [req-a7dd9400] [receipt_api.HTTP] --> POST /api/v1/devices/rotate-token | Client: 127.0.0.1 | Dev: - | User: -
2026-08-13 20:49:17.996 [DEBUG] [req-a7dd9400] [receipt_api.Auth.rate_limiter] Rate limit key generated: '/api/v1/devices/rotate-token:dev_886ed96c-c698-4696-ab06-666bfc0a2178' (identifier='dev_886ed96c-c698-4696-ab06-666bfc0a2178', path='/api/v1/devices/rotate-token')
2026-08-13 20:49:17.996 [DEBUG] [req-a7dd9400] [receipt_api.Auth.rate_limiter] Rate limit threshold check for key '/api/v1/devices/rotate-token:dev_886ed96c-c698-4696-ab06-666bfc0a2178': current bucket counter=0, threshold=10, window=60s
2026-08-13 20:49:17.996 [DEBUG] [req-a7dd9400] [receipt_api.Auth.rate_limiter] Rate limit check passed for key '/api/v1/devices/rotate-token:dev_886ed96c-c698-4696-ab06-666bfc0a2178': updated bucket counter=1, remaining=9
2026-08-13 20:49:17.996 [DEBUG] [req-a7dd9400] [receipt_api.Infrastructure.database] Initializing Supabase async client for URL: https://asdumcyjkvzawoxupoxu.supabase.co
2026-08-13 20:49:18.405 [DEBUG] [req-a7dd9400] [receipt_api.Infrastructure.database] Supabase async client initialized successfully
2026-08-13 20:49:18.406 [DEBUG] [req-a7dd9400] [receipt_api.Auth.identity] Parsing device headers: X-Device-Name/X-Device-ID='dev_886ed96c-c698-4696-ab06-666bfc0a2178', X-Device-Token='[PRESENT]'
2026-08-13 20:49:18.406 [DEBUG] [req-a7dd9400] [receipt_api.Models.device_repository] SELECT device get_by_device_id: device_name_or_uuid='dev_886ed96c-c698-4696-ab06-666bfc0a2178'
2026-08-13 20:49:18.865 [INFO] [req-a7dd9400] [receipt_api.Models.device_repository] SELECT device get_by_device_id matched by name: id=88721077-964a-4f26-83cf-c6e9503a5619 in 458.91ms
2026-08-13 20:49:18.865 [DEBUG] [req-a7dd9400] [receipt_api.Auth.identity] Constant-time digest comparison PASS for device token (device_name='dev_886ed96c-c698-4696-ab06-666bfc0a2178')
2026-08-13 20:49:18.865 [INFO] [req-a7dd9400] [receipt_api.Auth.identity] Identity resolved (mode=device): user_id=None, username=None, device_id=88721077-964a-4f26-83cf-c6e9503a5619, device_name=dev_886ed96c-c698-4696-ab06-666bfc0a2178
2026-08-13 20:49:18.865 [DEBUG] [req-a7dd9400] [receipt_api.API.devices] Entering rotate_device_token_endpoint: device_name=dev_886ed96c-c698-4696-ab06-666bfc0a2178
2026-08-13 20:49:18.865 [DEBUG] [req-a7dd9400] [receipt_api.Models.device_repository] UPDATE device rotate_device_token: device_name='dev_886ed96c-c698-4696-ab06-666bfc0a2178'
2026-08-13 20:49:18.866 [DEBUG] [req-a7dd9400] [receipt_api.Models.device_repository] SELECT device get_by_device_id: device_name_or_uuid='dev_886ed96c-c698-4696-ab06-666bfc0a2178'
2026-08-13 20:49:18.906 [INFO] [req-a7dd9400] [receipt_api.Models.device_repository] SELECT device get_by_device_id matched by name: id=88721077-964a-4f26-83cf-c6e9503a5619 in 40.17ms
2026-08-13 20:49:18.954 [INFO] [req-a7dd9400] [receipt_api.Models.device_repository] UPDATE device rotate_device_token succeeded in 88.66ms
2026-08-13 20:49:18.954 [INFO] [req-a7dd9400] [receipt_api.API.devices] Device token rotated successfully for device_name=dev_886ed96c-c698-4696-ab06-666bfc0a2178
2026-08-13 20:49:18.955 [INFO] [req-a7dd9400] [receipt_api.HTTP] <-- 200 POST /api/v1/devices/rotate-token (960.35ms)
2026-08-13 20:49:35.561 [INFO] [req-a056fb99] [receipt_api.HTTP] --> POST /api/v1/user/login | Client: 127.0.0.1 | Dev: - | User: -
2026-08-13 20:49:35.563 [DEBUG] [req-a056fb99] [receipt_api.Auth.rate_limiter] Rate limit key generated: '/api/v1/user/login:127.0.0.1' (identifier='127.0.0.1', path='/api/v1/user/login')
2026-08-13 20:49:35.563 [DEBUG] [req-a056fb99] [receipt_api.Auth.rate_limiter] Rate limit threshold check for key '/api/v1/user/login:127.0.0.1': current bucket counter=0, threshold=10, window=60s
2026-08-13 20:49:35.563 [DEBUG] [req-a056fb99] [receipt_api.Auth.rate_limiter] Rate limit check passed for key '/api/v1/user/login:127.0.0.1': updated bucket counter=1, remaining=9
2026-08-13 20:49:35.564 [DEBUG] [req-a056fb99] [receipt_api.Infrastructure.database] Initializing Supabase async client for URL: https://asdumcyjkvzawoxupoxu.supabase.co
2026-08-13 20:49:35.958 [DEBUG] [req-a056fb99] [receipt_api.Infrastructure.database] Supabase async client initialized successfully
2026-08-13 20:49:35.959 [DEBUG] [req-a056fb99] [receipt_api.API.user] Entering login_user: identifier=testuser1
2026-08-13 20:49:35.959 [DEBUG] [req-a056fb99] [receipt_api.Models.user_repository] SELECT user get_by_identifier: identifier='testuser1'
2026-08-13 20:49:35.959 [DEBUG] [req-a056fb99] [receipt_api.Models.user_repository] SELECT user get_by_username: username='testuser1'
2026-08-13 20:49:36.449 [INFO] [req-a056fb99] [receipt_api.Models.user_repository] SELECT user get_by_username finished: found=True in 490.23ms
2026-08-13 20:49:36.543 [WARNING] [req-a056fb99] [receipt_api.API.user] Login failed for user_id=35771208-5c83-4803-8a72-377673e150ec: incorrect password
2026-08-13 20:49:36.543 [INFO] [req-a056fb99] [receipt_api.HTTP] <-- 401 POST /api/v1/user/login (982.03ms)
2026-08-13 20:49:43.188 [INFO] [req-a45bdcb7] [receipt_api.HTTP] --> POST /api/v1/user/login | Client: 127.0.0.1 | Dev: - | User: -
2026-08-13 20:49:43.189 [DEBUG] [req-a45bdcb7] [receipt_api.Auth.rate_limiter] Rate limit key generated: '/api/v1/user/login:127.0.0.1' (identifier='127.0.0.1', path='/api/v1/user/login')
2026-08-13 20:49:43.189 [DEBUG] [req-a45bdcb7] [receipt_api.Auth.rate_limiter] Rate limit threshold check for key '/api/v1/user/login:127.0.0.1': current bucket counter=1, threshold=10, window=60s
2026-08-13 20:49:43.189 [DEBUG] [req-a45bdcb7] [receipt_api.Auth.rate_limiter] Rate limit check passed for key '/api/v1/user/login:127.0.0.1': updated bucket counter=2, remaining=8
2026-08-13 20:49:43.190 [DEBUG] [req-a45bdcb7] [receipt_api.Infrastructure.database] Initializing Supabase async client for URL: https://asdumcyjkvzawoxupoxu.supabase.co
2026-08-13 20:49:43.599 [DEBUG] [req-a45bdcb7] [receipt_api.Infrastructure.database] Supabase async client initialized successfully
2026-08-13 20:49:43.599 [DEBUG] [req-a45bdcb7] [receipt_api.API.user] Entering login_user: identifier=testuser1
2026-08-13 20:49:43.599 [DEBUG] [req-a45bdcb7] [receipt_api.Models.user_repository] SELECT user get_by_identifier: identifier='testuser1'
2026-08-13 20:49:43.600 [DEBUG] [req-a45bdcb7] [receipt_api.Models.user_repository] SELECT user get_by_username: username='testuser1'
2026-08-13 20:49:44.105 [INFO] [req-a45bdcb7] [receipt_api.Models.user_repository] SELECT user get_by_username finished: found=True in 505.03ms
2026-08-13 20:49:44.198 [INFO] [req-a45bdcb7] [receipt_api.API.user] User logged in successfully: user_id=35771208-5c83-4803-8a72-377673e150ec, username=testuser1
2026-08-13 20:49:44.199 [INFO] [req-a45bdcb7] [receipt_api.HTTP] <-- 200 POST /api/v1/user/login (1010.47ms)
2026-08-13 20:49:44.241 [INFO] [req-dd917b6d] [receipt_api.HTTP] --> POST /api/v1/devices/link | Client: 127.0.0.1 | Dev: - | User: testuser1
2026-08-13 20:49:44.242 [DEBUG] [req-dd917b6d] [receipt_api.Auth.rate_limiter] Rate limit key generated: '/api/v1/devices/link:dev_886ed96c-c698-4696-ab06-666bfc0a2178' (identifier='dev_886ed96c-c698-4696-ab06-666bfc0a2178', path='/api/v1/devices/link')
2026-08-13 20:49:44.242 [DEBUG] [req-dd917b6d] [receipt_api.Auth.rate_limiter] Rate limit threshold check for key '/api/v1/devices/link:dev_886ed96c-c698-4696-ab06-666bfc0a2178': current bucket counter=1, threshold=10, window=60s
2026-08-13 20:49:44.243 [DEBUG] [req-dd917b6d] [receipt_api.Auth.rate_limiter] Rate limit check passed for key '/api/v1/devices/link:dev_886ed96c-c698-4696-ab06-666bfc0a2178': updated bucket counter=2, remaining=8
2026-08-13 20:49:44.243 [DEBUG] [req-dd917b6d] [receipt_api.Infrastructure.database] Initializing Supabase async client for URL: https://asdumcyjkvzawoxupoxu.supabase.co
2026-08-13 20:49:44.534 [DEBUG] [req-dd917b6d] [receipt_api.Infrastructure.database] Supabase async client initialized successfully
2026-08-13 20:49:44.534 [DEBUG] [req-dd917b6d] [receipt_api.Auth.identity] Parsing link bridge headers: X-Device-Name/X-Device-ID='dev_886ed96c-c698-4696-ab06-666bfc0a2178', X-Device-Token='[PRESENT]', X-User-Name/X-User-ID='testuser1', X-User-Token='[PRESENT]'
2026-08-13 20:49:44.534 [DEBUG] [req-dd917b6d] [receipt_api.Models.device_repository] SELECT device get_by_device_id: device_name_or_uuid='dev_886ed96c-c698-4696-ab06-666bfc0a2178'
2026-08-13 20:49:44.870 [INFO] [req-dd917b6d] [receipt_api.Models.device_repository] SELECT device get_by_device_id matched by name: id=88721077-964a-4f26-83cf-c6e9503a5619 in 335.42ms
2026-08-13 20:49:44.870 [DEBUG] [req-dd917b6d] [receipt_api.Auth.identity] Constant-time digest comparison PASS for link bridge device token (device_name='dev_886ed96c-c698-4696-ab06-666bfc0a2178')
2026-08-13 20:49:44.870 [DEBUG] [req-dd917b6d] [receipt_api.Models.user_repository] SELECT user get_by_identifier: identifier='testuser1'
2026-08-13 20:49:44.870 [DEBUG] [req-dd917b6d] [receipt_api.Models.user_repository] SELECT user get_by_username: username='testuser1'
2026-08-13 20:49:44.908 [INFO] [req-dd917b6d] [receipt_api.Models.user_repository] SELECT user get_by_username finished: found=True in 37.56ms
2026-08-13 20:49:44.970 [DEBUG] [req-dd917b6d] [receipt_api.Auth.identity] Constant-time digest comparison PASS for link bridge user token (username='testuser1')
2026-08-13 20:49:44.970 [INFO] [req-dd917b6d] [receipt_api.Auth.identity] Identity resolved (mode=user): user_id=35771208-5c83-4803-8a72-377673e150ec, username=testuser1, device_id=88721077-964a-4f26-83cf-c6e9503a5619, device_name=dev_886ed96c-c698-4696-ab06-666bfc0a2178
2026-08-13 20:49:44.970 [DEBUG] [req-dd917b6d] [receipt_api.API.devices] Entering link_device_user: device_name=dev_886ed96c-c698-4696-ab06-666bfc0a2178, target_username=testuser1, identity (device_name=dev_886ed96c-c698-4696-ab06-666bfc0a2178, user_id=35771208-5c83-4803-8a72-377673e150ec)
2026-08-13 20:49:44.970 [DEBUG] [req-dd917b6d] [receipt_api.Models.device_repository] SELECT device get_by_device_id: device_name_or_uuid='dev_886ed96c-c698-4696-ab06-666bfc0a2178'
2026-08-13 20:49:45.000 [INFO] [req-dd917b6d] [receipt_api.Models.device_repository] SELECT device get_by_device_id matched by name: id=88721077-964a-4f26-83cf-c6e9503a5619 in 30.29ms
2026-08-13 20:49:45.001 [DEBUG] [req-dd917b6d] [receipt_api.Models.device_repository] link_user_by_names: device_name='dev_886ed96c-c698-4696-ab06-666bfc0a2178', username=testuser1
2026-08-13 20:49:45.001 [DEBUG] [req-dd917b6d] [receipt_api.Models.device_repository] SELECT device get_by_device_id: device_name_or_uuid='dev_886ed96c-c698-4696-ab06-666bfc0a2178'
2026-08-13 20:49:45.039 [INFO] [req-dd917b6d] [receipt_api.Models.device_repository] SELECT device get_by_device_id matched by name: id=88721077-964a-4f26-83cf-c6e9503a5619 in 38.39ms
2026-08-13 20:49:45.039 [DEBUG] [req-dd917b6d] [receipt_api.Models.user_repository] SELECT user get_by_identifier: identifier='testuser1'
2026-08-13 20:49:45.039 [DEBUG] [req-dd917b6d] [receipt_api.Models.user_repository] SELECT user get_by_username: username='testuser1'
2026-08-13 20:49:45.084 [INFO] [req-dd917b6d] [receipt_api.Models.user_repository] SELECT user get_by_username finished: found=True in 44.69ms
2026-08-13 20:49:45.084 [DEBUG] [req-dd917b6d] [receipt_api.Models.device_repository] Calling RPC link_device_and_migrate_guest_data for device='dev_886ed96c-c698-4696-ab06-666bfc0a2178'
2026-08-13 20:49:45.127 [INFO] [req-dd917b6d] [receipt_api.Models.device_repository] Atomic guest migration RPC complete for device name=dev_886ed96c-c698-4696-ab06-666bfc0a2178: receipts=0 conversations=0
2026-08-13 20:49:45.127 [DEBUG] [req-dd917b6d] [receipt_api.Models.device_repository] SELECT device get_by_device_id: device_name_or_uuid='88721077-964a-4f26-83cf-c6e9503a5619'
2026-08-13 20:49:45.193 [INFO] [req-dd917b6d] [receipt_api.Models.device_repository] SELECT device get_by_device_id fallback UUID search finished: found=True in 65.66ms
2026-08-13 20:49:45.193 [INFO] [req-dd917b6d] [receipt_api.Models.device_repository] link_user_by_names RPC succeeded in 192.50ms
2026-08-13 20:49:45.193 [INFO] [req-dd917b6d] [receipt_api.API.devices] Device linked successfully: device_name=dev_886ed96c-c698-4696-ab06-666bfc0a2178, username=testuser1
2026-08-13 20:49:45.194 [INFO] [req-dd917b6d] [receipt_api.HTTP] <-- 200 POST /api/v1/devices/link (952.46ms)
2026-08-13 20:49:45.256 [INFO] [req-fce66284] [receipt_api.HTTP] --> GET /api/v1/receipts/ | Client: 127.0.0.1 | Dev: - | User: testuser1
2026-08-13 20:49:45.257 [DEBUG] [req-fce66284] [receipt_api.Auth.rate_limiter] Rate limit key generated: '/api/v1/receipts/:127.0.0.1' (identifier='127.0.0.1', path='/api/v1/receipts/')
2026-08-13 20:49:45.257 [DEBUG] [req-fce66284] [receipt_api.Auth.rate_limiter] Rate limit threshold check for key '/api/v1/receipts/:127.0.0.1': current bucket counter=0, threshold=60, window=60s
2026-08-13 20:49:45.257 [DEBUG] [req-fce66284] [receipt_api.Auth.rate_limiter] Rate limit check passed for key '/api/v1/receipts/:127.0.0.1': updated bucket counter=1, remaining=59
2026-08-13 20:49:45.257 [DEBUG] [req-fce66284] [receipt_api.Infrastructure.database] Initializing Supabase async client for URL: https://asdumcyjkvzawoxupoxu.supabase.co
2026-08-13 20:49:45.532 [DEBUG] [req-fce66284] [receipt_api.Infrastructure.database] Supabase async client initialized successfully
2026-08-13 20:49:45.533 [DEBUG] [req-fce66284] [receipt_api.Auth.identity] Parsing user headers: X-User-Name/X-User-ID='testuser1', X-User-Token='[PRESENT]'
2026-08-13 20:49:45.533 [DEBUG] [req-fce66284] [receipt_api.Models.user_repository] SELECT user get_by_identifier: identifier='testuser1'
2026-08-13 20:49:45.533 [DEBUG] [req-fce66284] [receipt_api.Models.user_repository] SELECT user get_by_username: username='testuser1'
2026-08-13 20:49:45.910 [INFO] [req-fce66284] [receipt_api.Models.user_repository] SELECT user get_by_username finished: found=True in 377.14ms
2026-08-13 20:49:45.971 [DEBUG] [req-fce66284] [receipt_api.Auth.identity] Constant-time digest comparison PASS for user token (username='testuser1')
2026-08-13 20:49:45.971 [INFO] [req-fce66284] [receipt_api.Auth.identity] Identity resolved (mode=user): user_id=35771208-5c83-4803-8a72-377673e150ec, username=testuser1
2026-08-13 20:49:45.972 [DEBUG] [req-fce66284] [receipt_api.API.receipts] Entering list_receipts: updated_after=None, limit=20, offset=0, identity (user_id=35771208-5c83-4803-8a72-377673e150ec, username=testuser1)
2026-08-13 20:49:45.972 [DEBUG] [req-fce66284] [receipt_api.Models.receipt_repository] SELECT receipts get_all_by_identity: user_id=35771208-5c83-4803-8a72-377673e150ec, device_id=, updated_after=None, limit=20, offset=0
2026-08-13 20:49:46.012 [INFO] [req-fce66284] [receipt_api.Models.receipt_repository] SELECT receipts get_all_by_identity succeeded: returned 2 rows in 39.91ms
2026-08-13 20:49:46.012 [INFO] [req-fce66284] [receipt_api.API.receipts] list_receipts fetched 2 records for user_id=35771208-5c83-4803-8a72-377673e150ec
2026-08-13 20:49:46.012 [INFO] [req-fce66284] [receipt_api.HTTP] <-- 200 GET /api/v1/receipts/ (756.47ms)
2026-08-13 20:49:46.099 [INFO] [req-855fd818] [receipt_api.HTTP] --> GET /api/v1/chat/list | Client: 127.0.0.1 | Dev: - | User: testuser1
2026-08-13 20:49:46.119 [DEBUG] [req-855fd818] [receipt_api.Auth.rate_limiter] Rate limit key generated: '/api/v1/chat/list:127.0.0.1' (identifier='127.0.0.1', path='/api/v1/chat/list')
2026-08-13 20:49:46.120 [DEBUG] [req-855fd818] [receipt_api.Auth.rate_limiter] Rate limit threshold check for key '/api/v1/chat/list:127.0.0.1': current bucket counter=0, threshold=60, window=60s
2026-08-13 20:49:46.120 [DEBUG] [req-855fd818] [receipt_api.Auth.rate_limiter] Rate limit check passed for key '/api/v1/chat/list:127.0.0.1': updated bucket counter=1, remaining=59
2026-08-13 20:49:46.120 [DEBUG] [req-855fd818] [receipt_api.Infrastructure.database] Initializing Supabase async client for URL: https://asdumcyjkvzawoxupoxu.supabase.co
2026-08-13 20:49:46.398 [DEBUG] [req-855fd818] [receipt_api.Infrastructure.database] Supabase async client initialized successfully
2026-08-13 20:49:46.398 [DEBUG] [req-855fd818] [receipt_api.Auth.identity] Parsing user headers: X-User-Name/X-User-ID='testuser1', X-User-Token='[PRESENT]'
2026-08-13 20:49:46.398 [DEBUG] [req-855fd818] [receipt_api.Models.user_repository] SELECT user get_by_identifier: identifier='testuser1'
2026-08-13 20:49:46.398 [DEBUG] [req-855fd818] [receipt_api.Models.user_repository] SELECT user get_by_username: username='testuser1'
2026-08-13 20:49:46.769 [INFO] [req-855fd818] [receipt_api.Models.user_repository] SELECT user get_by_username finished: found=True in 370.49ms
2026-08-13 20:49:46.834 [DEBUG] [req-855fd818] [receipt_api.Auth.identity] Constant-time digest comparison PASS for user token (username='testuser1')
2026-08-13 20:49:46.834 [INFO] [req-855fd818] [receipt_api.Auth.identity] Identity resolved (mode=user): user_id=35771208-5c83-4803-8a72-377673e150ec, username=testuser1
2026-08-13 20:49:46.834 [DEBUG] [req-855fd818] [receipt_api.API.chat] Entering list_conversations: limit=20, offset=0, identity (user_id=35771208-5c83-4803-8a72-377673e150ec)
2026-08-13 20:49:46.834 [DEBUG] [req-855fd818] [receipt_api.Models.conversation_repository] SELECT conversations list_conversations: user_id=35771208-5c83-4803-8a72-377673e150ec, device_id=, limit=20, offset=0
2026-08-13 20:49:46.863 [INFO] [req-855fd818] [receipt_api.Models.conversation_repository] SELECT conversations list_conversations succeeded: returned 0 rows in 28.75ms
2026-08-13 20:49:46.863 [INFO] [req-855fd818] [receipt_api.API.chat] list_conversations returned 0 records for user_id=35771208-5c83-4803-8a72-377673e150ec
2026-08-13 20:49:46.863 [INFO] [req-855fd818] [receipt_api.HTTP] <-- 200 GET /api/v1/chat/list (764.05ms)
2026-08-13 20:49:57.790 [INFO] [req-45b189a5] [receipt_api.HTTP] --> POST /api/v1/scan/parse | Client: 127.0.0.1 | Dev: - | User: testuser1
2026-08-13 20:49:57.793 [DEBUG] [req-45b189a5] [receipt_api.Auth.rate_limiter] Rate limit key generated: '/api/v1/scan/parse:127.0.0.1' (identifier='127.0.0.1', path='/api/v1/scan/parse')
2026-08-13 20:49:57.793 [DEBUG] [req-45b189a5] [receipt_api.Auth.rate_limiter] Rate limit threshold check for key '/api/v1/scan/parse:127.0.0.1': current bucket counter=0, threshold=5, window=60s
2026-08-13 20:49:57.793 [DEBUG] [req-45b189a5] [receipt_api.Auth.rate_limiter] Rate limit check passed for key '/api/v1/scan/parse:127.0.0.1': updated bucket counter=1, remaining=4
2026-08-13 20:49:57.793 [DEBUG] [req-45b189a5] [receipt_api.Infrastructure.database] Initializing Supabase async client for URL: https://asdumcyjkvzawoxupoxu.supabase.co
2026-08-13 20:49:58.070 [DEBUG] [req-45b189a5] [receipt_api.Infrastructure.database] Supabase async client initialized successfully
2026-08-13 20:49:58.070 [DEBUG] [req-45b189a5] [receipt_api.Auth.identity] Parsing scoped identity headers: X-Request-Type='user', X-Device-Name/X-Device-ID='None', X-Device-Token='[NONE]', X-User-Name/X-User-ID='testuser1', X-User-Token='[PRESENT]'
2026-08-13 20:49:58.070 [DEBUG] [req-45b189a5] [receipt_api.Models.user_repository] SELECT user get_by_identifier: identifier='testuser1'
2026-08-13 20:49:58.071 [DEBUG] [req-45b189a5] [receipt_api.Models.user_repository] SELECT user get_by_username: username='testuser1'
2026-08-13 20:49:58.448 [INFO] [req-45b189a5] [receipt_api.Models.user_repository] SELECT user get_by_username finished: found=True in 377.68ms
2026-08-13 20:49:58.510 [DEBUG] [req-45b189a5] [receipt_api.Auth.identity] Constant-time digest comparison PASS for user token (username='testuser1')
2026-08-13 20:49:58.510 [INFO] [req-45b189a5] [receipt_api.Auth.identity] Identity resolved (mode=user): user_id=35771208-5c83-4803-8a72-377673e150ec, username=testuser1
2026-08-13 20:49:59.059 [DEBUG] [req-45b189a5] [receipt_api.API.scan] Entering parse_receipt: filename=CAP6647293679784829340.jpg, content_type=image/jpeg, identity (user_id=35771208-5c83-4803-8a72-377673e150ec, device_id=)
2026-08-13 20:49:59.059 [DEBUG] [req-45b189a5] [receipt_api.API.scan] Read receipt image bytes: size=310634 bytes
2026-08-13 20:49:59.060 [DEBUG] [req-45b189a5] [receipt_api.Services.extraction_service] extract_from_image called: mime_type=image/jpeg, bytes_size=310634
2026-08-13 20:49:59.060 [INFO] [req-45b189a5] [receipt_api.Services.extraction_service] Triggering Gemini vision model gemini-3.6-flash for receipt image extraction (310634 bytes, mime=image/jpeg)
2026-08-13 20:50:08.892 [INFO] [req-45b189a5] [receipt_api.Services.extraction_service] Gemini vision response received. Output text len=973, usage_metadata=cache_tokens_details=None cached_content_token_count=None candidates_token_count=402 candidates_tokens_details=None prompt_token_count=1452 prompt_tokens_details=[ModalityTokenCount(
  modality=<MediaModality.TEXT: 'TEXT'>,
  token_count=352
), ModalityTokenCount(
  modality=<MediaModality.IMAGE: 'IMAGE'>,
  token_count=1100
)] thoughts_token_count=1351 tool_use_prompt_token_count=None tool_use_prompt_tokens_details=None total_token_count=3205 traffic_type=None
2026-08-13 20:50:08.892 [INFO] [req-45b189a5] [receipt_api.Services.extraction_service] Successfully extracted receipt: merchant='DBS Bank Ltd', total=89.00, confidence=0.95, items_count=4
2026-08-13 20:50:08.892 [INFO] [req-45b189a5] [receipt_api.API.scan] Parse receipt successful: merchant=DBS Bank Ltd, total=89.00, confidence=0.95
2026-08-13 20:50:08.892 [INFO] [req-45b189a5] [receipt_api.HTTP] <-- 200 POST /api/v1/scan/parse (11102.41ms)
2026-08-13 20:58:09.196 [INFO] [req-94fc01ec] [receipt_api.HTTP] --> POST /api/v1/devices/link | Client: 127.0.0.1 | Dev: - | User: -
2026-08-13 20:58:09.197 [DEBUG] [req-94fc01ec] [receipt_api.Auth.rate_limiter] Rate limit key generated: '/api/v1/devices/link:dev_886ed96c-c698-4696-ab06-666bfc0a2178' (identifier='dev_886ed96c-c698-4696-ab06-666bfc0a2178', path='/api/v1/devices/link')
2026-08-13 20:58:09.197 [DEBUG] [req-94fc01ec] [receipt_api.Auth.rate_limiter] Rate limit threshold check for key '/api/v1/devices/link:dev_886ed96c-c698-4696-ab06-666bfc0a2178': current bucket counter=0, threshold=10, window=60s
2026-08-13 20:58:09.197 [DEBUG] [req-94fc01ec] [receipt_api.Auth.rate_limiter] Rate limit check passed for key '/api/v1/devices/link:dev_886ed96c-c698-4696-ab06-666bfc0a2178': updated bucket counter=1, remaining=9
2026-08-13 20:58:09.197 [DEBUG] [req-94fc01ec] [receipt_api.Infrastructure.database] Initializing Supabase async client for URL: https://asdumcyjkvzawoxupoxu.supabase.co
2026-08-13 20:58:09.460 [DEBUG] [req-94fc01ec] [receipt_api.Infrastructure.database] Supabase async client initialized successfully
2026-08-13 20:58:09.461 [DEBUG] [req-94fc01ec] [receipt_api.Auth.identity] Parsing link bridge headers: X-Device-Name/X-Device-ID='dev_886ed96c-c698-4696-ab06-666bfc0a2178', X-Device-Token='[PRESENT]', X-User-Name/X-User-ID='None', X-User-Token='[NONE]'
2026-08-13 20:58:09.461 [DEBUG] [req-94fc01ec] [receipt_api.Models.device_repository] SELECT device get_by_device_id: device_name_or_uuid='dev_886ed96c-c698-4696-ab06-666bfc0a2178'
2026-08-13 20:58:10.085 [INFO] [req-94fc01ec] [receipt_api.Models.device_repository] SELECT device get_by_device_id matched by name: id=88721077-964a-4f26-83cf-c6e9503a5619 in 624.23ms
2026-08-13 20:58:10.085 [DEBUG] [req-94fc01ec] [receipt_api.Auth.identity] Constant-time digest comparison PASS for link bridge device token (device_name='dev_886ed96c-c698-4696-ab06-666bfc0a2178')
2026-08-13 20:58:10.086 [INFO] [req-94fc01ec] [receipt_api.Auth.identity] Identity resolved (mode=user): user_id=35771208-5c83-4803-8a72-377673e150ec, username=None, device_id=88721077-964a-4f26-83cf-c6e9503a5619, device_name=dev_886ed96c-c698-4696-ab06-666bfc0a2178
2026-08-13 20:58:10.086 [DEBUG] [req-94fc01ec] [receipt_api.API.devices] Entering link_device_user: device_name=dev_886ed96c-c698-4696-ab06-666bfc0a2178, target_username=None, identity (device_name=dev_886ed96c-c698-4696-ab06-666bfc0a2178, user_id=35771208-5c83-4803-8a72-377673e150ec)
2026-08-13 20:58:10.086 [DEBUG] [req-94fc01ec] [receipt_api.Models.device_repository] SELECT device get_by_device_id: device_name_or_uuid='dev_886ed96c-c698-4696-ab06-666bfc0a2178'
2026-08-13 20:58:10.135 [INFO] [req-94fc01ec] [receipt_api.Models.device_repository] SELECT device get_by_device_id matched by name: id=88721077-964a-4f26-83cf-c6e9503a5619 in 49.19ms
2026-08-13 20:58:10.135 [DEBUG] [req-94fc01ec] [receipt_api.Models.device_repository] link_user_by_names: device_name='dev_886ed96c-c698-4696-ab06-666bfc0a2178', username=None
2026-08-13 20:58:10.135 [DEBUG] [req-94fc01ec] [receipt_api.Models.device_repository] SELECT device get_by_device_id: device_name_or_uuid='dev_886ed96c-c698-4696-ab06-666bfc0a2178'
2026-08-13 20:58:10.167 [INFO] [req-94fc01ec] [receipt_api.Models.device_repository] SELECT device get_by_device_id matched by name: id=88721077-964a-4f26-83cf-c6e9503a5619 in 31.89ms
2026-08-13 20:58:10.210 [INFO] [req-94fc01ec] [receipt_api.Models.device_repository] link_user_by_names completed fallback update in 74.68ms
2026-08-13 20:58:10.210 [INFO] [req-94fc01ec] [receipt_api.API.devices] Device linked successfully: device_name=dev_886ed96c-c698-4696-ab06-666bfc0a2178, username=None
2026-08-13 20:58:10.210 [INFO] [req-94fc01ec] [receipt_api.HTTP] <-- 200 POST /api/v1/devices/link (1014.62ms)
2026-08-13 20:58:10.243 [INFO] [req-35f7fbf6] [receipt_api.HTTP] --> POST /api/v1/devices/rotate-token | Client: 127.0.0.1 | Dev: - | User: -
2026-08-13 20:58:10.251 [DEBUG] [req-35f7fbf6] [receipt_api.Auth.rate_limiter] Rate limit key generated: '/api/v1/devices/rotate-token:dev_886ed96c-c698-4696-ab06-666bfc0a2178' (identifier='dev_886ed96c-c698-4696-ab06-666bfc0a2178', path='/api/v1/devices/rotate-token')
2026-08-13 20:58:10.251 [DEBUG] [req-35f7fbf6] [receipt_api.Auth.rate_limiter] Rate limit threshold check for key '/api/v1/devices/rotate-token:dev_886ed96c-c698-4696-ab06-666bfc0a2178': current bucket counter=0, threshold=10, window=60s
2026-08-13 20:58:10.251 [DEBUG] [req-35f7fbf6] [receipt_api.Auth.rate_limiter] Rate limit check passed for key '/api/v1/devices/rotate-token:dev_886ed96c-c698-4696-ab06-666bfc0a2178': updated bucket counter=1, remaining=9
2026-08-13 20:58:10.251 [DEBUG] [req-35f7fbf6] [receipt_api.Infrastructure.database] Initializing Supabase async client for URL: https://asdumcyjkvzawoxupoxu.supabase.co
2026-08-13 20:58:10.514 [DEBUG] [req-35f7fbf6] [receipt_api.Infrastructure.database] Supabase async client initialized successfully
2026-08-13 20:58:10.515 [DEBUG] [req-35f7fbf6] [receipt_api.Auth.identity] Parsing device headers: X-Device-Name/X-Device-ID='dev_886ed96c-c698-4696-ab06-666bfc0a2178', X-Device-Token='[PRESENT]'
2026-08-13 20:58:10.515 [DEBUG] [req-35f7fbf6] [receipt_api.Models.device_repository] SELECT device get_by_device_id: device_name_or_uuid='dev_886ed96c-c698-4696-ab06-666bfc0a2178'
2026-08-13 20:58:10.823 [INFO] [req-35f7fbf6] [receipt_api.Models.device_repository] SELECT device get_by_device_id matched by name: id=88721077-964a-4f26-83cf-c6e9503a5619 in 308.28ms
2026-08-13 20:58:10.823 [DEBUG] [req-35f7fbf6] [receipt_api.Auth.identity] Constant-time digest comparison PASS for device token (device_name='dev_886ed96c-c698-4696-ab06-666bfc0a2178')
2026-08-13 20:58:10.823 [INFO] [req-35f7fbf6] [receipt_api.Auth.identity] Identity resolved (mode=device): user_id=None, username=None, device_id=88721077-964a-4f26-83cf-c6e9503a5619, device_name=dev_886ed96c-c698-4696-ab06-666bfc0a2178
2026-08-13 20:58:10.824 [DEBUG] [req-35f7fbf6] [receipt_api.API.devices] Entering rotate_device_token_endpoint: device_name=dev_886ed96c-c698-4696-ab06-666bfc0a2178
2026-08-13 20:58:10.824 [DEBUG] [req-35f7fbf6] [receipt_api.Models.device_repository] UPDATE device rotate_device_token: device_name='dev_886ed96c-c698-4696-ab06-666bfc0a2178'
2026-08-13 20:58:10.824 [DEBUG] [req-35f7fbf6] [receipt_api.Models.device_repository] SELECT device get_by_device_id: device_name_or_uuid='dev_886ed96c-c698-4696-ab06-666bfc0a2178'
2026-08-13 20:58:10.856 [INFO] [req-35f7fbf6] [receipt_api.Models.device_repository] SELECT device get_by_device_id matched by name: id=88721077-964a-4f26-83cf-c6e9503a5619 in 31.87ms
2026-08-13 20:58:10.885 [INFO] [req-35f7fbf6] [receipt_api.Models.device_repository] UPDATE device rotate_device_token succeeded in 60.88ms
2026-08-13 20:58:10.885 [INFO] [req-35f7fbf6] [receipt_api.API.devices] Device token rotated successfully for device_name=dev_886ed96c-c698-4696-ab06-666bfc0a2178
2026-08-13 20:58:10.885 [INFO] [req-35f7fbf6] [receipt_api.HTTP] <-- 200 POST /api/v1/devices/rotate-token (641.63ms)
2026-08-13 20:58:33.809 [INFO] [req-80b768f4] [receipt_api.HTTP] --> POST /api/v1/user/login | Client: 127.0.0.1 | Dev: - | User: -
2026-08-13 20:58:33.809 [DEBUG] [req-80b768f4] [receipt_api.Auth.rate_limiter] Rate limit key generated: '/api/v1/user/login:127.0.0.1' (identifier='127.0.0.1', path='/api/v1/user/login')
2026-08-13 20:58:33.810 [DEBUG] [req-80b768f4] [receipt_api.Auth.rate_limiter] Rate limit threshold check for key '/api/v1/user/login:127.0.0.1': current bucket counter=0, threshold=10, window=60s
2026-08-13 20:58:33.810 [DEBUG] [req-80b768f4] [receipt_api.Auth.rate_limiter] Rate limit check passed for key '/api/v1/user/login:127.0.0.1': updated bucket counter=1, remaining=9
2026-08-13 20:58:33.810 [DEBUG] [req-80b768f4] [receipt_api.Infrastructure.database] Initializing Supabase async client for URL: https://asdumcyjkvzawoxupoxu.supabase.co
2026-08-13 20:58:34.067 [DEBUG] [req-80b768f4] [receipt_api.Infrastructure.database] Supabase async client initialized successfully
2026-08-13 20:58:34.067 [DEBUG] [req-80b768f4] [receipt_api.API.user] Entering login_user: identifier=testuser1
2026-08-13 20:58:34.067 [DEBUG] [req-80b768f4] [receipt_api.Models.user_repository] SELECT user get_by_identifier: identifier='testuser1'
2026-08-13 20:58:34.067 [DEBUG] [req-80b768f4] [receipt_api.Models.user_repository] SELECT user get_by_username: username='testuser1'
2026-08-13 20:58:34.398 [INFO] [req-80b768f4] [receipt_api.Models.user_repository] SELECT user get_by_username finished: found=True in 331.22ms
2026-08-13 20:58:34.457 [INFO] [req-80b768f4] [receipt_api.API.user] User logged in successfully: user_id=35771208-5c83-4803-8a72-377673e150ec, username=testuser1
2026-08-13 20:58:34.458 [INFO] [req-80b768f4] [receipt_api.HTTP] <-- 200 POST /api/v1/user/login (649.00ms)
2026-08-13 20:58:34.491 [INFO] [req-b41fd5ee] [receipt_api.HTTP] --> POST /api/v1/devices/link | Client: 127.0.0.1 | Dev: - | User: testuser1
2026-08-13 20:58:34.492 [DEBUG] [req-b41fd5ee] [receipt_api.Auth.rate_limiter] Rate limit key generated: '/api/v1/devices/link:dev_886ed96c-c698-4696-ab06-666bfc0a2178' (identifier='dev_886ed96c-c698-4696-ab06-666bfc0a2178', path='/api/v1/devices/link')
2026-08-13 20:58:34.492 [DEBUG] [req-b41fd5ee] [receipt_api.Auth.rate_limiter] Rate limit threshold check for key '/api/v1/devices/link:dev_886ed96c-c698-4696-ab06-666bfc0a2178': current bucket counter=1, threshold=10, window=60s
2026-08-13 20:58:34.493 [DEBUG] [req-b41fd5ee] [receipt_api.Auth.rate_limiter] Rate limit check passed for key '/api/v1/devices/link:dev_886ed96c-c698-4696-ab06-666bfc0a2178': updated bucket counter=2, remaining=8
2026-08-13 20:58:34.493 [DEBUG] [req-b41fd5ee] [receipt_api.Infrastructure.database] Initializing Supabase async client for URL: https://asdumcyjkvzawoxupoxu.supabase.co
2026-08-13 20:58:34.751 [DEBUG] [req-b41fd5ee] [receipt_api.Infrastructure.database] Supabase async client initialized successfully
2026-08-13 20:58:34.752 [DEBUG] [req-b41fd5ee] [receipt_api.Auth.identity] Parsing link bridge headers: X-Device-Name/X-Device-ID='dev_886ed96c-c698-4696-ab06-666bfc0a2178', X-Device-Token='[PRESENT]', X-User-Name/X-User-ID='testuser1', X-User-Token='[PRESENT]'
2026-08-13 20:58:34.752 [DEBUG] [req-b41fd5ee] [receipt_api.Models.device_repository] SELECT device get_by_device_id: device_name_or_uuid='dev_886ed96c-c698-4696-ab06-666bfc0a2178'
2026-08-13 20:58:35.092 [INFO] [req-b41fd5ee] [receipt_api.Models.device_repository] SELECT device get_by_device_id matched by name: id=88721077-964a-4f26-83cf-c6e9503a5619 in 339.90ms
2026-08-13 20:58:35.092 [DEBUG] [req-b41fd5ee] [receipt_api.Auth.identity] Constant-time digest comparison PASS for link bridge device token (device_name='dev_886ed96c-c698-4696-ab06-666bfc0a2178')
2026-08-13 20:58:35.092 [DEBUG] [req-b41fd5ee] [receipt_api.Models.user_repository] SELECT user get_by_identifier: identifier='testuser1'
2026-08-13 20:58:35.092 [DEBUG] [req-b41fd5ee] [receipt_api.Models.user_repository] SELECT user get_by_username: username='testuser1'
2026-08-13 20:58:35.130 [INFO] [req-b41fd5ee] [receipt_api.Models.user_repository] SELECT user get_by_username finished: found=True in 37.42ms
2026-08-13 20:58:35.186 [DEBUG] [req-b41fd5ee] [receipt_api.Auth.identity] Constant-time digest comparison PASS for link bridge user token (username='testuser1')
2026-08-13 20:58:35.186 [INFO] [req-b41fd5ee] [receipt_api.Auth.identity] Identity resolved (mode=user): user_id=35771208-5c83-4803-8a72-377673e150ec, username=testuser1, device_id=88721077-964a-4f26-83cf-c6e9503a5619, device_name=dev_886ed96c-c698-4696-ab06-666bfc0a2178
2026-08-13 20:58:35.187 [DEBUG] [req-b41fd5ee] [receipt_api.API.devices] Entering link_device_user: device_name=dev_886ed96c-c698-4696-ab06-666bfc0a2178, target_username=testuser1, identity (device_name=dev_886ed96c-c698-4696-ab06-666bfc0a2178, user_id=35771208-5c83-4803-8a72-377673e150ec)
2026-08-13 20:58:35.187 [DEBUG] [req-b41fd5ee] [receipt_api.Models.device_repository] SELECT device get_by_device_id: device_name_or_uuid='dev_886ed96c-c698-4696-ab06-666bfc0a2178'
2026-08-13 20:58:35.251 [INFO] [req-b41fd5ee] [receipt_api.Models.device_repository] SELECT device get_by_device_id matched by name: id=88721077-964a-4f26-83cf-c6e9503a5619 in 64.14ms
2026-08-13 20:58:35.251 [DEBUG] [req-b41fd5ee] [receipt_api.Models.device_repository] link_user_by_names: device_name='dev_886ed96c-c698-4696-ab06-666bfc0a2178', username=testuser1
2026-08-13 20:58:35.251 [DEBUG] [req-b41fd5ee] [receipt_api.Models.device_repository] SELECT device get_by_device_id: device_name_or_uuid='dev_886ed96c-c698-4696-ab06-666bfc0a2178'
2026-08-13 20:58:35.281 [INFO] [req-b41fd5ee] [receipt_api.Models.device_repository] SELECT device get_by_device_id matched by name: id=88721077-964a-4f26-83cf-c6e9503a5619 in 29.47ms
2026-08-13 20:58:35.281 [DEBUG] [req-b41fd5ee] [receipt_api.Models.user_repository] SELECT user get_by_identifier: identifier='testuser1'
2026-08-13 20:58:35.281 [DEBUG] [req-b41fd5ee] [receipt_api.Models.user_repository] SELECT user get_by_username: username='testuser1'
2026-08-13 20:58:35.325 [INFO] [req-b41fd5ee] [receipt_api.Models.user_repository] SELECT user get_by_username finished: found=True in 43.62ms
2026-08-13 20:58:35.325 [DEBUG] [req-b41fd5ee] [receipt_api.Models.device_repository] Calling RPC link_device_and_migrate_guest_data for device='dev_886ed96c-c698-4696-ab06-666bfc0a2178'
2026-08-13 20:58:35.364 [INFO] [req-b41fd5ee] [receipt_api.Models.device_repository] Atomic guest migration RPC complete for device name=dev_886ed96c-c698-4696-ab06-666bfc0a2178: receipts=0 conversations=0
2026-08-13 20:58:35.365 [DEBUG] [req-b41fd5ee] [receipt_api.Models.device_repository] SELECT device get_by_device_id: device_name_or_uuid='88721077-964a-4f26-83cf-c6e9503a5619'
2026-08-13 20:58:35.424 [INFO] [req-b41fd5ee] [receipt_api.Models.device_repository] SELECT device get_by_device_id fallback UUID search finished: found=True in 59.90ms
2026-08-13 20:58:35.425 [INFO] [req-b41fd5ee] [receipt_api.Models.device_repository] link_user_by_names RPC succeeded in 173.60ms
2026-08-13 20:58:35.425 [INFO] [req-b41fd5ee] [receipt_api.API.devices] Device linked successfully: device_name=dev_886ed96c-c698-4696-ab06-666bfc0a2178, username=testuser1
2026-08-13 20:58:35.425 [INFO] [req-b41fd5ee] [receipt_api.HTTP] <-- 200 POST /api/v1/devices/link (933.59ms)
2026-08-13 20:58:35.520 [INFO] [req-cad33d31] [receipt_api.HTTP] --> GET /api/v1/receipts/ | Client: 127.0.0.1 | Dev: - | User: testuser1
2026-08-13 20:58:35.520 [DEBUG] [req-cad33d31] [receipt_api.Auth.rate_limiter] Rate limit key generated: '/api/v1/receipts/:127.0.0.1' (identifier='127.0.0.1', path='/api/v1/receipts/')
2026-08-13 20:58:35.521 [DEBUG] [req-cad33d31] [receipt_api.Auth.rate_limiter] Rate limit threshold check for key '/api/v1/receipts/:127.0.0.1': current bucket counter=0, threshold=60, window=60s
2026-08-13 20:58:35.521 [DEBUG] [req-cad33d31] [receipt_api.Auth.rate_limiter] Rate limit check passed for key '/api/v1/receipts/:127.0.0.1': updated bucket counter=1, remaining=59
2026-08-13 20:58:35.521 [DEBUG] [req-cad33d31] [receipt_api.Infrastructure.database] Initializing Supabase async client for URL: https://asdumcyjkvzawoxupoxu.supabase.co
2026-08-13 20:58:35.769 [DEBUG] [req-cad33d31] [receipt_api.Infrastructure.database] Supabase async client initialized successfully
2026-08-13 20:58:35.770 [DEBUG] [req-cad33d31] [receipt_api.Auth.identity] Parsing user headers: X-User-Name/X-User-ID='testuser1', X-User-Token='[PRESENT]'
2026-08-13 20:58:35.770 [DEBUG] [req-cad33d31] [receipt_api.Models.user_repository] SELECT user get_by_identifier: identifier='testuser1'
2026-08-13 20:58:35.770 [DEBUG] [req-cad33d31] [receipt_api.Models.user_repository] SELECT user get_by_username: username='testuser1'
2026-08-13 20:58:36.136 [INFO] [req-cad33d31] [receipt_api.Models.user_repository] SELECT user get_by_username finished: found=True in 366.04ms
2026-08-13 20:58:36.188 [DEBUG] [req-cad33d31] [receipt_api.Auth.identity] Constant-time digest comparison PASS for user token (username='testuser1')
2026-08-13 20:58:36.188 [INFO] [req-cad33d31] [receipt_api.Auth.identity] Identity resolved (mode=user): user_id=35771208-5c83-4803-8a72-377673e150ec, username=testuser1
2026-08-13 20:58:36.189 [DEBUG] [req-cad33d31] [receipt_api.API.receipts] Entering list_receipts: updated_after=None, limit=20, offset=0, identity (user_id=35771208-5c83-4803-8a72-377673e150ec, username=testuser1)
2026-08-13 20:58:36.189 [DEBUG] [req-cad33d31] [receipt_api.Models.receipt_repository] SELECT receipts get_all_by_identity: user_id=35771208-5c83-4803-8a72-377673e150ec, device_id=, updated_after=None, limit=20, offset=0
2026-08-13 20:58:36.268 [INFO] [req-cad33d31] [receipt_api.Models.receipt_repository] SELECT receipts get_all_by_identity succeeded: returned 2 rows in 79.07ms
2026-08-13 20:58:36.268 [INFO] [req-cad33d31] [receipt_api.API.receipts] list_receipts fetched 2 records for user_id=35771208-5c83-4803-8a72-377673e150ec
2026-08-13 20:58:36.268 [INFO] [req-cad33d31] [receipt_api.HTTP] <-- 200 GET /api/v1/receipts/ (748.46ms)
2026-08-13 20:58:36.337 [INFO] [req-ad0bd58a] [receipt_api.HTTP] --> GET /api/v1/chat/list | Client: 127.0.0.1 | Dev: - | User: testuser1
2026-08-13 20:58:36.337 [DEBUG] [req-ad0bd58a] [receipt_api.Auth.rate_limiter] Rate limit key generated: '/api/v1/chat/list:127.0.0.1' (identifier='127.0.0.1', path='/api/v1/chat/list')
2026-08-13 20:58:36.337 [DEBUG] [req-ad0bd58a] [receipt_api.Auth.rate_limiter] Rate limit threshold check for key '/api/v1/chat/list:127.0.0.1': current bucket counter=0, threshold=60, window=60s
2026-08-13 20:58:36.338 [DEBUG] [req-ad0bd58a] [receipt_api.Auth.rate_limiter] Rate limit check passed for key '/api/v1/chat/list:127.0.0.1': updated bucket counter=1, remaining=59
2026-08-13 20:58:36.338 [DEBUG] [req-ad0bd58a] [receipt_api.Infrastructure.database] Initializing Supabase async client for URL: https://asdumcyjkvzawoxupoxu.supabase.co
2026-08-13 20:58:36.582 [DEBUG] [req-ad0bd58a] [receipt_api.Infrastructure.database] Supabase async client initialized successfully
2026-08-13 20:58:36.583 [DEBUG] [req-ad0bd58a] [receipt_api.Auth.identity] Parsing user headers: X-User-Name/X-User-ID='testuser1', X-User-Token='[PRESENT]'
2026-08-13 20:58:36.583 [DEBUG] [req-ad0bd58a] [receipt_api.Models.user_repository] SELECT user get_by_identifier: identifier='testuser1'
2026-08-13 20:58:36.583 [DEBUG] [req-ad0bd58a] [receipt_api.Models.user_repository] SELECT user get_by_username: username='testuser1'
2026-08-13 20:58:36.899 [INFO] [req-ad0bd58a] [receipt_api.Models.user_repository] SELECT user get_by_username finished: found=True in 315.88ms
2026-08-13 20:58:36.950 [DEBUG] [req-ad0bd58a] [receipt_api.Auth.identity] Constant-time digest comparison PASS for user token (username='testuser1')
2026-08-13 20:58:36.951 [INFO] [req-ad0bd58a] [receipt_api.Auth.identity] Identity resolved (mode=user): user_id=35771208-5c83-4803-8a72-377673e150ec, username=testuser1
2026-08-13 20:58:36.951 [DEBUG] [req-ad0bd58a] [receipt_api.API.chat] Entering list_conversations: limit=20, offset=0, identity (user_id=35771208-5c83-4803-8a72-377673e150ec)
2026-08-13 20:58:36.951 [DEBUG] [req-ad0bd58a] [receipt_api.Models.conversation_repository] SELECT conversations list_conversations: user_id=35771208-5c83-4803-8a72-377673e150ec, device_id=, limit=20, offset=0
2026-08-13 20:58:36.986 [INFO] [req-ad0bd58a] [receipt_api.Models.conversation_repository] SELECT conversations list_conversations succeeded: returned 0 rows in 34.86ms
2026-08-13 20:58:36.986 [INFO] [req-ad0bd58a] [receipt_api.API.chat] list_conversations returned 0 records for user_id=35771208-5c83-4803-8a72-377673e150ec
2026-08-13 20:58:36.986 [INFO] [req-ad0bd58a] [receipt_api.HTTP] <-- 200 GET /api/v1/chat/list (649.47ms)
2026-08-13 20:59:32.395 [INFO] [req-5857ac54] [receipt_api.HTTP] --> POST /api/v1/devices/link | Client: 127.0.0.1 | Dev: - | User: -
2026-08-13 20:59:32.396 [DEBUG] [req-5857ac54] [receipt_api.Auth.rate_limiter] Rate limit key generated: '/api/v1/devices/link:dev_886ed96c-c698-4696-ab06-666bfc0a2178' (identifier='dev_886ed96c-c698-4696-ab06-666bfc0a2178', path='/api/v1/devices/link')
2026-08-13 20:59:32.396 [DEBUG] [req-5857ac54] [receipt_api.Auth.rate_limiter] Rate limit threshold check for key '/api/v1/devices/link:dev_886ed96c-c698-4696-ab06-666bfc0a2178': current bucket counter=1, threshold=10, window=60s
2026-08-13 20:59:32.396 [DEBUG] [req-5857ac54] [receipt_api.Auth.rate_limiter] Rate limit check passed for key '/api/v1/devices/link:dev_886ed96c-c698-4696-ab06-666bfc0a2178': updated bucket counter=2, remaining=8
2026-08-13 20:59:32.397 [DEBUG] [req-5857ac54] [receipt_api.Infrastructure.database] Initializing Supabase async client for URL: https://asdumcyjkvzawoxupoxu.supabase.co
2026-08-13 20:59:32.676 [DEBUG] [req-5857ac54] [receipt_api.Infrastructure.database] Supabase async client initialized successfully
2026-08-13 20:59:32.677 [DEBUG] [req-5857ac54] [receipt_api.Auth.identity] Parsing link bridge headers: X-Device-Name/X-Device-ID='dev_886ed96c-c698-4696-ab06-666bfc0a2178', X-Device-Token='[PRESENT]', X-User-Name/X-User-ID='None', X-User-Token='[NONE]'
2026-08-13 20:59:32.677 [DEBUG] [req-5857ac54] [receipt_api.Models.device_repository] SELECT device get_by_device_id: device_name_or_uuid='dev_886ed96c-c698-4696-ab06-666bfc0a2178'
2026-08-13 20:59:33.028 [INFO] [req-5857ac54] [receipt_api.Models.device_repository] SELECT device get_by_device_id matched by name: id=88721077-964a-4f26-83cf-c6e9503a5619 in 351.24ms
2026-08-13 20:59:33.028 [DEBUG] [req-5857ac54] [receipt_api.Auth.identity] Constant-time digest comparison PASS for link bridge device token (device_name='dev_886ed96c-c698-4696-ab06-666bfc0a2178')
2026-08-13 20:59:33.029 [INFO] [req-5857ac54] [receipt_api.Auth.identity] Identity resolved (mode=user): user_id=35771208-5c83-4803-8a72-377673e150ec, username=None, device_id=88721077-964a-4f26-83cf-c6e9503a5619, device_name=dev_886ed96c-c698-4696-ab06-666bfc0a2178
2026-08-13 20:59:33.029 [DEBUG] [req-5857ac54] [receipt_api.API.devices] Entering link_device_user: device_name=dev_886ed96c-c698-4696-ab06-666bfc0a2178, target_username=None, identity (device_name=dev_886ed96c-c698-4696-ab06-666bfc0a2178, user_id=35771208-5c83-4803-8a72-377673e150ec)
2026-08-13 20:59:33.029 [DEBUG] [req-5857ac54] [receipt_api.Models.device_repository] SELECT device get_by_device_id: device_name_or_uuid='dev_886ed96c-c698-4696-ab06-666bfc0a2178'
2026-08-13 20:59:33.071 [INFO] [req-5857ac54] [receipt_api.Models.device_repository] SELECT device get_by_device_id matched by name: id=88721077-964a-4f26-83cf-c6e9503a5619 in 42.39ms
2026-08-13 20:59:33.072 [DEBUG] [req-5857ac54] [receipt_api.Models.device_repository] link_user_by_names: device_name='dev_886ed96c-c698-4696-ab06-666bfc0a2178', username=None
2026-08-13 20:59:33.072 [DEBUG] [req-5857ac54] [receipt_api.Models.device_repository] SELECT device get_by_device_id: device_name_or_uuid='dev_886ed96c-c698-4696-ab06-666bfc0a2178'
2026-08-13 20:59:33.124 [INFO] [req-5857ac54] [receipt_api.Models.device_repository] SELECT device get_by_device_id matched by name: id=88721077-964a-4f26-83cf-c6e9503a5619 in 52.08ms
2026-08-13 20:59:33.161 [INFO] [req-5857ac54] [receipt_api.Models.device_repository] link_user_by_names completed fallback update in 89.12ms
2026-08-13 20:59:33.161 [INFO] [req-5857ac54] [receipt_api.API.devices] Device linked successfully: device_name=dev_886ed96c-c698-4696-ab06-666bfc0a2178, username=None
2026-08-13 20:59:33.161 [INFO] [req-5857ac54] [receipt_api.HTTP] <-- 200 POST /api/v1/devices/link (766.17ms)
2026-08-13 20:59:33.194 [INFO] [req-d1720d99] [receipt_api.HTTP] --> POST /api/v1/devices/rotate-token | Client: 127.0.0.1 | Dev: - | User: -
2026-08-13 20:59:33.203 [DEBUG] [req-d1720d99] [receipt_api.Auth.rate_limiter] Rate limit key generated: '/api/v1/devices/rotate-token:dev_886ed96c-c698-4696-ab06-666bfc0a2178' (identifier='dev_886ed96c-c698-4696-ab06-666bfc0a2178', path='/api/v1/devices/rotate-token')
2026-08-13 20:59:33.204 [DEBUG] [req-d1720d99] [receipt_api.Auth.rate_limiter] Rate limit threshold check for key '/api/v1/devices/rotate-token:dev_886ed96c-c698-4696-ab06-666bfc0a2178': current bucket counter=0, threshold=10, window=60s
2026-08-13 20:59:33.204 [DEBUG] [req-d1720d99] [receipt_api.Auth.rate_limiter] Rate limit check passed for key '/api/v1/devices/rotate-token:dev_886ed96c-c698-4696-ab06-666bfc0a2178': updated bucket counter=1, remaining=9
2026-08-13 20:59:33.204 [DEBUG] [req-d1720d99] [receipt_api.Infrastructure.database] Initializing Supabase async client for URL: https://asdumcyjkvzawoxupoxu.supabase.co
2026-08-13 20:59:33.466 [DEBUG] [req-d1720d99] [receipt_api.Infrastructure.database] Supabase async client initialized successfully
2026-08-13 20:59:33.467 [DEBUG] [req-d1720d99] [receipt_api.Auth.identity] Parsing device headers: X-Device-Name/X-Device-ID='dev_886ed96c-c698-4696-ab06-666bfc0a2178', X-Device-Token='[PRESENT]'
2026-08-13 20:59:33.467 [DEBUG] [req-d1720d99] [receipt_api.Models.device_repository] SELECT device get_by_device_id: device_name_or_uuid='dev_886ed96c-c698-4696-ab06-666bfc0a2178'
2026-08-13 20:59:33.808 [INFO] [req-d1720d99] [receipt_api.Models.device_repository] SELECT device get_by_device_id matched by name: id=88721077-964a-4f26-83cf-c6e9503a5619 in 340.72ms
2026-08-13 20:59:33.808 [DEBUG] [req-d1720d99] [receipt_api.Auth.identity] Constant-time digest comparison PASS for device token (device_name='dev_886ed96c-c698-4696-ab06-666bfc0a2178')
2026-08-13 20:59:33.808 [INFO] [req-d1720d99] [receipt_api.Auth.identity] Identity resolved (mode=device): user_id=None, username=None, device_id=88721077-964a-4f26-83cf-c6e9503a5619, device_name=dev_886ed96c-c698-4696-ab06-666bfc0a2178
2026-08-13 20:59:33.808 [DEBUG] [req-d1720d99] [receipt_api.API.devices] Entering rotate_device_token_endpoint: device_name=dev_886ed96c-c698-4696-ab06-666bfc0a2178
2026-08-13 20:59:33.808 [DEBUG] [req-d1720d99] [receipt_api.Models.device_repository] UPDATE device rotate_device_token: device_name='dev_886ed96c-c698-4696-ab06-666bfc0a2178'
2026-08-13 20:59:33.808 [DEBUG] [req-d1720d99] [receipt_api.Models.device_repository] SELECT device get_by_device_id: device_name_or_uuid='dev_886ed96c-c698-4696-ab06-666bfc0a2178'
2026-08-13 20:59:33.841 [INFO] [req-d1720d99] [receipt_api.Models.device_repository] SELECT device get_by_device_id matched by name: id=88721077-964a-4f26-83cf-c6e9503a5619 in 32.94ms
2026-08-13 20:59:33.873 [INFO] [req-d1720d99] [receipt_api.Models.device_repository] UPDATE device rotate_device_token succeeded in 64.78ms
2026-08-13 20:59:33.873 [INFO] [req-d1720d99] [receipt_api.API.devices] Device token rotated successfully for device_name=dev_886ed96c-c698-4696-ab06-666bfc0a2178
2026-08-13 20:59:33.874 [INFO] [req-d1720d99] [receipt_api.HTTP] <-- 200 POST /api/v1/devices/rotate-token (679.31ms)
2026-08-13 21:00:40.383 [INFO] [req-906ab121] [receipt_api.HTTP] --> POST /api/v1/devices/register | Client: 127.0.0.1 | Dev: - | User: -
2026-08-13 21:00:40.384 [DEBUG] [req-906ab121] [receipt_api.Auth.rate_limiter] Rate limit key generated: '/api/v1/devices/register:127.0.0.1' (identifier='127.0.0.1', path='/api/v1/devices/register')
2026-08-13 21:00:40.385 [DEBUG] [req-906ab121] [receipt_api.Auth.rate_limiter] Rate limit threshold check for key '/api/v1/devices/register:127.0.0.1': current bucket counter=0, threshold=10, window=60s
2026-08-13 21:00:40.385 [DEBUG] [req-906ab121] [receipt_api.Auth.rate_limiter] Rate limit check passed for key '/api/v1/devices/register:127.0.0.1': updated bucket counter=1, remaining=9
2026-08-13 21:00:40.385 [DEBUG] [req-906ab121] [receipt_api.Infrastructure.database] Initializing Supabase async client for URL: https://asdumcyjkvzawoxupoxu.supabase.co
2026-08-13 21:00:40.803 [DEBUG] [req-906ab121] [receipt_api.Infrastructure.database] Supabase async client initialized successfully
2026-08-13 21:00:40.807 [ERROR] [req-906ab121] [receipt_api.HTTP] ❌ EXCEPTION POST /api/v1/devices/register (420.39ms): 'DeviceRegisterRequest' object has no attribute 'brand'
Traceback (most recent call last):
  File "C:\mobile-development\receipt_logging_backend\main.py", line 70, in request_trace_logging_middleware
    response = await call_next(request)
               ^^^^^^^^^^^^^^^^^^^^^^^^
  File "C:\mobile-development\receipt_logging_backend\.venv\Lib\site-packages\starlette\middleware\base.py", line 168, in call_next
    raise app_exc from app_exc.__cause__ or app_exc.__context__
  File "C:\mobile-development\receipt_logging_backend\.venv\Lib\site-packages\starlette\middleware\base.py", line 144, in coro
    await self.app(scope, receive_or_disconnect, send_no_error)
  File "C:\mobile-development\receipt_logging_backend\.venv\Lib\site-packages\starlette\middleware\exceptions.py", line 63, in __call__
    await wrap_app_handling_exceptions(self.app, conn)(scope, receive, send)
  File "C:\mobile-development\receipt_logging_backend\.venv\Lib\site-packages\starlette\_exception_handler.py", line 53, in wrapped_app
    raise exc
  File "C:\mobile-development\receipt_logging_backend\.venv\Lib\site-packages\starlette\_exception_handler.py", line 42, in wrapped_app
    await app(scope, receive, sender)
  File "C:\mobile-development\receipt_logging_backend\.venv\Lib\site-packages\fastapi\middleware\asyncexitstack.py", line 18, in __call__
    await self.app(scope, receive, send)
  File "C:\mobile-development\receipt_logging_backend\.venv\Lib\site-packages\starlette\routing.py", line 660, in __call__
    await self.middleware_stack(scope, receive, send)
  File "C:\mobile-development\receipt_logging_backend\.venv\Lib\site-packages\fastapi\routing.py", line 2734, in app
    await route.handle(scope, receive, send)
  File "C:\mobile-development\receipt_logging_backend\.venv\Lib\site-packages\fastapi\routing.py", line 1780, in handle
    await self.original_router.handle(scope, receive, send)
  File "C:\mobile-development\receipt_logging_backend\.venv\Lib\site-packages\fastapi\routing.py", line 2789, in handle
    await included_router._handle_selected(scope, receive, send)
  File "C:\mobile-development\receipt_logging_backend\.venv\Lib\site-packages\fastapi\routing.py", line 1800, in _handle_selected
    await original_route.handle(scope, receive, send)
  File "C:\mobile-development\receipt_logging_backend\.venv\Lib\site-packages\fastapi\routing.py", line 1279, in handle
    await app(scope, receive, send)
  File "C:\mobile-development\receipt_logging_backend\.venv\Lib\site-packages\fastapi\routing.py", line 158, in app
    await wrap_app_handling_exceptions(app, request)(scope, receive, send)
  File "C:\mobile-development\receipt_logging_backend\.venv\Lib\site-packages\starlette\_exception_handler.py", line 53, in wrapped_app
    raise exc
  File "C:\mobile-development\receipt_logging_backend\.venv\Lib\site-packages\starlette\_exception_handler.py", line 42, in wrapped_app
    await app(scope, receive, sender)
  File "C:\mobile-development\receipt_logging_backend\.venv\Lib\site-packages\fastapi\routing.py", line 144, in app
    response = await f(request)
               ^^^^^^^^^^^^^^^^
  File "C:\mobile-development\receipt_logging_backend\.venv\Lib\site-packages\fastapi\routing.py", line 706, in app
    raw_response = await run_endpoint_function(
                   ^^^^^^^^^^^^^^^^^^^^^^^^^^^^
    ...<3 lines>...
    )
    ^
  File "C:\mobile-development\receipt_logging_backend\.venv\Lib\site-packages\fastapi\routing.py", line 352, in run_endpoint_function
    return await dependant.call(**values)
           ^^^^^^^^^^^^^^^^^^^^^^^^^^^^^^
  File "C:\mobile-development\receipt_logging_backend\src\API\v1\devices.py", line 39, in register_device
    logger.debug("Entering register_device: device_name=%s, brand=%s, model=%s", body.device_name, body.brand, body.model)
                                                                                                   ^^^^^^^^^^
  File "C:\mobile-development\receipt_logging_backend\.venv\Lib\site-packages\pydantic\main.py", line 1042, in __getattr__
    raise AttributeError(f'{type(self).__name__!r} object has no attribute {item!r}')
AttributeError: 'DeviceRegisterRequest' object has no attribute 'brand'

2026-08-13 21:01:50.206 [INFO] [-] [receipt_api.HTTP] Shutting down Receipt API
2026-08-13 21:01:53.608 [INFO] [-] [receipt_api.HTTP] Starting Receipt API in development mode (Logging: True)
2026-08-13 21:01:59.803 [INFO] [-] [receipt_api.HTTP] Shutting down Receipt API
2026-08-13 21:02:03.083 [INFO] [-] [receipt_api.HTTP] Starting Receipt API in development mode (Logging: True)
2026-08-13 21:02:03.827 [INFO] [-] [receipt_api.HTTP] Shutting down Receipt API
2026-08-13 21:02:07.135 [INFO] [-] [receipt_api.HTTP] Starting Receipt API in development mode (Logging: True)
2026-08-13 21:02:07.827 [INFO] [-] [receipt_api.HTTP] Shutting down Receipt API
2026-08-13 21:02:11.051 [INFO] [-] [receipt_api.HTTP] Starting Receipt API in development mode (Logging: True)
2026-08-13 21:02:11.852 [INFO] [-] [receipt_api.HTTP] Shutting down Receipt API
2026-08-13 21:02:15.574 [INFO] [-] [receipt_api.HTTP] Starting Receipt API in development mode (Logging: True)
2026-08-13 21:02:23.427 [INFO] [-] [receipt_api.HTTP] Shutting down Receipt API
2026-08-13 21:02:26.717 [INFO] [-] [receipt_api.HTTP] Starting Receipt API in development mode (Logging: True)
2026-08-13 21:02:40.287 [INFO] [req-d9ffafed] [receipt_api.HTTP] --> POST /api/v1/devices/register | Client: 127.0.0.1 | Dev: - | User: -
2026-08-13 21:02:40.313 [DEBUG] [req-d9ffafed] [receipt_api.Auth.rate_limiter] Rate limit key generated: '/api/v1/devices/register:127.0.0.1' (identifier='127.0.0.1', path='/api/v1/devices/register')
2026-08-13 21:02:40.313 [DEBUG] [req-d9ffafed] [receipt_api.Auth.rate_limiter] Rate limit threshold check for key '/api/v1/devices/register:127.0.0.1': current bucket counter=0, threshold=10, window=60s
2026-08-13 21:02:40.314 [DEBUG] [req-d9ffafed] [receipt_api.Auth.rate_limiter] Rate limit check passed for key '/api/v1/devices/register:127.0.0.1': updated bucket counter=1, remaining=9
2026-08-13 21:02:40.314 [DEBUG] [req-d9ffafed] [receipt_api.Infrastructure.database] Initializing Supabase async client for URL: https://asdumcyjkvzawoxupoxu.supabase.co
2026-08-13 21:02:40.571 [DEBUG] [req-d9ffafed] [receipt_api.Infrastructure.database] Supabase async client initialized successfully
2026-08-13 21:02:40.572 [DEBUG] [req-d9ffafed] [receipt_api.API.devices] Entering register_device: device_name=dev_886ed96c-c698-4696-ab06-666bfc0a2178
2026-08-13 21:02:40.572 [DEBUG] [req-d9ffafed] [receipt_api.Models.device_repository] register_or_update device: device_name='dev_886ed96c-c698-4696-ab06-666bfc0a2178', username=None
2026-08-13 21:02:40.572 [DEBUG] [req-d9ffafed] [receipt_api.Models.device_repository] SELECT device get_by_device_id: device_name_or_uuid='dev_886ed96c-c698-4696-ab06-666bfc0a2178'
2026-08-13 21:02:41.345 [DEBUG] [req-d9ffafed] [receipt_api.Models.device_repository] Device name 'dev_886ed96c-c698-4696-ab06-666bfc0a2178' is not a valid UUID fallback; not found (772.65ms)
2026-08-13 21:02:41.388 [INFO] [req-d9ffafed] [receipt_api.Models.device_repository] INSERT device register_or_update succeeded: id=2b3cd042-0742-4ffd-bcbe-db3dea65d36d in 815.83ms
2026-08-13 21:02:41.388 [INFO] [req-d9ffafed] [receipt_api.API.devices] Device registered/updated successfully: device_id=2b3cd042-0742-4ffd-bcbe-db3dea65d36d, device_name=dev_886ed96c-c698-4696-ab06-666bfc0a2178
2026-08-13 21:02:41.388 [INFO] [req-d9ffafed] [receipt_api.HTTP] <-- 201 POST /api/v1/devices/register (1100.98ms)
2026-08-13 21:03:02.438 [INFO] [req-aa468b96] [receipt_api.HTTP] --> POST /api/v1/scan/parse | Client: 127.0.0.1 | Dev: - | User: -
2026-08-13 21:03:02.565 [DEBUG] [req-aa468b96] [receipt_api.Auth.rate_limiter] Rate limit key generated: '/api/v1/scan/parse:dev_886ed96c-c698-4696-ab06-666bfc0a2178' (identifier='dev_886ed96c-c698-4696-ab06-666bfc0a2178', path='/api/v1/scan/parse')
2026-08-13 21:03:02.565 [DEBUG] [req-aa468b96] [receipt_api.Auth.rate_limiter] Rate limit threshold check for key '/api/v1/scan/parse:dev_886ed96c-c698-4696-ab06-666bfc0a2178': current bucket counter=0, threshold=5, window=60s
2026-08-13 21:03:02.566 [DEBUG] [req-aa468b96] [receipt_api.Auth.rate_limiter] Rate limit check passed for key '/api/v1/scan/parse:dev_886ed96c-c698-4696-ab06-666bfc0a2178': updated bucket counter=1, remaining=4
2026-08-13 21:03:02.566 [DEBUG] [req-aa468b96] [receipt_api.Infrastructure.database] Initializing Supabase async client for URL: https://asdumcyjkvzawoxupoxu.supabase.co
2026-08-13 21:03:02.831 [DEBUG] [req-aa468b96] [receipt_api.Infrastructure.database] Supabase async client initialized successfully
2026-08-13 21:03:02.832 [DEBUG] [req-aa468b96] [receipt_api.Auth.identity] Parsing scoped identity headers: X-Request-Type='guest', X-Device-Name/X-Device-ID='dev_886ed96c-c698-4696-ab06-666bfc0a2178', X-Device-Token='[PRESENT]', X-User-Name/X-User-ID='None', X-User-Token='[NONE]'
2026-08-13 21:03:02.832 [DEBUG] [req-aa468b96] [receipt_api.Models.device_repository] SELECT device get_by_device_id: device_name_or_uuid='dev_886ed96c-c698-4696-ab06-666bfc0a2178'
2026-08-13 21:03:03.178 [INFO] [req-aa468b96] [receipt_api.Models.device_repository] SELECT device get_by_device_id matched by name: id=2b3cd042-0742-4ffd-bcbe-db3dea65d36d in 346.32ms
2026-08-13 21:03:03.178 [DEBUG] [req-aa468b96] [receipt_api.Auth.identity] Constant-time digest comparison PASS for guest device token (device_name='dev_886ed96c-c698-4696-ab06-666bfc0a2178')
2026-08-13 21:03:03.178 [INFO] [req-aa468b96] [receipt_api.Auth.identity] Identity resolved (mode=guest): user_id=None, username=None, device_id=2b3cd042-0742-4ffd-bcbe-db3dea65d36d, device_name=dev_886ed96c-c698-4696-ab06-666bfc0a2178
2026-08-13 21:03:03.690 [DEBUG] [req-aa468b96] [receipt_api.API.scan] Entering parse_receipt: filename=1000031348.jpg, content_type=image/jpeg, identity (user_id=None, device_id=2b3cd042-0742-4ffd-bcbe-db3dea65d36d)
2026-08-13 21:03:03.692 [DEBUG] [req-aa468b96] [receipt_api.API.scan] Read receipt image bytes: size=2862219 bytes
2026-08-13 21:03:03.692 [DEBUG] [req-aa468b96] [receipt_api.Services.extraction_service] extract_from_image called: mime_type=image/jpeg, bytes_size=2862219
2026-08-13 21:03:03.692 [INFO] [req-aa468b96] [receipt_api.Services.extraction_service] Triggering Gemini vision model gemini-3.6-flash for receipt image extraction (2862219 bytes, mime=image/jpeg)
2026-08-13 21:03:44.112 [INFO] [req-aa468b96] [receipt_api.Services.extraction_service] Gemini vision response received. Output text len=1213, usage_metadata=cache_tokens_details=None cached_content_token_count=None candidates_token_count=545 candidates_tokens_details=None prompt_token_count=1416 prompt_tokens_details=[ModalityTokenCount(
  modality=<MediaModality.IMAGE: 'IMAGE'>,
  token_count=1064
), ModalityTokenCount(
  modality=<MediaModality.TEXT: 'TEXT'>,
  token_count=352
)] thoughts_token_count=1669 tool_use_prompt_token_count=None tool_use_prompt_tokens_details=None total_token_count=3630 traffic_type=None
2026-08-13 21:03:44.113 [INFO] [req-aa468b96] [receipt_api.Services.extraction_service] Successfully extracted receipt: merchant='MARRYBROWN @ FUCHUN CC', total=6.10, confidence=0.98, items_count=4
2026-08-13 21:03:44.113 [INFO] [req-aa468b96] [receipt_api.API.scan] Parse receipt successful: merchant=MARRYBROWN @ FUCHUN CC, total=6.10, confidence=0.98
2026-08-13 21:03:44.115 [INFO] [req-aa468b96] [receipt_api.HTTP] <-- 200 POST /api/v1/scan/parse (41676.37ms)
2026-08-13 21:03:49.068 [INFO] [req-0caddaac] [receipt_api.HTTP] --> POST /api/v1/scan/parse | Client: 127.0.0.1 | Dev: - | User: -
2026-08-13 21:03:49.070 [DEBUG] [req-0caddaac] [receipt_api.Auth.rate_limiter] Rate limit key generated: '/api/v1/scan/parse:dev_886ed96c-c698-4696-ab06-666bfc0a2178' (identifier='dev_886ed96c-c698-4696-ab06-666bfc0a2178', path='/api/v1/scan/parse')
2026-08-13 21:03:49.071 [DEBUG] [req-0caddaac] [receipt_api.Auth.rate_limiter] Rate limit threshold check for key '/api/v1/scan/parse:dev_886ed96c-c698-4696-ab06-666bfc0a2178': current bucket counter=1, threshold=5, window=60s
2026-08-13 21:03:49.071 [DEBUG] [req-0caddaac] [receipt_api.Auth.rate_limiter] Rate limit check passed for key '/api/v1/scan/parse:dev_886ed96c-c698-4696-ab06-666bfc0a2178': updated bucket counter=2, remaining=3
2026-08-13 21:03:49.071 [DEBUG] [req-0caddaac] [receipt_api.Infrastructure.database] Initializing Supabase async client for URL: https://asdumcyjkvzawoxupoxu.supabase.co
2026-08-13 21:03:49.448 [DEBUG] [req-0caddaac] [receipt_api.Infrastructure.database] Supabase async client initialized successfully
2026-08-13 21:03:49.449 [DEBUG] [req-0caddaac] [receipt_api.Auth.identity] Parsing scoped identity headers: X-Request-Type='guest', X-Device-Name/X-Device-ID='dev_886ed96c-c698-4696-ab06-666bfc0a2178', X-Device-Token='[PRESENT]', X-User-Name/X-User-ID='None', X-User-Token='[NONE]'
2026-08-13 21:03:49.449 [DEBUG] [req-0caddaac] [receipt_api.Models.device_repository] SELECT device get_by_device_id: device_name_or_uuid='dev_886ed96c-c698-4696-ab06-666bfc0a2178'
2026-08-13 21:03:49.830 [INFO] [req-0caddaac] [receipt_api.Models.device_repository] SELECT device get_by_device_id matched by name: id=2b3cd042-0742-4ffd-bcbe-db3dea65d36d in 381.02ms
2026-08-13 21:03:49.830 [DEBUG] [req-0caddaac] [receipt_api.Auth.identity] Constant-time digest comparison PASS for guest device token (device_name='dev_886ed96c-c698-4696-ab06-666bfc0a2178')
2026-08-13 21:03:49.830 [INFO] [req-0caddaac] [receipt_api.Auth.identity] Identity resolved (mode=guest): user_id=None, username=None, device_id=2b3cd042-0742-4ffd-bcbe-db3dea65d36d, device_name=dev_886ed96c-c698-4696-ab06-666bfc0a2178
2026-08-13 21:03:50.460 [DEBUG] [req-0caddaac] [receipt_api.API.scan] Entering parse_receipt: filename=1000031189.png, content_type=image/png, identity (user_id=None, device_id=2b3cd042-0742-4ffd-bcbe-db3dea65d36d)
2026-08-13 21:03:50.461 [DEBUG] [req-0caddaac] [receipt_api.API.scan] Read receipt image bytes: size=262903 bytes
2026-08-13 21:03:50.461 [DEBUG] [req-0caddaac] [receipt_api.Services.extraction_service] extract_from_image called: mime_type=image/png, bytes_size=262903
2026-08-13 21:03:50.461 [INFO] [req-0caddaac] [receipt_api.Services.extraction_service] Triggering Gemini vision model gemini-3.6-flash for receipt image extraction (262903 bytes, mime=image/png)
2026-08-13 21:03:59.693 [INFO] [req-0caddaac] [receipt_api.Services.extraction_service] Gemini vision response received. Output text len=806, usage_metadata=cache_tokens_details=None cached_content_token_count=None candidates_token_count=304 candidates_tokens_details=None prompt_token_count=1432 prompt_tokens_details=[ModalityTokenCount(
  modality=<MediaModality.IMAGE: 'IMAGE'>,
  token_count=1080
), ModalityTokenCount(
  modality=<MediaModality.TEXT: 'TEXT'>,
  token_count=352
)] thoughts_token_count=850 tool_use_prompt_token_count=None tool_use_prompt_tokens_details=None total_token_count=2586 traffic_type=None
2026-08-13 21:03:59.693 [INFO] [req-0caddaac] [receipt_api.Services.extraction_service] Successfully extracted receipt: merchant='Fatty Bom Bom - Woodlands Street 11', total=12.40, confidence=0.98, items_count=2
2026-08-13 21:03:59.693 [INFO] [req-0caddaac] [receipt_api.API.scan] Parse receipt successful: merchant=Fatty Bom Bom - Woodlands Street 11, total=12.40, confidence=0.98
2026-08-13 21:03:59.694 [INFO] [req-0caddaac] [receipt_api.HTTP] <-- 200 POST /api/v1/scan/parse (10625.84ms)
2026-08-13 21:06:11.213 [INFO] [req-99ae31b2] [receipt_api.HTTP] --> POST /api/v1/user/create | Client: 127.0.0.1 | Dev: - | User: -
2026-08-13 21:06:11.215 [DEBUG] [req-99ae31b2] [receipt_api.Auth.rate_limiter] Rate limit key generated: '/api/v1/user/create:127.0.0.1' (identifier='127.0.0.1', path='/api/v1/user/create')
2026-08-13 21:06:11.215 [DEBUG] [req-99ae31b2] [receipt_api.Auth.rate_limiter] Rate limit threshold check for key '/api/v1/user/create:127.0.0.1': current bucket counter=0, threshold=10, window=60s
2026-08-13 21:06:11.215 [DEBUG] [req-99ae31b2] [receipt_api.Auth.rate_limiter] Rate limit check passed for key '/api/v1/user/create:127.0.0.1': updated bucket counter=1, remaining=9
2026-08-13 21:06:11.215 [DEBUG] [req-99ae31b2] [receipt_api.Infrastructure.database] Initializing Supabase async client for URL: https://asdumcyjkvzawoxupoxu.supabase.co
2026-08-13 21:06:11.485 [DEBUG] [req-99ae31b2] [receipt_api.Infrastructure.database] Supabase async client initialized successfully
2026-08-13 21:06:11.485 [DEBUG] [req-99ae31b2] [receipt_api.API.user] Entering create_user: username=test, email=test@example.com
2026-08-13 21:06:11.485 [DEBUG] [req-99ae31b2] [receipt_api.Models.user_repository] SELECT user get_by_username: username='test'
2026-08-13 21:06:12.018 [INFO] [req-99ae31b2] [receipt_api.Models.user_repository] SELECT user get_by_username finished: found=False in 532.85ms
2026-08-13 21:06:12.019 [DEBUG] [req-99ae31b2] [receipt_api.Models.user_repository] SELECT user get_by_email: email='test@example.com'
2026-08-13 21:06:12.086 [INFO] [req-99ae31b2] [receipt_api.Models.user_repository] SELECT user get_by_email ilike search finished: found=False in 67.57ms
2026-08-13 21:06:12.086 [DEBUG] [req-99ae31b2] [receipt_api.Models.user_repository] INSERT user create: username='test', email='test@example.com'
2026-08-13 21:06:12.204 [INFO] [req-99ae31b2] [receipt_api.Models.user_repository] INSERT user create succeeded: id=c6d9b2dd-6e69-4b4b-b5de-0877442191e2 in 117.91ms
2026-08-13 21:06:12.204 [INFO] [req-99ae31b2] [receipt_api.API.user] User created successfully: user_id=c6d9b2dd-6e69-4b4b-b5de-0877442191e2, username=test
2026-08-13 21:06:12.205 [INFO] [req-99ae31b2] [receipt_api.HTTP] <-- 201 POST /api/v1/user/create (991.77ms)
2026-08-13 21:06:12.276 [INFO] [req-b1eb5cd1] [receipt_api.HTTP] --> POST /api/v1/devices/link | Client: 127.0.0.1 | Dev: - | User: test
2026-08-13 21:06:12.278 [DEBUG] [req-b1eb5cd1] [receipt_api.Auth.rate_limiter] Rate limit key generated: '/api/v1/devices/link:dev_886ed96c-c698-4696-ab06-666bfc0a2178' (identifier='dev_886ed96c-c698-4696-ab06-666bfc0a2178', path='/api/v1/devices/link')
2026-08-13 21:06:12.278 [DEBUG] [req-b1eb5cd1] [receipt_api.Auth.rate_limiter] Rate limit threshold check for key '/api/v1/devices/link:dev_886ed96c-c698-4696-ab06-666bfc0a2178': current bucket counter=0, threshold=10, window=60s
2026-08-13 21:06:12.278 [DEBUG] [req-b1eb5cd1] [receipt_api.Auth.rate_limiter] Rate limit check passed for key '/api/v1/devices/link:dev_886ed96c-c698-4696-ab06-666bfc0a2178': updated bucket counter=1, remaining=9
2026-08-13 21:06:12.278 [DEBUG] [req-b1eb5cd1] [receipt_api.Infrastructure.database] Initializing Supabase async client for URL: https://asdumcyjkvzawoxupoxu.supabase.co
2026-08-13 21:06:12.538 [DEBUG] [req-b1eb5cd1] [receipt_api.Infrastructure.database] Supabase async client initialized successfully
2026-08-13 21:06:12.538 [DEBUG] [req-b1eb5cd1] [receipt_api.Auth.identity] Parsing link bridge headers: X-Device-Name/X-Device-ID='dev_886ed96c-c698-4696-ab06-666bfc0a2178', X-Device-Token='[PRESENT]', X-User-Name/X-User-ID='test', X-User-Token='[PRESENT]'
2026-08-13 21:06:12.538 [DEBUG] [req-b1eb5cd1] [receipt_api.Models.device_repository] SELECT device get_by_device_id: device_name_or_uuid='dev_886ed96c-c698-4696-ab06-666bfc0a2178'
2026-08-13 21:06:12.870 [INFO] [req-b1eb5cd1] [receipt_api.Models.device_repository] SELECT device get_by_device_id matched by name: id=2b3cd042-0742-4ffd-bcbe-db3dea65d36d in 331.96ms
2026-08-13 21:06:12.870 [DEBUG] [req-b1eb5cd1] [receipt_api.Auth.identity] Constant-time digest comparison PASS for link bridge device token (device_name='dev_886ed96c-c698-4696-ab06-666bfc0a2178')
2026-08-13 21:06:12.870 [DEBUG] [req-b1eb5cd1] [receipt_api.Models.user_repository] SELECT user get_by_identifier: identifier='test'
2026-08-13 21:06:12.871 [DEBUG] [req-b1eb5cd1] [receipt_api.Models.user_repository] SELECT user get_by_username: username='test'
2026-08-13 21:06:12.900 [INFO] [req-b1eb5cd1] [receipt_api.Models.user_repository] SELECT user get_by_username finished: found=True in 29.47ms
2026-08-13 21:06:12.958 [DEBUG] [req-b1eb5cd1] [receipt_api.Auth.identity] Constant-time digest comparison PASS for link bridge user token (username='test')
2026-08-13 21:06:12.959 [INFO] [req-b1eb5cd1] [receipt_api.Auth.identity] Identity resolved (mode=user): user_id=c6d9b2dd-6e69-4b4b-b5de-0877442191e2, username=test, device_id=2b3cd042-0742-4ffd-bcbe-db3dea65d36d, device_name=dev_886ed96c-c698-4696-ab06-666bfc0a2178
2026-08-13 21:06:12.959 [DEBUG] [req-b1eb5cd1] [receipt_api.API.devices] Entering link_device_user: device_name=dev_886ed96c-c698-4696-ab06-666bfc0a2178, target_username=test, identity (device_name=dev_886ed96c-c698-4696-ab06-666bfc0a2178, user_id=c6d9b2dd-6e69-4b4b-b5de-0877442191e2)
2026-08-13 21:06:12.959 [DEBUG] [req-b1eb5cd1] [receipt_api.Models.device_repository] SELECT device get_by_device_id: device_name_or_uuid='dev_886ed96c-c698-4696-ab06-666bfc0a2178'
2026-08-13 21:06:12.992 [INFO] [req-b1eb5cd1] [receipt_api.Models.device_repository] SELECT device get_by_device_id matched by name: id=2b3cd042-0742-4ffd-bcbe-db3dea65d36d in 32.75ms
2026-08-13 21:06:12.992 [DEBUG] [req-b1eb5cd1] [receipt_api.Models.device_repository] link_user_by_names: device_name='dev_886ed96c-c698-4696-ab06-666bfc0a2178', username=test
2026-08-13 21:06:12.992 [DEBUG] [req-b1eb5cd1] [receipt_api.Models.device_repository] SELECT device get_by_device_id: device_name_or_uuid='dev_886ed96c-c698-4696-ab06-666bfc0a2178'
2026-08-13 21:06:13.021 [INFO] [req-b1eb5cd1] [receipt_api.Models.device_repository] SELECT device get_by_device_id matched by name: id=2b3cd042-0742-4ffd-bcbe-db3dea65d36d in 28.32ms
2026-08-13 21:06:13.021 [DEBUG] [req-b1eb5cd1] [receipt_api.Models.user_repository] SELECT user get_by_identifier: identifier='test'
2026-08-13 21:06:13.021 [DEBUG] [req-b1eb5cd1] [receipt_api.Models.user_repository] SELECT user get_by_username: username='test'
2026-08-13 21:06:13.048 [INFO] [req-b1eb5cd1] [receipt_api.Models.user_repository] SELECT user get_by_username finished: found=True in 27.17ms
2026-08-13 21:06:13.048 [DEBUG] [req-b1eb5cd1] [receipt_api.Models.device_repository] Calling RPC link_device_and_migrate_guest_data for device='dev_886ed96c-c698-4696-ab06-666bfc0a2178'
2026-08-13 21:06:13.097 [INFO] [req-b1eb5cd1] [receipt_api.Models.device_repository] Atomic guest migration RPC complete for device name=dev_886ed96c-c698-4696-ab06-666bfc0a2178: receipts=0 conversations=0
2026-08-13 21:06:13.097 [DEBUG] [req-b1eb5cd1] [receipt_api.Models.device_repository] SELECT device get_by_device_id: device_name_or_uuid='2b3cd042-0742-4ffd-bcbe-db3dea65d36d'
2026-08-13 21:06:13.158 [INFO] [req-b1eb5cd1] [receipt_api.Models.device_repository] SELECT device get_by_device_id fallback UUID search finished: found=True in 61.14ms
2026-08-13 21:06:13.158 [INFO] [req-b1eb5cd1] [receipt_api.Models.device_repository] link_user_by_names RPC succeeded in 165.99ms
2026-08-13 21:06:13.158 [INFO] [req-b1eb5cd1] [receipt_api.API.devices] Migrating guest data for user_id=c6d9b2dd-6e69-4b4b-b5de-0877442191e2, device_name=dev_886ed96c-c698-4696-ab06-666bfc0a2178
2026-08-13 21:06:13.159 [DEBUG] [req-b1eb5cd1] [receipt_api.Services.data_migration_service] migrate_user_data called: user_id=c6d9b2dd-6e69-4b4b-b5de-0877442191e2, device_name=dev_886ed96c-c698-4696-ab06-666bfc0a2178, input_receipts=1, input_conversations=0, input_messages=0
2026-08-13 21:06:13.191 [DEBUG] [req-b1eb5cd1] [receipt_api.Services.data_migration_service] Executing receipts batch insert of 1 rows for user_id=c6d9b2dd-6e69-4b4b-b5de-0877442191e2
2026-08-13 21:06:13.229 [INFO] [req-b1eb5cd1] [receipt_api.Services.data_migration_service] Migrated 1 receipts for user_id=c6d9b2dd-6e69-4b4b-b5de-0877442191e2
2026-08-13 21:06:13.236 [INFO] [req-b1eb5cd1] [receipt_api.Services.data_migration_service] DataMigrationService: completed migration for user_id=c6d9b2dd-6e69-4b4b-b5de-0877442191e2 device_name=dev_886ed96c-c698-4696-ab06-666bfc0a2178 — receipts=1, conversations=0, chat_messages=0
2026-08-13 21:06:13.237 [INFO] [req-b1eb5cd1] [receipt_api.API.devices] Device linked successfully: device_name=dev_886ed96c-c698-4696-ab06-666bfc0a2178, username=test
2026-08-13 21:06:13.237 [INFO] [req-b1eb5cd1] [receipt_api.HTTP] <-- 200 POST /api/v1/devices/link (960.93ms)
2026-08-13 21:06:36.036 [INFO] [req-10dba704] [receipt_api.HTTP] --> PATCH /api/v1/user/me | Client: 127.0.0.1 | Dev: - | User: test
2026-08-13 21:06:36.037 [DEBUG] [req-10dba704] [receipt_api.Auth.rate_limiter] Rate limit key generated: '/api/v1/user/me:127.0.0.1' (identifier='127.0.0.1', path='/api/v1/user/me')
2026-08-13 21:06:36.037 [DEBUG] [req-10dba704] [receipt_api.Auth.rate_limiter] Rate limit threshold check for key '/api/v1/user/me:127.0.0.1': current bucket counter=0, threshold=60, window=60s
2026-08-13 21:06:36.037 [DEBUG] [req-10dba704] [receipt_api.Auth.rate_limiter] Rate limit check passed for key '/api/v1/user/me:127.0.0.1': updated bucket counter=1, remaining=59
2026-08-13 21:06:36.038 [DEBUG] [req-10dba704] [receipt_api.Infrastructure.database] Initializing Supabase async client for URL: https://asdumcyjkvzawoxupoxu.supabase.co
2026-08-13 21:06:36.333 [DEBUG] [req-10dba704] [receipt_api.Infrastructure.database] Supabase async client initialized successfully
2026-08-13 21:06:36.333 [DEBUG] [req-10dba704] [receipt_api.Auth.identity] Parsing user headers: X-User-Name/X-User-ID='test', X-User-Token='[PRESENT]'
2026-08-13 21:06:36.333 [DEBUG] [req-10dba704] [receipt_api.Models.user_repository] SELECT user get_by_identifier: identifier='test'
2026-08-13 21:06:36.333 [DEBUG] [req-10dba704] [receipt_api.Models.user_repository] SELECT user get_by_username: username='test'
2026-08-13 21:06:36.698 [INFO] [req-10dba704] [receipt_api.Models.user_repository] SELECT user get_by_username finished: found=True in 364.26ms
2026-08-13 21:06:36.753 [DEBUG] [req-10dba704] [receipt_api.Auth.identity] Constant-time digest comparison PASS for user token (username='test')
2026-08-13 21:06:36.753 [INFO] [req-10dba704] [receipt_api.Auth.identity] Identity resolved (mode=user): user_id=c6d9b2dd-6e69-4b4b-b5de-0877442191e2, username=test
2026-08-13 21:06:36.753 [DEBUG] [req-10dba704] [receipt_api.API.user] Entering update_my_profile: identity (user_id=c6d9b2dd-6e69-4b4b-b5de-0877442191e2), fields_to_update=['country_code', 'mobile_number']
2026-08-13 21:06:36.753 [DEBUG] [req-10dba704] [receipt_api.Models.user_repository] UPDATE user profile: user_id=c6d9b2dd-6e69-4b4b-b5de-0877442191e2
2026-08-13 21:06:36.795 [INFO] [req-10dba704] [receipt_api.Models.user_repository] UPDATE user profile succeeded for user_id=c6d9b2dd-6e69-4b4b-b5de-0877442191e2 in 41.91ms
2026-08-13 21:06:36.795 [INFO] [req-10dba704] [receipt_api.API.user] Profile updated successfully for user_id=c6d9b2dd-6e69-4b4b-b5de-0877442191e2
2026-08-13 21:06:36.796 [INFO] [req-10dba704] [receipt_api.HTTP] <-- 200 PATCH /api/v1/user/me (759.78ms)
2026-08-13 21:06:43.584 [INFO] [req-03678c2b] [receipt_api.HTTP] --> POST /api/v1/devices/link | Client: 127.0.0.1 | Dev: - | User: test
2026-08-13 21:06:43.585 [DEBUG] [req-03678c2b] [receipt_api.Auth.rate_limiter] Rate limit key generated: '/api/v1/devices/link:dev_886ed96c-c698-4696-ab06-666bfc0a2178' (identifier='dev_886ed96c-c698-4696-ab06-666bfc0a2178', path='/api/v1/devices/link')
2026-08-13 21:06:43.585 [DEBUG] [req-03678c2b] [receipt_api.Auth.rate_limiter] Rate limit threshold check for key '/api/v1/devices/link:dev_886ed96c-c698-4696-ab06-666bfc0a2178': current bucket counter=1, threshold=10, window=60s
2026-08-13 21:06:43.585 [DEBUG] [req-03678c2b] [receipt_api.Auth.rate_limiter] Rate limit check passed for key '/api/v1/devices/link:dev_886ed96c-c698-4696-ab06-666bfc0a2178': updated bucket counter=2, remaining=8
2026-08-13 21:06:43.585 [DEBUG] [req-03678c2b] [receipt_api.Infrastructure.database] Initializing Supabase async client for URL: https://asdumcyjkvzawoxupoxu.supabase.co
2026-08-13 21:06:43.910 [DEBUG] [req-03678c2b] [receipt_api.Infrastructure.database] Supabase async client initialized successfully
2026-08-13 21:06:43.910 [DEBUG] [req-03678c2b] [receipt_api.Auth.identity] Parsing link bridge headers: X-Device-Name/X-Device-ID='dev_886ed96c-c698-4696-ab06-666bfc0a2178', X-Device-Token='[PRESENT]', X-User-Name/X-User-ID='test', X-User-Token='[PRESENT]'
2026-08-13 21:06:43.910 [DEBUG] [req-03678c2b] [receipt_api.Models.device_repository] SELECT device get_by_device_id: device_name_or_uuid='dev_886ed96c-c698-4696-ab06-666bfc0a2178'
2026-08-13 21:06:44.271 [INFO] [req-03678c2b] [receipt_api.Models.device_repository] SELECT device get_by_device_id matched by name: id=2b3cd042-0742-4ffd-bcbe-db3dea65d36d in 360.26ms
2026-08-13 21:06:44.271 [DEBUG] [req-03678c2b] [receipt_api.Auth.identity] Constant-time digest comparison PASS for link bridge device token (device_name='dev_886ed96c-c698-4696-ab06-666bfc0a2178')
2026-08-13 21:06:44.271 [DEBUG] [req-03678c2b] [receipt_api.Models.user_repository] SELECT user get_by_identifier: identifier='test'
2026-08-13 21:06:44.271 [DEBUG] [req-03678c2b] [receipt_api.Models.user_repository] SELECT user get_by_username: username='test'
2026-08-13 21:06:44.320 [INFO] [req-03678c2b] [receipt_api.Models.user_repository] SELECT user get_by_username finished: found=True in 49.24ms
2026-08-13 21:06:44.381 [DEBUG] [req-03678c2b] [receipt_api.Auth.identity] Constant-time digest comparison PASS for link bridge user token (username='test')
2026-08-13 21:06:44.381 [INFO] [req-03678c2b] [receipt_api.Auth.identity] Identity resolved (mode=user): user_id=c6d9b2dd-6e69-4b4b-b5de-0877442191e2, username=test, device_id=2b3cd042-0742-4ffd-bcbe-db3dea65d36d, device_name=dev_886ed96c-c698-4696-ab06-666bfc0a2178
2026-08-13 21:06:44.382 [DEBUG] [req-03678c2b] [receipt_api.API.devices] Entering link_device_user: device_name=dev_886ed96c-c698-4696-ab06-666bfc0a2178, target_username=test, identity (device_name=dev_886ed96c-c698-4696-ab06-666bfc0a2178, user_id=c6d9b2dd-6e69-4b4b-b5de-0877442191e2)
2026-08-13 21:06:44.382 [DEBUG] [req-03678c2b] [receipt_api.Models.device_repository] SELECT device get_by_device_id: device_name_or_uuid='dev_886ed96c-c698-4696-ab06-666bfc0a2178'
2026-08-13 21:06:44.418 [INFO] [req-03678c2b] [receipt_api.Models.device_repository] SELECT device get_by_device_id matched by name: id=2b3cd042-0742-4ffd-bcbe-db3dea65d36d in 35.89ms
2026-08-13 21:06:44.418 [DEBUG] [req-03678c2b] [receipt_api.Models.device_repository] link_user_by_names: device_name='dev_886ed96c-c698-4696-ab06-666bfc0a2178', username=test
2026-08-13 21:06:44.418 [DEBUG] [req-03678c2b] [receipt_api.Models.device_repository] SELECT device get_by_device_id: device_name_or_uuid='dev_886ed96c-c698-4696-ab06-666bfc0a2178'
2026-08-13 21:06:44.450 [INFO] [req-03678c2b] [receipt_api.Models.device_repository] SELECT device get_by_device_id matched by name: id=2b3cd042-0742-4ffd-bcbe-db3dea65d36d in 32.08ms
2026-08-13 21:06:44.450 [DEBUG] [req-03678c2b] [receipt_api.Models.user_repository] SELECT user get_by_identifier: identifier='test'
2026-08-13 21:06:44.450 [DEBUG] [req-03678c2b] [receipt_api.Models.user_repository] SELECT user get_by_username: username='test'
2026-08-13 21:06:44.500 [INFO] [req-03678c2b] [receipt_api.Models.user_repository] SELECT user get_by_username finished: found=True in 49.76ms
2026-08-13 21:06:44.500 [DEBUG] [req-03678c2b] [receipt_api.Models.device_repository] Calling RPC link_device_and_migrate_guest_data for device='dev_886ed96c-c698-4696-ab06-666bfc0a2178'
2026-08-13 21:06:44.535 [INFO] [req-03678c2b] [receipt_api.Models.device_repository] Atomic guest migration RPC complete for device name=dev_886ed96c-c698-4696-ab06-666bfc0a2178: receipts=0 conversations=0
2026-08-13 21:06:44.535 [DEBUG] [req-03678c2b] [receipt_api.Models.device_repository] SELECT device get_by_device_id: device_name_or_uuid='2b3cd042-0742-4ffd-bcbe-db3dea65d36d'
2026-08-13 21:06:44.596 [INFO] [req-03678c2b] [receipt_api.Models.device_repository] SELECT device get_by_device_id fallback UUID search finished: found=True in 61.27ms
2026-08-13 21:06:44.596 [INFO] [req-03678c2b] [receipt_api.Models.device_repository] link_user_by_names RPC succeeded in 178.67ms
2026-08-13 21:06:44.597 [INFO] [req-03678c2b] [receipt_api.API.devices] Migrating guest data for user_id=c6d9b2dd-6e69-4b4b-b5de-0877442191e2, device_name=dev_886ed96c-c698-4696-ab06-666bfc0a2178
2026-08-13 21:06:44.597 [DEBUG] [req-03678c2b] [receipt_api.Services.data_migration_service] migrate_user_data called: user_id=c6d9b2dd-6e69-4b4b-b5de-0877442191e2, device_name=dev_886ed96c-c698-4696-ab06-666bfc0a2178, input_receipts=1, input_conversations=0, input_messages=0
2026-08-13 21:06:44.635 [DEBUG] [req-03678c2b] [receipt_api.Services.data_migration_service] Executing receipts batch insert of 1 rows for user_id=c6d9b2dd-6e69-4b4b-b5de-0877442191e2
2026-08-13 21:06:44.681 [INFO] [req-03678c2b] [receipt_api.Services.data_migration_service] Migrated 1 receipts for user_id=c6d9b2dd-6e69-4b4b-b5de-0877442191e2
2026-08-13 21:06:44.681 [INFO] [req-03678c2b] [receipt_api.Services.data_migration_service] DataMigrationService: completed migration for user_id=c6d9b2dd-6e69-4b4b-b5de-0877442191e2 device_name=dev_886ed96c-c698-4696-ab06-666bfc0a2178 — receipts=1, conversations=0, chat_messages=0
2026-08-13 21:06:44.681 [INFO] [req-03678c2b] [receipt_api.API.devices] Device linked successfully: device_name=dev_886ed96c-c698-4696-ab06-666bfc0a2178, username=test
2026-08-13 21:06:44.682 [INFO] [req-03678c2b] [receipt_api.HTTP] <-- 200 POST /api/v1/devices/link (1097.99ms)
2026-08-13 21:06:44.745 [INFO] [req-618b2435] [receipt_api.HTTP] --> POST /api/v1/devices/link | Client: 127.0.0.1 | Dev: - | User: -
2026-08-13 21:06:44.746 [DEBUG] [req-618b2435] [receipt_api.Auth.rate_limiter] Rate limit key generated: '/api/v1/devices/link:dev_886ed96c-c698-4696-ab06-666bfc0a2178' (identifier='dev_886ed96c-c698-4696-ab06-666bfc0a2178', path='/api/v1/devices/link')
2026-08-13 21:06:44.746 [DEBUG] [req-618b2435] [receipt_api.Auth.rate_limiter] Rate limit threshold check for key '/api/v1/devices/link:dev_886ed96c-c698-4696-ab06-666bfc0a2178': current bucket counter=2, threshold=10, window=60s
2026-08-13 21:06:44.746 [DEBUG] [req-618b2435] [receipt_api.Auth.rate_limiter] Rate limit check passed for key '/api/v1/devices/link:dev_886ed96c-c698-4696-ab06-666bfc0a2178': updated bucket counter=3, remaining=7
2026-08-13 21:06:44.746 [DEBUG] [req-618b2435] [receipt_api.Infrastructure.database] Initializing Supabase async client for URL: https://asdumcyjkvzawoxupoxu.supabase.co
2026-08-13 21:06:45.015 [DEBUG] [req-618b2435] [receipt_api.Infrastructure.database] Supabase async client initialized successfully
2026-08-13 21:06:45.015 [DEBUG] [req-618b2435] [receipt_api.Auth.identity] Parsing link bridge headers: X-Device-Name/X-Device-ID='dev_886ed96c-c698-4696-ab06-666bfc0a2178', X-Device-Token='[PRESENT]', X-User-Name/X-User-ID='None', X-User-Token='[NONE]'
2026-08-13 21:06:45.015 [DEBUG] [req-618b2435] [receipt_api.Models.device_repository] SELECT device get_by_device_id: device_name_or_uuid='dev_886ed96c-c698-4696-ab06-666bfc0a2178'
2026-08-13 21:06:45.375 [INFO] [req-618b2435] [receipt_api.Models.device_repository] SELECT device get_by_device_id matched by name: id=2b3cd042-0742-4ffd-bcbe-db3dea65d36d in 359.44ms
2026-08-13 21:06:45.375 [DEBUG] [req-618b2435] [receipt_api.Auth.identity] Constant-time digest comparison PASS for link bridge device token (device_name='dev_886ed96c-c698-4696-ab06-666bfc0a2178')
2026-08-13 21:06:45.375 [INFO] [req-618b2435] [receipt_api.Auth.identity] Identity resolved (mode=user): user_id=c6d9b2dd-6e69-4b4b-b5de-0877442191e2, username=None, device_id=2b3cd042-0742-4ffd-bcbe-db3dea65d36d, device_name=dev_886ed96c-c698-4696-ab06-666bfc0a2178
2026-08-13 21:06:45.375 [DEBUG] [req-618b2435] [receipt_api.API.devices] Entering link_device_user: device_name=dev_886ed96c-c698-4696-ab06-666bfc0a2178, target_username=None, identity (device_name=dev_886ed96c-c698-4696-ab06-666bfc0a2178, user_id=c6d9b2dd-6e69-4b4b-b5de-0877442191e2)
2026-08-13 21:06:45.375 [DEBUG] [req-618b2435] [receipt_api.Models.device_repository] SELECT device get_by_device_id: device_name_or_uuid='dev_886ed96c-c698-4696-ab06-666bfc0a2178'
2026-08-13 21:06:45.408 [INFO] [req-618b2435] [receipt_api.Models.device_repository] SELECT device get_by_device_id matched by name: id=2b3cd042-0742-4ffd-bcbe-db3dea65d36d in 32.80ms
2026-08-13 21:06:45.408 [DEBUG] [req-618b2435] [receipt_api.Models.device_repository] link_user_by_names: device_name='dev_886ed96c-c698-4696-ab06-666bfc0a2178', username=None
2026-08-13 21:06:45.408 [DEBUG] [req-618b2435] [receipt_api.Models.device_repository] SELECT device get_by_device_id: device_name_or_uuid='dev_886ed96c-c698-4696-ab06-666bfc0a2178'
2026-08-13 21:06:45.445 [INFO] [req-618b2435] [receipt_api.Models.device_repository] SELECT device get_by_device_id matched by name: id=2b3cd042-0742-4ffd-bcbe-db3dea65d36d in 36.45ms
2026-08-13 21:06:45.477 [INFO] [req-618b2435] [receipt_api.Models.device_repository] link_user_by_names completed fallback update in 68.30ms
2026-08-13 21:06:45.477 [INFO] [req-618b2435] [receipt_api.API.devices] Device linked successfully: device_name=dev_886ed96c-c698-4696-ab06-666bfc0a2178, username=None
2026-08-13 21:06:45.477 [INFO] [req-618b2435] [receipt_api.HTTP] <-- 200 POST /api/v1/devices/link (732.37ms)
2026-08-13 21:06:45.517 [INFO] [req-fa3407e1] [receipt_api.HTTP] --> POST /api/v1/devices/rotate-token | Client: 127.0.0.1 | Dev: - | User: -
2026-08-13 21:06:45.518 [DEBUG] [req-fa3407e1] [receipt_api.Auth.rate_limiter] Rate limit key generated: '/api/v1/devices/rotate-token:dev_886ed96c-c698-4696-ab06-666bfc0a2178' (identifier='dev_886ed96c-c698-4696-ab06-666bfc0a2178', path='/api/v1/devices/rotate-token')
2026-08-13 21:06:45.518 [DEBUG] [req-fa3407e1] [receipt_api.Auth.rate_limiter] Rate limit threshold check for key '/api/v1/devices/rotate-token:dev_886ed96c-c698-4696-ab06-666bfc0a2178': current bucket counter=0, threshold=10, window=60s
2026-08-13 21:06:45.518 [DEBUG] [req-fa3407e1] [receipt_api.Auth.rate_limiter] Rate limit check passed for key '/api/v1/devices/rotate-token:dev_886ed96c-c698-4696-ab06-666bfc0a2178': updated bucket counter=1, remaining=9
2026-08-13 21:06:45.519 [DEBUG] [req-fa3407e1] [receipt_api.Infrastructure.database] Initializing Supabase async client for URL: https://asdumcyjkvzawoxupoxu.supabase.co
2026-08-13 21:06:45.773 [DEBUG] [req-fa3407e1] [receipt_api.Infrastructure.database] Supabase async client initialized successfully
2026-08-13 21:06:45.773 [DEBUG] [req-fa3407e1] [receipt_api.Auth.identity] Parsing device headers: X-Device-Name/X-Device-ID='dev_886ed96c-c698-4696-ab06-666bfc0a2178', X-Device-Token='[PRESENT]'
2026-08-13 21:06:45.773 [DEBUG] [req-fa3407e1] [receipt_api.Models.device_repository] SELECT device get_by_device_id: device_name_or_uuid='dev_886ed96c-c698-4696-ab06-666bfc0a2178'
2026-08-13 21:06:46.088 [INFO] [req-fa3407e1] [receipt_api.Models.device_repository] SELECT device get_by_device_id matched by name: id=2b3cd042-0742-4ffd-bcbe-db3dea65d36d in 314.45ms
2026-08-13 21:06:46.088 [DEBUG] [req-fa3407e1] [receipt_api.Auth.identity] Constant-time digest comparison PASS for device token (device_name='dev_886ed96c-c698-4696-ab06-666bfc0a2178')
2026-08-13 21:06:46.088 [INFO] [req-fa3407e1] [receipt_api.Auth.identity] Identity resolved (mode=device): user_id=None, username=None, device_id=2b3cd042-0742-4ffd-bcbe-db3dea65d36d, device_name=dev_886ed96c-c698-4696-ab06-666bfc0a2178
2026-08-13 21:06:46.088 [DEBUG] [req-fa3407e1] [receipt_api.API.devices] Entering rotate_device_token_endpoint: device_name=dev_886ed96c-c698-4696-ab06-666bfc0a2178
2026-08-13 21:06:46.088 [DEBUG] [req-fa3407e1] [receipt_api.Models.device_repository] UPDATE device rotate_device_token: device_name='dev_886ed96c-c698-4696-ab06-666bfc0a2178'
2026-08-13 21:06:46.089 [DEBUG] [req-fa3407e1] [receipt_api.Models.device_repository] SELECT device get_by_device_id: device_name_or_uuid='dev_886ed96c-c698-4696-ab06-666bfc0a2178'
2026-08-13 21:06:46.120 [INFO] [req-fa3407e1] [receipt_api.Models.device_repository] SELECT device get_by_device_id matched by name: id=2b3cd042-0742-4ffd-bcbe-db3dea65d36d in 31.77ms
2026-08-13 21:06:46.170 [INFO] [req-fa3407e1] [receipt_api.Models.device_repository] UPDATE device rotate_device_token succeeded in 81.73ms
2026-08-13 21:06:46.170 [INFO] [req-fa3407e1] [receipt_api.API.devices] Device token rotated successfully for device_name=dev_886ed96c-c698-4696-ab06-666bfc0a2178
2026-08-13 21:06:46.171 [INFO] [req-fa3407e1] [receipt_api.HTTP] <-- 200 POST /api/v1/devices/rotate-token (654.05ms)
2026-08-13 21:07:03.477 [INFO] [req-4e34b859] [receipt_api.HTTP] --> POST /api/v1/user/login | Client: 127.0.0.1 | Dev: - | User: -
2026-08-13 21:07:03.478 [DEBUG] [req-4e34b859] [receipt_api.Auth.rate_limiter] Rate limit key generated: '/api/v1/user/login:127.0.0.1' (identifier='127.0.0.1', path='/api/v1/user/login')
2026-08-13 21:07:03.478 [DEBUG] [req-4e34b859] [receipt_api.Auth.rate_limiter] Rate limit threshold check for key '/api/v1/user/login:127.0.0.1': current bucket counter=0, threshold=10, window=60s
2026-08-13 21:07:03.478 [DEBUG] [req-4e34b859] [receipt_api.Auth.rate_limiter] Rate limit check passed for key '/api/v1/user/login:127.0.0.1': updated bucket counter=1, remaining=9
2026-08-13 21:07:03.479 [DEBUG] [req-4e34b859] [receipt_api.Infrastructure.database] Initializing Supabase async client for URL: https://asdumcyjkvzawoxupoxu.supabase.co
2026-08-13 21:07:03.885 [DEBUG] [req-4e34b859] [receipt_api.Infrastructure.database] Supabase async client initialized successfully
2026-08-13 21:07:03.885 [DEBUG] [req-4e34b859] [receipt_api.API.user] Entering login_user: identifier=test
2026-08-13 21:07:03.885 [DEBUG] [req-4e34b859] [receipt_api.Models.user_repository] SELECT user get_by_identifier: identifier='test'
2026-08-13 21:07:03.885 [DEBUG] [req-4e34b859] [receipt_api.Models.user_repository] SELECT user get_by_username: username='test'
2026-08-13 21:07:04.370 [INFO] [req-4e34b859] [receipt_api.Models.user_repository] SELECT user get_by_username finished: found=True in 484.86ms
2026-08-13 21:07:04.465 [INFO] [req-4e34b859] [receipt_api.API.user] User logged in successfully: user_id=c6d9b2dd-6e69-4b4b-b5de-0877442191e2, username=test
2026-08-13 21:07:04.466 [INFO] [req-4e34b859] [receipt_api.HTTP] <-- 200 POST /api/v1/user/login (989.34ms)
2026-08-13 21:07:04.500 [INFO] [req-8e8eda78] [receipt_api.HTTP] --> POST /api/v1/devices/link | Client: 127.0.0.1 | Dev: - | User: test
2026-08-13 21:07:04.508 [DEBUG] [req-8e8eda78] [receipt_api.Auth.rate_limiter] Rate limit key generated: '/api/v1/devices/link:dev_886ed96c-c698-4696-ab06-666bfc0a2178' (identifier='dev_886ed96c-c698-4696-ab06-666bfc0a2178', path='/api/v1/devices/link')
2026-08-13 21:07:04.509 [DEBUG] [req-8e8eda78] [receipt_api.Auth.rate_limiter] Rate limit threshold check for key '/api/v1/devices/link:dev_886ed96c-c698-4696-ab06-666bfc0a2178': current bucket counter=3, threshold=10, window=60s
2026-08-13 21:07:04.509 [DEBUG] [req-8e8eda78] [receipt_api.Auth.rate_limiter] Rate limit check passed for key '/api/v1/devices/link:dev_886ed96c-c698-4696-ab06-666bfc0a2178': updated bucket counter=4, remaining=6
2026-08-13 21:07:04.509 [DEBUG] [req-8e8eda78] [receipt_api.Infrastructure.database] Initializing Supabase async client for URL: https://asdumcyjkvzawoxupoxu.supabase.co
2026-08-13 21:07:04.910 [DEBUG] [req-8e8eda78] [receipt_api.Infrastructure.database] Supabase async client initialized successfully
2026-08-13 21:07:04.911 [DEBUG] [req-8e8eda78] [receipt_api.Auth.identity] Parsing link bridge headers: X-Device-Name/X-Device-ID='dev_886ed96c-c698-4696-ab06-666bfc0a2178', X-Device-Token='[PRESENT]', X-User-Name/X-User-ID='test', X-User-Token='[PRESENT]'
2026-08-13 21:07:04.911 [DEBUG] [req-8e8eda78] [receipt_api.Models.device_repository] SELECT device get_by_device_id: device_name_or_uuid='dev_886ed96c-c698-4696-ab06-666bfc0a2178'
2026-08-13 21:07:05.345 [INFO] [req-8e8eda78] [receipt_api.Models.device_repository] SELECT device get_by_device_id matched by name: id=2b3cd042-0742-4ffd-bcbe-db3dea65d36d in 433.94ms
2026-08-13 21:07:05.345 [DEBUG] [req-8e8eda78] [receipt_api.Auth.identity] Constant-time digest comparison PASS for link bridge device token (device_name='dev_886ed96c-c698-4696-ab06-666bfc0a2178')
2026-08-13 21:07:05.345 [DEBUG] [req-8e8eda78] [receipt_api.Models.user_repository] SELECT user get_by_identifier: identifier='test'
2026-08-13 21:07:05.345 [DEBUG] [req-8e8eda78] [receipt_api.Models.user_repository] SELECT user get_by_username: username='test'
2026-08-13 21:07:05.385 [INFO] [req-8e8eda78] [receipt_api.Models.user_repository] SELECT user get_by_username finished: found=True in 39.69ms
2026-08-13 21:07:05.453 [DEBUG] [req-8e8eda78] [receipt_api.Auth.identity] Constant-time digest comparison PASS for link bridge user token (username='test')
2026-08-13 21:07:05.454 [INFO] [req-8e8eda78] [receipt_api.Auth.identity] Identity resolved (mode=user): user_id=c6d9b2dd-6e69-4b4b-b5de-0877442191e2, username=test, device_id=2b3cd042-0742-4ffd-bcbe-db3dea65d36d, device_name=dev_886ed96c-c698-4696-ab06-666bfc0a2178
2026-08-13 21:07:05.454 [DEBUG] [req-8e8eda78] [receipt_api.API.devices] Entering link_device_user: device_name=dev_886ed96c-c698-4696-ab06-666bfc0a2178, target_username=test, identity (device_name=dev_886ed96c-c698-4696-ab06-666bfc0a2178, user_id=c6d9b2dd-6e69-4b4b-b5de-0877442191e2)
2026-08-13 21:07:05.454 [DEBUG] [req-8e8eda78] [receipt_api.Models.device_repository] SELECT device get_by_device_id: device_name_or_uuid='dev_886ed96c-c698-4696-ab06-666bfc0a2178'
2026-08-13 21:07:05.496 [INFO] [req-8e8eda78] [receipt_api.Models.device_repository] SELECT device get_by_device_id matched by name: id=2b3cd042-0742-4ffd-bcbe-db3dea65d36d in 41.40ms
2026-08-13 21:07:05.496 [DEBUG] [req-8e8eda78] [receipt_api.Models.device_repository] link_user_by_names: device_name='dev_886ed96c-c698-4696-ab06-666bfc0a2178', username=test
2026-08-13 21:07:05.496 [DEBUG] [req-8e8eda78] [receipt_api.Models.device_repository] SELECT device get_by_device_id: device_name_or_uuid='dev_886ed96c-c698-4696-ab06-666bfc0a2178'
2026-08-13 21:07:05.523 [INFO] [req-8e8eda78] [receipt_api.Models.device_repository] SELECT device get_by_device_id matched by name: id=2b3cd042-0742-4ffd-bcbe-db3dea65d36d in 27.42ms
2026-08-13 21:07:05.524 [DEBUG] [req-8e8eda78] [receipt_api.Models.user_repository] SELECT user get_by_identifier: identifier='test'
2026-08-13 21:07:05.524 [DEBUG] [req-8e8eda78] [receipt_api.Models.user_repository] SELECT user get_by_username: username='test'
2026-08-13 21:07:05.551 [INFO] [req-8e8eda78] [receipt_api.Models.user_repository] SELECT user get_by_username finished: found=True in 27.51ms
2026-08-13 21:07:05.551 [DEBUG] [req-8e8eda78] [receipt_api.Models.device_repository] Calling RPC link_device_and_migrate_guest_data for device='dev_886ed96c-c698-4696-ab06-666bfc0a2178'
2026-08-13 21:07:05.591 [INFO] [req-8e8eda78] [receipt_api.Models.device_repository] Atomic guest migration RPC complete for device name=dev_886ed96c-c698-4696-ab06-666bfc0a2178: receipts=0 conversations=0
2026-08-13 21:07:05.591 [DEBUG] [req-8e8eda78] [receipt_api.Models.device_repository] SELECT device get_by_device_id: device_name_or_uuid='2b3cd042-0742-4ffd-bcbe-db3dea65d36d'
2026-08-13 21:07:05.657 [INFO] [req-8e8eda78] [receipt_api.Models.device_repository] SELECT device get_by_device_id fallback UUID search finished: found=True in 66.01ms
2026-08-13 21:07:05.657 [INFO] [req-8e8eda78] [receipt_api.Models.device_repository] link_user_by_names RPC succeeded in 161.58ms
2026-08-13 21:07:05.658 [INFO] [req-8e8eda78] [receipt_api.API.devices] Device linked successfully: device_name=dev_886ed96c-c698-4696-ab06-666bfc0a2178, username=test
2026-08-13 21:07:05.658 [INFO] [req-8e8eda78] [receipt_api.HTTP] <-- 200 POST /api/v1/devices/link (1157.86ms)
2026-08-13 21:07:05.724 [INFO] [req-fc6c0cc9] [receipt_api.HTTP] --> GET /api/v1/receipts/ | Client: 127.0.0.1 | Dev: - | User: test
2026-08-13 21:07:05.725 [DEBUG] [req-fc6c0cc9] [receipt_api.Auth.rate_limiter] Rate limit key generated: '/api/v1/receipts/:127.0.0.1' (identifier='127.0.0.1', path='/api/v1/receipts/')
2026-08-13 21:07:05.725 [DEBUG] [req-fc6c0cc9] [receipt_api.Auth.rate_limiter] Rate limit threshold check for key '/api/v1/receipts/:127.0.0.1': current bucket counter=0, threshold=60, window=60s
2026-08-13 21:07:05.725 [DEBUG] [req-fc6c0cc9] [receipt_api.Auth.rate_limiter] Rate limit check passed for key '/api/v1/receipts/:127.0.0.1': updated bucket counter=1, remaining=59
2026-08-13 21:07:05.725 [DEBUG] [req-fc6c0cc9] [receipt_api.Infrastructure.database] Initializing Supabase async client for URL: https://asdumcyjkvzawoxupoxu.supabase.co
2026-08-13 21:07:06.000 [DEBUG] [req-fc6c0cc9] [receipt_api.Infrastructure.database] Supabase async client initialized successfully
2026-08-13 21:07:06.000 [DEBUG] [req-fc6c0cc9] [receipt_api.Auth.identity] Parsing user headers: X-User-Name/X-User-ID='test', X-User-Token='[PRESENT]'
2026-08-13 21:07:06.000 [DEBUG] [req-fc6c0cc9] [receipt_api.Models.user_repository] SELECT user get_by_identifier: identifier='test'
2026-08-13 21:07:06.000 [DEBUG] [req-fc6c0cc9] [receipt_api.Models.user_repository] SELECT user get_by_username: username='test'
2026-08-13 21:07:06.391 [INFO] [req-fc6c0cc9] [receipt_api.Models.user_repository] SELECT user get_by_username finished: found=True in 390.36ms
2026-08-13 21:07:06.448 [DEBUG] [req-fc6c0cc9] [receipt_api.Auth.identity] Constant-time digest comparison PASS for user token (username='test')
2026-08-13 21:07:06.448 [INFO] [req-fc6c0cc9] [receipt_api.Auth.identity] Identity resolved (mode=user): user_id=c6d9b2dd-6e69-4b4b-b5de-0877442191e2, username=test
2026-08-13 21:07:06.449 [DEBUG] [req-fc6c0cc9] [receipt_api.API.receipts] Entering list_receipts: updated_after=None, limit=20, offset=0, identity (user_id=c6d9b2dd-6e69-4b4b-b5de-0877442191e2, username=test)
2026-08-13 21:07:06.449 [DEBUG] [req-fc6c0cc9] [receipt_api.Models.receipt_repository] SELECT receipts get_all_by_identity: user_id=c6d9b2dd-6e69-4b4b-b5de-0877442191e2, device_id=, updated_after=None, limit=20, offset=0
2026-08-13 21:07:06.494 [INFO] [req-fc6c0cc9] [receipt_api.Models.receipt_repository] SELECT receipts get_all_by_identity succeeded: returned 2 rows in 44.51ms
2026-08-13 21:07:06.494 [INFO] [req-fc6c0cc9] [receipt_api.API.receipts] list_receipts fetched 2 records for user_id=c6d9b2dd-6e69-4b4b-b5de-0877442191e2
2026-08-13 21:07:06.494 [INFO] [req-fc6c0cc9] [receipt_api.HTTP] <-- 200 GET /api/v1/receipts/ (770.54ms)
2026-08-13 21:07:06.560 [INFO] [req-f029ce7e] [receipt_api.HTTP] --> GET /api/v1/chat/list | Client: 127.0.0.1 | Dev: - | User: test
2026-08-13 21:07:06.592 [DEBUG] [req-f029ce7e] [receipt_api.Auth.rate_limiter] Rate limit key generated: '/api/v1/chat/list:127.0.0.1' (identifier='127.0.0.1', path='/api/v1/chat/list')
2026-08-13 21:07:06.592 [DEBUG] [req-f029ce7e] [receipt_api.Auth.rate_limiter] Rate limit threshold check for key '/api/v1/chat/list:127.0.0.1': current bucket counter=0, threshold=60, window=60s
2026-08-13 21:07:06.592 [DEBUG] [req-f029ce7e] [receipt_api.Auth.rate_limiter] Rate limit check passed for key '/api/v1/chat/list:127.0.0.1': updated bucket counter=1, remaining=59
2026-08-13 21:07:06.592 [DEBUG] [req-f029ce7e] [receipt_api.Infrastructure.database] Initializing Supabase async client for URL: https://asdumcyjkvzawoxupoxu.supabase.co
2026-08-13 21:07:06.846 [DEBUG] [req-f029ce7e] [receipt_api.Infrastructure.database] Supabase async client initialized successfully
2026-08-13 21:07:06.846 [DEBUG] [req-f029ce7e] [receipt_api.Auth.identity] Parsing user headers: X-User-Name/X-User-ID='test', X-User-Token='[PRESENT]'
2026-08-13 21:07:06.847 [DEBUG] [req-f029ce7e] [receipt_api.Models.user_repository] SELECT user get_by_identifier: identifier='test'
2026-08-13 21:07:06.847 [DEBUG] [req-f029ce7e] [receipt_api.Models.user_repository] SELECT user get_by_username: username='test'
2026-08-13 21:07:07.198 [INFO] [req-f029ce7e] [receipt_api.Models.user_repository] SELECT user get_by_username finished: found=True in 351.59ms
2026-08-13 21:07:07.264 [DEBUG] [req-f029ce7e] [receipt_api.Auth.identity] Constant-time digest comparison PASS for user token (username='test')
2026-08-13 21:07:07.264 [INFO] [req-f029ce7e] [receipt_api.Auth.identity] Identity resolved (mode=user): user_id=c6d9b2dd-6e69-4b4b-b5de-0877442191e2, username=test
2026-08-13 21:07:07.264 [DEBUG] [req-f029ce7e] [receipt_api.API.chat] Entering list_conversations: limit=20, offset=0, identity (user_id=c6d9b2dd-6e69-4b4b-b5de-0877442191e2)
2026-08-13 21:07:07.265 [DEBUG] [req-f029ce7e] [receipt_api.Models.conversation_repository] SELECT conversations list_conversations: user_id=c6d9b2dd-6e69-4b4b-b5de-0877442191e2, device_id=, limit=20, offset=0
2026-08-13 21:07:07.320 [INFO] [req-f029ce7e] [receipt_api.Models.conversation_repository] SELECT conversations list_conversations succeeded: returned 0 rows in 55.26ms
2026-08-13 21:07:07.320 [INFO] [req-f029ce7e] [receipt_api.API.chat] list_conversations returned 0 records for user_id=c6d9b2dd-6e69-4b4b-b5de-0877442191e2
2026-08-13 21:07:07.320 [INFO] [req-f029ce7e] [receipt_api.HTTP] <-- 200 GET /api/v1/chat/list (760.48ms)
2026-08-13 21:09:37.928 [INFO] [req-c217690a] [receipt_api.HTTP] --> POST /api/v1/devices/link | Client: 127.0.0.1 | Dev: - | User: -
2026-08-13 21:09:37.929 [DEBUG] [req-c217690a] [receipt_api.Auth.rate_limiter] Rate limit key generated: '/api/v1/devices/link:dev_886ed96c-c698-4696-ab06-666bfc0a2178' (identifier='dev_886ed96c-c698-4696-ab06-666bfc0a2178', path='/api/v1/devices/link')
2026-08-13 21:09:37.929 [DEBUG] [req-c217690a] [receipt_api.Auth.rate_limiter] Rate limit threshold check for key '/api/v1/devices/link:dev_886ed96c-c698-4696-ab06-666bfc0a2178': current bucket counter=0, threshold=10, window=60s
2026-08-13 21:09:37.930 [DEBUG] [req-c217690a] [receipt_api.Auth.rate_limiter] Rate limit check passed for key '/api/v1/devices/link:dev_886ed96c-c698-4696-ab06-666bfc0a2178': updated bucket counter=1, remaining=9
2026-08-13 21:09:37.930 [DEBUG] [req-c217690a] [receipt_api.Infrastructure.database] Initializing Supabase async client for URL: https://asdumcyjkvzawoxupoxu.supabase.co
2026-08-13 21:09:38.219 [DEBUG] [req-c217690a] [receipt_api.Infrastructure.database] Supabase async client initialized successfully
2026-08-13 21:09:38.219 [DEBUG] [req-c217690a] [receipt_api.Auth.identity] Parsing link bridge headers: X-Device-Name/X-Device-ID='dev_886ed96c-c698-4696-ab06-666bfc0a2178', X-Device-Token='[PRESENT]', X-User-Name/X-User-ID='None', X-User-Token='[NONE]'
2026-08-13 21:09:38.219 [DEBUG] [req-c217690a] [receipt_api.Models.device_repository] SELECT device get_by_device_id: device_name_or_uuid='dev_886ed96c-c698-4696-ab06-666bfc0a2178'
2026-08-13 21:09:38.778 [INFO] [req-c217690a] [receipt_api.Models.device_repository] SELECT device get_by_device_id matched by name: id=2b3cd042-0742-4ffd-bcbe-db3dea65d36d in 558.72ms
2026-08-13 21:09:38.778 [DEBUG] [req-c217690a] [receipt_api.Auth.identity] Constant-time digest comparison PASS for link bridge device token (device_name='dev_886ed96c-c698-4696-ab06-666bfc0a2178')
2026-08-13 21:09:38.778 [INFO] [req-c217690a] [receipt_api.Auth.identity] Identity resolved (mode=user): user_id=c6d9b2dd-6e69-4b4b-b5de-0877442191e2, username=None, device_id=2b3cd042-0742-4ffd-bcbe-db3dea65d36d, device_name=dev_886ed96c-c698-4696-ab06-666bfc0a2178
2026-08-13 21:09:38.778 [DEBUG] [req-c217690a] [receipt_api.API.devices] Entering link_device_user: device_name=dev_886ed96c-c698-4696-ab06-666bfc0a2178, target_username=None, identity (device_name=dev_886ed96c-c698-4696-ab06-666bfc0a2178, user_id=c6d9b2dd-6e69-4b4b-b5de-0877442191e2)
2026-08-13 21:09:38.779 [DEBUG] [req-c217690a] [receipt_api.Models.device_repository] SELECT device get_by_device_id: device_name_or_uuid='dev_886ed96c-c698-4696-ab06-666bfc0a2178'
2026-08-13 21:09:38.811 [INFO] [req-c217690a] [receipt_api.Models.device_repository] SELECT device get_by_device_id matched by name: id=2b3cd042-0742-4ffd-bcbe-db3dea65d36d in 31.99ms
2026-08-13 21:09:38.811 [DEBUG] [req-c217690a] [receipt_api.Models.device_repository] link_user_by_names: device_name='dev_886ed96c-c698-4696-ab06-666bfc0a2178', username=None
2026-08-13 21:09:38.811 [DEBUG] [req-c217690a] [receipt_api.Models.device_repository] SELECT device get_by_device_id: device_name_or_uuid='dev_886ed96c-c698-4696-ab06-666bfc0a2178'
2026-08-13 21:09:38.845 [INFO] [req-c217690a] [receipt_api.Models.device_repository] SELECT device get_by_device_id matched by name: id=2b3cd042-0742-4ffd-bcbe-db3dea65d36d in 34.09ms
2026-08-13 21:09:38.955 [INFO] [req-c217690a] [receipt_api.Models.device_repository] link_user_by_names completed fallback update in 144.18ms
2026-08-13 21:09:38.955 [INFO] [req-c217690a] [receipt_api.API.devices] Device linked successfully: device_name=dev_886ed96c-c698-4696-ab06-666bfc0a2178, username=None
2026-08-13 21:09:38.955 [INFO] [req-c217690a] [receipt_api.HTTP] <-- 200 POST /api/v1/devices/link (1027.40ms)
2026-08-13 21:09:38.987 [INFO] [req-575cb6d7] [receipt_api.HTTP] --> POST /api/v1/devices/rotate-token | Client: 127.0.0.1 | Dev: - | User: -
2026-08-13 21:09:38.988 [DEBUG] [req-575cb6d7] [receipt_api.Auth.rate_limiter] Rate limit key generated: '/api/v1/devices/rotate-token:dev_886ed96c-c698-4696-ab06-666bfc0a2178' (identifier='dev_886ed96c-c698-4696-ab06-666bfc0a2178', path='/api/v1/devices/rotate-token')
2026-08-13 21:09:38.988 [DEBUG] [req-575cb6d7] [receipt_api.Auth.rate_limiter] Rate limit threshold check for key '/api/v1/devices/rotate-token:dev_886ed96c-c698-4696-ab06-666bfc0a2178': current bucket counter=0, threshold=10, window=60s
2026-08-13 21:09:38.988 [DEBUG] [req-575cb6d7] [receipt_api.Auth.rate_limiter] Rate limit check passed for key '/api/v1/devices/rotate-token:dev_886ed96c-c698-4696-ab06-666bfc0a2178': updated bucket counter=1, remaining=9
2026-08-13 21:09:38.988 [DEBUG] [req-575cb6d7] [receipt_api.Infrastructure.database] Initializing Supabase async client for URL: https://asdumcyjkvzawoxupoxu.supabase.co
2026-08-13 21:09:39.273 [DEBUG] [req-575cb6d7] [receipt_api.Infrastructure.database] Supabase async client initialized successfully
2026-08-13 21:09:39.274 [DEBUG] [req-575cb6d7] [receipt_api.Auth.identity] Parsing device headers: X-Device-Name/X-Device-ID='dev_886ed96c-c698-4696-ab06-666bfc0a2178', X-Device-Token='[PRESENT]'
2026-08-13 21:09:39.274 [DEBUG] [req-575cb6d7] [receipt_api.Models.device_repository] SELECT device get_by_device_id: device_name_or_uuid='dev_886ed96c-c698-4696-ab06-666bfc0a2178'
2026-08-13 21:09:39.613 [INFO] [req-575cb6d7] [receipt_api.Models.device_repository] SELECT device get_by_device_id matched by name: id=2b3cd042-0742-4ffd-bcbe-db3dea65d36d in 338.96ms
2026-08-13 21:09:39.613 [DEBUG] [req-575cb6d7] [receipt_api.Auth.identity] Constant-time digest comparison PASS for device token (device_name='dev_886ed96c-c698-4696-ab06-666bfc0a2178')
2026-08-13 21:09:39.613 [INFO] [req-575cb6d7] [receipt_api.Auth.identity] Identity resolved (mode=device): user_id=None, username=None, device_id=2b3cd042-0742-4ffd-bcbe-db3dea65d36d, device_name=dev_886ed96c-c698-4696-ab06-666bfc0a2178
2026-08-13 21:09:39.613 [DEBUG] [req-575cb6d7] [receipt_api.API.devices] Entering rotate_device_token_endpoint: device_name=dev_886ed96c-c698-4696-ab06-666bfc0a2178
2026-08-13 21:09:39.613 [DEBUG] [req-575cb6d7] [receipt_api.Models.device_repository] UPDATE device rotate_device_token: device_name='dev_886ed96c-c698-4696-ab06-666bfc0a2178'
2026-08-13 21:09:39.614 [DEBUG] [req-575cb6d7] [receipt_api.Models.device_repository] SELECT device get_by_device_id: device_name_or_uuid='dev_886ed96c-c698-4696-ab06-666bfc0a2178'
2026-08-13 21:09:39.646 [INFO] [req-575cb6d7] [receipt_api.Models.device_repository] SELECT device get_by_device_id matched by name: id=2b3cd042-0742-4ffd-bcbe-db3dea65d36d in 32.15ms
2026-08-13 21:09:39.687 [INFO] [req-575cb6d7] [receipt_api.Models.device_repository] UPDATE device rotate_device_token succeeded in 73.77ms
2026-08-13 21:09:39.687 [INFO] [req-575cb6d7] [receipt_api.API.devices] Device token rotated successfully for device_name=dev_886ed96c-c698-4696-ab06-666bfc0a2178
2026-08-13 21:09:39.688 [INFO] [req-575cb6d7] [receipt_api.HTTP] <-- 200 POST /api/v1/devices/rotate-token (701.12ms)
2026-08-13 21:09:52.767 [INFO] [req-2cf0620a] [receipt_api.HTTP] --> POST /api/v1/user/login | Client: 127.0.0.1 | Dev: - | User: -
2026-08-13 21:09:52.768 [DEBUG] [req-2cf0620a] [receipt_api.Auth.rate_limiter] Rate limit key generated: '/api/v1/user/login:127.0.0.1' (identifier='127.0.0.1', path='/api/v1/user/login')
2026-08-13 21:09:52.768 [DEBUG] [req-2cf0620a] [receipt_api.Auth.rate_limiter] Rate limit threshold check for key '/api/v1/user/login:127.0.0.1': current bucket counter=0, threshold=10, window=60s
2026-08-13 21:09:52.768 [DEBUG] [req-2cf0620a] [receipt_api.Auth.rate_limiter] Rate limit check passed for key '/api/v1/user/login:127.0.0.1': updated bucket counter=1, remaining=9
2026-08-13 21:09:52.768 [DEBUG] [req-2cf0620a] [receipt_api.Infrastructure.database] Initializing Supabase async client for URL: https://asdumcyjkvzawoxupoxu.supabase.co
2026-08-13 21:09:53.051 [DEBUG] [req-2cf0620a] [receipt_api.Infrastructure.database] Supabase async client initialized successfully
2026-08-13 21:09:53.051 [DEBUG] [req-2cf0620a] [receipt_api.API.user] Entering login_user: identifier=test
2026-08-13 21:09:53.052 [DEBUG] [req-2cf0620a] [receipt_api.Models.user_repository] SELECT user get_by_identifier: identifier='test'
2026-08-13 21:09:53.052 [DEBUG] [req-2cf0620a] [receipt_api.Models.user_repository] SELECT user get_by_username: username='test'
2026-08-13 21:09:53.420 [INFO] [req-2cf0620a] [receipt_api.Models.user_repository] SELECT user get_by_username finished: found=True in 367.77ms
2026-08-13 21:09:53.499 [INFO] [req-2cf0620a] [receipt_api.API.user] User logged in successfully: user_id=c6d9b2dd-6e69-4b4b-b5de-0877442191e2, username=test
2026-08-13 21:09:53.500 [INFO] [req-2cf0620a] [receipt_api.HTTP] <-- 200 POST /api/v1/user/login (732.55ms)
2026-08-13 21:09:53.528 [INFO] [req-6fe6eac5] [receipt_api.HTTP] --> POST /api/v1/devices/link | Client: 127.0.0.1 | Dev: - | User: test
2026-08-13 21:09:53.536 [DEBUG] [req-6fe6eac5] [receipt_api.Auth.rate_limiter] Rate limit key generated: '/api/v1/devices/link:dev_886ed96c-c698-4696-ab06-666bfc0a2178' (identifier='dev_886ed96c-c698-4696-ab06-666bfc0a2178', path='/api/v1/devices/link')
2026-08-13 21:09:53.536 [DEBUG] [req-6fe6eac5] [receipt_api.Auth.rate_limiter] Rate limit threshold check for key '/api/v1/devices/link:dev_886ed96c-c698-4696-ab06-666bfc0a2178': current bucket counter=1, threshold=10, window=60s
2026-08-13 21:09:53.536 [DEBUG] [req-6fe6eac5] [receipt_api.Auth.rate_limiter] Rate limit check passed for key '/api/v1/devices/link:dev_886ed96c-c698-4696-ab06-666bfc0a2178': updated bucket counter=2, remaining=8
2026-08-13 21:09:53.536 [DEBUG] [req-6fe6eac5] [receipt_api.Infrastructure.database] Initializing Supabase async client for URL: https://asdumcyjkvzawoxupoxu.supabase.co
2026-08-13 21:09:53.819 [DEBUG] [req-6fe6eac5] [receipt_api.Infrastructure.database] Supabase async client initialized successfully
2026-08-13 21:09:53.819 [DEBUG] [req-6fe6eac5] [receipt_api.Auth.identity] Parsing link bridge headers: X-Device-Name/X-Device-ID='dev_886ed96c-c698-4696-ab06-666bfc0a2178', X-Device-Token='[PRESENT]', X-User-Name/X-User-ID='test', X-User-Token='[PRESENT]'
2026-08-13 21:09:53.819 [DEBUG] [req-6fe6eac5] [receipt_api.Models.device_repository] SELECT device get_by_device_id: device_name_or_uuid='dev_886ed96c-c698-4696-ab06-666bfc0a2178'
2026-08-13 21:09:54.142 [INFO] [req-6fe6eac5] [receipt_api.Models.device_repository] SELECT device get_by_device_id matched by name: id=2b3cd042-0742-4ffd-bcbe-db3dea65d36d in 322.83ms
2026-08-13 21:09:54.142 [DEBUG] [req-6fe6eac5] [receipt_api.Auth.identity] Constant-time digest comparison PASS for link bridge device token (device_name='dev_886ed96c-c698-4696-ab06-666bfc0a2178')
2026-08-13 21:09:54.142 [DEBUG] [req-6fe6eac5] [receipt_api.Models.user_repository] SELECT user get_by_identifier: identifier='test'
2026-08-13 21:09:54.142 [DEBUG] [req-6fe6eac5] [receipt_api.Models.user_repository] SELECT user get_by_username: username='test'
2026-08-13 21:09:54.173 [INFO] [req-6fe6eac5] [receipt_api.Models.user_repository] SELECT user get_by_username finished: found=True in 30.87ms
2026-08-13 21:09:54.244 [DEBUG] [req-6fe6eac5] [receipt_api.Auth.identity] Constant-time digest comparison PASS for link bridge user token (username='test')
2026-08-13 21:09:54.244 [INFO] [req-6fe6eac5] [receipt_api.Auth.identity] Identity resolved (mode=user): user_id=c6d9b2dd-6e69-4b4b-b5de-0877442191e2, username=test, device_id=2b3cd042-0742-4ffd-bcbe-db3dea65d36d, device_name=dev_886ed96c-c698-4696-ab06-666bfc0a2178
2026-08-13 21:09:54.244 [DEBUG] [req-6fe6eac5] [receipt_api.API.devices] Entering link_device_user: device_name=dev_886ed96c-c698-4696-ab06-666bfc0a2178, target_username=test, identity (device_name=dev_886ed96c-c698-4696-ab06-666bfc0a2178, user_id=c6d9b2dd-6e69-4b4b-b5de-0877442191e2)
2026-08-13 21:09:54.244 [DEBUG] [req-6fe6eac5] [receipt_api.Models.device_repository] SELECT device get_by_device_id: device_name_or_uuid='dev_886ed96c-c698-4696-ab06-666bfc0a2178'
2026-08-13 21:09:54.273 [INFO] [req-6fe6eac5] [receipt_api.Models.device_repository] SELECT device get_by_device_id matched by name: id=2b3cd042-0742-4ffd-bcbe-db3dea65d36d in 28.81ms
2026-08-13 21:09:54.273 [DEBUG] [req-6fe6eac5] [receipt_api.Models.device_repository] link_user_by_names: device_name='dev_886ed96c-c698-4696-ab06-666bfc0a2178', username=test
2026-08-13 21:09:54.274 [DEBUG] [req-6fe6eac5] [receipt_api.Models.device_repository] SELECT device get_by_device_id: device_name_or_uuid='dev_886ed96c-c698-4696-ab06-666bfc0a2178'
2026-08-13 21:09:54.305 [INFO] [req-6fe6eac5] [receipt_api.Models.device_repository] SELECT device get_by_device_id matched by name: id=2b3cd042-0742-4ffd-bcbe-db3dea65d36d in 31.20ms
2026-08-13 21:09:54.305 [DEBUG] [req-6fe6eac5] [receipt_api.Models.user_repository] SELECT user get_by_identifier: identifier='test'
2026-08-13 21:09:54.305 [DEBUG] [req-6fe6eac5] [receipt_api.Models.user_repository] SELECT user get_by_username: username='test'
2026-08-13 21:09:54.347 [INFO] [req-6fe6eac5] [receipt_api.Models.user_repository] SELECT user get_by_username finished: found=True in 41.82ms
2026-08-13 21:09:54.347 [DEBUG] [req-6fe6eac5] [receipt_api.Models.device_repository] Calling RPC link_device_and_migrate_guest_data for device='dev_886ed96c-c698-4696-ab06-666bfc0a2178'
2026-08-13 21:09:54.386 [INFO] [req-6fe6eac5] [receipt_api.Models.device_repository] Atomic guest migration RPC complete for device name=dev_886ed96c-c698-4696-ab06-666bfc0a2178: receipts=0 conversations=0
2026-08-13 21:09:54.386 [DEBUG] [req-6fe6eac5] [receipt_api.Models.device_repository] SELECT device get_by_device_id: device_name_or_uuid='2b3cd042-0742-4ffd-bcbe-db3dea65d36d'
2026-08-13 21:09:54.457 [INFO] [req-6fe6eac5] [receipt_api.Models.device_repository] SELECT device get_by_device_id fallback UUID search finished: found=True in 71.28ms
2026-08-13 21:09:54.457 [INFO] [req-6fe6eac5] [receipt_api.Models.device_repository] link_user_by_names RPC succeeded in 183.92ms
2026-08-13 21:09:54.458 [INFO] [req-6fe6eac5] [receipt_api.API.devices] Device linked successfully: device_name=dev_886ed96c-c698-4696-ab06-666bfc0a2178, username=test
2026-08-13 21:09:54.458 [INFO] [req-6fe6eac5] [receipt_api.HTTP] <-- 200 POST /api/v1/devices/link (929.96ms)
2026-08-13 21:09:54.516 [INFO] [req-c7b51d2a] [receipt_api.HTTP] --> GET /api/v1/receipts/ | Client: 127.0.0.1 | Dev: - | User: test
2026-08-13 21:09:54.517 [DEBUG] [req-c7b51d2a] [receipt_api.Auth.rate_limiter] Rate limit key generated: '/api/v1/receipts/:127.0.0.1' (identifier='127.0.0.1', path='/api/v1/receipts/')
2026-08-13 21:09:54.517 [DEBUG] [req-c7b51d2a] [receipt_api.Auth.rate_limiter] Rate limit threshold check for key '/api/v1/receipts/:127.0.0.1': current bucket counter=0, threshold=60, window=60s
2026-08-13 21:09:54.517 [DEBUG] [req-c7b51d2a] [receipt_api.Auth.rate_limiter] Rate limit check passed for key '/api/v1/receipts/:127.0.0.1': updated bucket counter=1, remaining=59
2026-08-13 21:09:54.517 [DEBUG] [req-c7b51d2a] [receipt_api.Infrastructure.database] Initializing Supabase async client for URL: https://asdumcyjkvzawoxupoxu.supabase.co
2026-08-13 21:09:54.802 [DEBUG] [req-c7b51d2a] [receipt_api.Infrastructure.database] Supabase async client initialized successfully
2026-08-13 21:09:54.802 [DEBUG] [req-c7b51d2a] [receipt_api.Auth.identity] Parsing user headers: X-User-Name/X-User-ID='test', X-User-Token='[PRESENT]'
2026-08-13 21:09:54.803 [DEBUG] [req-c7b51d2a] [receipt_api.Models.user_repository] SELECT user get_by_identifier: identifier='test'
2026-08-13 21:09:54.803 [DEBUG] [req-c7b51d2a] [receipt_api.Models.user_repository] SELECT user get_by_username: username='test'
2026-08-13 21:09:55.232 [INFO] [req-c7b51d2a] [receipt_api.Models.user_repository] SELECT user get_by_username finished: found=True in 429.52ms
2026-08-13 21:09:55.297 [DEBUG] [req-c7b51d2a] [receipt_api.Auth.identity] Constant-time digest comparison PASS for user token (username='test')
2026-08-13 21:09:55.297 [INFO] [req-c7b51d2a] [receipt_api.Auth.identity] Identity resolved (mode=user): user_id=c6d9b2dd-6e69-4b4b-b5de-0877442191e2, username=test
2026-08-13 21:09:55.298 [DEBUG] [req-c7b51d2a] [receipt_api.API.receipts] Entering list_receipts: updated_after=None, limit=20, offset=0, identity (user_id=c6d9b2dd-6e69-4b4b-b5de-0877442191e2, username=test)
2026-08-13 21:09:55.298 [DEBUG] [req-c7b51d2a] [receipt_api.Models.receipt_repository] SELECT receipts get_all_by_identity: user_id=c6d9b2dd-6e69-4b4b-b5de-0877442191e2, device_id=, updated_after=None, limit=20, offset=0
2026-08-13 21:09:55.366 [INFO] [req-c7b51d2a] [receipt_api.Models.receipt_repository] SELECT receipts get_all_by_identity succeeded: returned 1 rows in 67.79ms
2026-08-13 21:09:55.366 [INFO] [req-c7b51d2a] [receipt_api.API.receipts] list_receipts fetched 1 records for user_id=c6d9b2dd-6e69-4b4b-b5de-0877442191e2
2026-08-13 21:09:55.366 [INFO] [req-c7b51d2a] [receipt_api.HTTP] <-- 200 GET /api/v1/receipts/ (850.06ms)
2026-08-13 21:09:55.459 [INFO] [req-cdf83475] [receipt_api.HTTP] --> GET /api/v1/chat/list | Client: 127.0.0.1 | Dev: - | User: test
2026-08-13 21:09:55.460 [DEBUG] [req-cdf83475] [receipt_api.Auth.rate_limiter] Rate limit key generated: '/api/v1/chat/list:127.0.0.1' (identifier='127.0.0.1', path='/api/v1/chat/list')
2026-08-13 21:09:55.460 [DEBUG] [req-cdf83475] [receipt_api.Auth.rate_limiter] Rate limit threshold check for key '/api/v1/chat/list:127.0.0.1': current bucket counter=0, threshold=60, window=60s
2026-08-13 21:09:55.460 [DEBUG] [req-cdf83475] [receipt_api.Auth.rate_limiter] Rate limit check passed for key '/api/v1/chat/list:127.0.0.1': updated bucket counter=1, remaining=59
2026-08-13 21:09:55.460 [DEBUG] [req-cdf83475] [receipt_api.Infrastructure.database] Initializing Supabase async client for URL: https://asdumcyjkvzawoxupoxu.supabase.co
2026-08-13 21:09:55.728 [DEBUG] [req-cdf83475] [receipt_api.Infrastructure.database] Supabase async client initialized successfully
2026-08-13 21:09:55.728 [DEBUG] [req-cdf83475] [receipt_api.Auth.identity] Parsing user headers: X-User-Name/X-User-ID='test', X-User-Token='[PRESENT]'
2026-08-13 21:09:55.728 [DEBUG] [req-cdf83475] [receipt_api.Models.user_repository] SELECT user get_by_identifier: identifier='test'
2026-08-13 21:09:55.728 [DEBUG] [req-cdf83475] [receipt_api.Models.user_repository] SELECT user get_by_username: username='test'
2026-08-13 21:09:56.066 [INFO] [req-cdf83475] [receipt_api.Models.user_repository] SELECT user get_by_username finished: found=True in 338.39ms
2026-08-13 21:09:56.132 [DEBUG] [req-cdf83475] [receipt_api.Auth.identity] Constant-time digest comparison PASS for user token (username='test')
2026-08-13 21:09:56.133 [INFO] [req-cdf83475] [receipt_api.Auth.identity] Identity resolved (mode=user): user_id=c6d9b2dd-6e69-4b4b-b5de-0877442191e2, username=test
2026-08-13 21:09:56.133 [DEBUG] [req-cdf83475] [receipt_api.API.chat] Entering list_conversations: limit=20, offset=0, identity (user_id=c6d9b2dd-6e69-4b4b-b5de-0877442191e2)
2026-08-13 21:09:56.133 [DEBUG] [req-cdf83475] [receipt_api.Models.conversation_repository] SELECT conversations list_conversations: user_id=c6d9b2dd-6e69-4b4b-b5de-0877442191e2, device_id=, limit=20, offset=0
2026-08-13 21:09:56.176 [INFO] [req-cdf83475] [receipt_api.Models.conversation_repository] SELECT conversations list_conversations succeeded: returned 0 rows in 43.26ms
2026-08-13 21:09:56.176 [INFO] [req-cdf83475] [receipt_api.API.chat] list_conversations returned 0 records for user_id=c6d9b2dd-6e69-4b4b-b5de-0877442191e2
2026-08-13 21:09:56.177 [INFO] [req-cdf83475] [receipt_api.HTTP] <-- 200 GET /api/v1/chat/list (717.23ms)
2026-08-13 21:10:50.478 [INFO] [req-51f887fb] [receipt_api.HTTP] --> POST /api/v1/scan/parse | Client: 127.0.0.1 | Dev: - | User: test
2026-08-13 21:10:50.480 [DEBUG] [req-51f887fb] [receipt_api.Auth.rate_limiter] Rate limit key generated: '/api/v1/scan/parse:127.0.0.1' (identifier='127.0.0.1', path='/api/v1/scan/parse')
2026-08-13 21:10:50.480 [DEBUG] [req-51f887fb] [receipt_api.Auth.rate_limiter] Rate limit threshold check for key '/api/v1/scan/parse:127.0.0.1': current bucket counter=0, threshold=5, window=60s
2026-08-13 21:10:50.480 [DEBUG] [req-51f887fb] [receipt_api.Auth.rate_limiter] Rate limit check passed for key '/api/v1/scan/parse:127.0.0.1': updated bucket counter=1, remaining=4
2026-08-13 21:10:50.480 [DEBUG] [req-51f887fb] [receipt_api.Infrastructure.database] Initializing Supabase async client for URL: https://asdumcyjkvzawoxupoxu.supabase.co
2026-08-13 21:10:50.761 [DEBUG] [req-51f887fb] [receipt_api.Infrastructure.database] Supabase async client initialized successfully
2026-08-13 21:10:50.761 [DEBUG] [req-51f887fb] [receipt_api.Auth.identity] Parsing scoped identity headers: X-Request-Type='user', X-Device-Name/X-Device-ID='None', X-Device-Token='[NONE]', X-User-Name/X-User-ID='test', X-User-Token='[PRESENT]'
2026-08-13 21:10:50.761 [DEBUG] [req-51f887fb] [receipt_api.Models.user_repository] SELECT user get_by_identifier: identifier='test'
2026-08-13 21:10:50.762 [DEBUG] [req-51f887fb] [receipt_api.Models.user_repository] SELECT user get_by_username: username='test'
2026-08-13 21:10:51.208 [INFO] [req-51f887fb] [receipt_api.Models.user_repository] SELECT user get_by_username finished: found=True in 446.03ms
2026-08-13 21:10:51.276 [DEBUG] [req-51f887fb] [receipt_api.Auth.identity] Constant-time digest comparison PASS for user token (username='test')
2026-08-13 21:10:51.277 [INFO] [req-51f887fb] [receipt_api.Auth.identity] Identity resolved (mode=user): user_id=c6d9b2dd-6e69-4b4b-b5de-0877442191e2, username=test
2026-08-13 21:10:51.799 [DEBUG] [req-51f887fb] [receipt_api.API.scan] Entering parse_receipt: filename=CAP4273400647563171229.jpg, content_type=image/jpeg, identity (user_id=c6d9b2dd-6e69-4b4b-b5de-0877442191e2, device_id=)
2026-08-13 21:10:51.799 [DEBUG] [req-51f887fb] [receipt_api.API.scan] Read receipt image bytes: size=289155 bytes
2026-08-13 21:10:51.799 [DEBUG] [req-51f887fb] [receipt_api.Services.extraction_service] extract_from_image called: mime_type=image/jpeg, bytes_size=289155
2026-08-13 21:10:51.799 [INFO] [req-51f887fb] [receipt_api.Services.extraction_service] Triggering Gemini vision model gemini-3.6-flash for receipt image extraction (289155 bytes, mime=image/jpeg)
2026-08-13 21:10:58.326 [INFO] [req-51f887fb] [receipt_api.Services.extraction_service] Gemini vision response received. Output text len=890, usage_metadata=cache_tokens_details=None cached_content_token_count=None candidates_token_count=416 candidates_tokens_details=None prompt_token_count=1452 prompt_tokens_details=[ModalityTokenCount(
  modality=<MediaModality.IMAGE: 'IMAGE'>,
  token_count=1100
), ModalityTokenCount(
  modality=<MediaModality.TEXT: 'TEXT'>,
  token_count=352
)] thoughts_token_count=628 tool_use_prompt_token_count=None tool_use_prompt_tokens_details=None total_token_count=2496 traffic_type=None
2026-08-13 21:10:58.326 [INFO] [req-51f887fb] [receipt_api.Services.extraction_service] Successfully extracted receipt: merchant='mr bean', total=10.10, confidence=0.98, items_count=3
2026-08-13 21:10:58.327 [INFO] [req-51f887fb] [receipt_api.API.scan] Parse receipt successful: merchant=mr bean, total=10.10, confidence=0.98
2026-08-13 21:10:58.327 [INFO] [req-51f887fb] [receipt_api.HTTP] <-- 200 POST /api/v1/scan/parse (7848.74ms)
2026-08-13 21:11:38.675 [INFO] [req-07a47b3d] [receipt_api.HTTP] --> POST /api/v1/devices/link | Client: 127.0.0.1 | Dev: - | User: test
2026-08-13 21:11:38.676 [DEBUG] [req-07a47b3d] [receipt_api.Auth.rate_limiter] Rate limit key generated: '/api/v1/devices/link:dev_886ed96c-c698-4696-ab06-666bfc0a2178' (identifier='dev_886ed96c-c698-4696-ab06-666bfc0a2178', path='/api/v1/devices/link')
2026-08-13 21:11:38.676 [DEBUG] [req-07a47b3d] [receipt_api.Auth.rate_limiter] Rate limit threshold check for key '/api/v1/devices/link:dev_886ed96c-c698-4696-ab06-666bfc0a2178': current bucket counter=0, threshold=10, window=60s
2026-08-13 21:11:38.676 [DEBUG] [req-07a47b3d] [receipt_api.Auth.rate_limiter] Rate limit check passed for key '/api/v1/devices/link:dev_886ed96c-c698-4696-ab06-666bfc0a2178': updated bucket counter=1, remaining=9
2026-08-13 21:11:38.676 [DEBUG] [req-07a47b3d] [receipt_api.Infrastructure.database] Initializing Supabase async client for URL: https://asdumcyjkvzawoxupoxu.supabase.co
2026-08-13 21:11:38.958 [DEBUG] [req-07a47b3d] [receipt_api.Infrastructure.database] Supabase async client initialized successfully
2026-08-13 21:11:38.959 [DEBUG] [req-07a47b3d] [receipt_api.Auth.identity] Parsing link bridge headers: X-Device-Name/X-Device-ID='dev_886ed96c-c698-4696-ab06-666bfc0a2178', X-Device-Token='[PRESENT]', X-User-Name/X-User-ID='test', X-User-Token='[PRESENT]'
2026-08-13 21:11:38.959 [DEBUG] [req-07a47b3d] [receipt_api.Models.device_repository] SELECT device get_by_device_id: device_name_or_uuid='dev_886ed96c-c698-4696-ab06-666bfc0a2178'
2026-08-13 21:11:39.528 [INFO] [req-07a47b3d] [receipt_api.Models.device_repository] SELECT device get_by_device_id matched by name: id=2b3cd042-0742-4ffd-bcbe-db3dea65d36d in 568.65ms
2026-08-13 21:11:39.528 [DEBUG] [req-07a47b3d] [receipt_api.Auth.identity] Constant-time digest comparison PASS for link bridge device token (device_name='dev_886ed96c-c698-4696-ab06-666bfc0a2178')
2026-08-13 21:11:39.528 [DEBUG] [req-07a47b3d] [receipt_api.Models.user_repository] SELECT user get_by_identifier: identifier='test'
2026-08-13 21:11:39.528 [DEBUG] [req-07a47b3d] [receipt_api.Models.user_repository] SELECT user get_by_username: username='test'
2026-08-13 21:11:39.559 [INFO] [req-07a47b3d] [receipt_api.Models.user_repository] SELECT user get_by_username finished: found=True in 31.53ms
2026-08-13 21:11:39.621 [DEBUG] [req-07a47b3d] [receipt_api.Auth.identity] Constant-time digest comparison PASS for link bridge user token (username='test')
2026-08-13 21:11:39.621 [INFO] [req-07a47b3d] [receipt_api.Auth.identity] Identity resolved (mode=user): user_id=c6d9b2dd-6e69-4b4b-b5de-0877442191e2, username=test, device_id=2b3cd042-0742-4ffd-bcbe-db3dea65d36d, device_name=dev_886ed96c-c698-4696-ab06-666bfc0a2178
2026-08-13 21:11:39.621 [DEBUG] [req-07a47b3d] [receipt_api.API.devices] Entering link_device_user: device_name=dev_886ed96c-c698-4696-ab06-666bfc0a2178, target_username=test, identity (device_name=dev_886ed96c-c698-4696-ab06-666bfc0a2178, user_id=c6d9b2dd-6e69-4b4b-b5de-0877442191e2)
2026-08-13 21:11:39.621 [DEBUG] [req-07a47b3d] [receipt_api.Models.device_repository] SELECT device get_by_device_id: device_name_or_uuid='dev_886ed96c-c698-4696-ab06-666bfc0a2178'
2026-08-13 21:11:39.656 [INFO] [req-07a47b3d] [receipt_api.Models.device_repository] SELECT device get_by_device_id matched by name: id=2b3cd042-0742-4ffd-bcbe-db3dea65d36d in 34.46ms
2026-08-13 21:11:39.656 [DEBUG] [req-07a47b3d] [receipt_api.Models.device_repository] link_user_by_names: device_name='dev_886ed96c-c698-4696-ab06-666bfc0a2178', username=test
2026-08-13 21:11:39.656 [DEBUG] [req-07a47b3d] [receipt_api.Models.device_repository] SELECT device get_by_device_id: device_name_or_uuid='dev_886ed96c-c698-4696-ab06-666bfc0a2178'
2026-08-13 21:11:39.683 [INFO] [req-07a47b3d] [receipt_api.Models.device_repository] SELECT device get_by_device_id matched by name: id=2b3cd042-0742-4ffd-bcbe-db3dea65d36d in 26.59ms
2026-08-13 21:11:39.683 [DEBUG] [req-07a47b3d] [receipt_api.Models.user_repository] SELECT user get_by_identifier: identifier='test'
2026-08-13 21:11:39.683 [DEBUG] [req-07a47b3d] [receipt_api.Models.user_repository] SELECT user get_by_username: username='test'
2026-08-13 21:11:39.723 [INFO] [req-07a47b3d] [receipt_api.Models.user_repository] SELECT user get_by_username finished: found=True in 39.67ms
2026-08-13 21:11:39.723 [DEBUG] [req-07a47b3d] [receipt_api.Models.device_repository] Calling RPC link_device_and_migrate_guest_data for device='dev_886ed96c-c698-4696-ab06-666bfc0a2178'
2026-08-13 21:11:39.758 [INFO] [req-07a47b3d] [receipt_api.Models.device_repository] Atomic guest migration RPC complete for device name=dev_886ed96c-c698-4696-ab06-666bfc0a2178: receipts=0 conversations=0
2026-08-13 21:11:39.758 [DEBUG] [req-07a47b3d] [receipt_api.Models.device_repository] SELECT device get_by_device_id: device_name_or_uuid='2b3cd042-0742-4ffd-bcbe-db3dea65d36d'
2026-08-13 21:11:39.820 [INFO] [req-07a47b3d] [receipt_api.Models.device_repository] SELECT device get_by_device_id fallback UUID search finished: found=True in 62.10ms
2026-08-13 21:11:39.821 [INFO] [req-07a47b3d] [receipt_api.Models.device_repository] link_user_by_names RPC succeeded in 164.79ms
2026-08-13 21:11:39.821 [INFO] [req-07a47b3d] [receipt_api.API.devices] Migrating guest data for user_id=c6d9b2dd-6e69-4b4b-b5de-0877442191e2, device_name=dev_886ed96c-c698-4696-ab06-666bfc0a2178
2026-08-13 21:11:39.821 [DEBUG] [req-07a47b3d] [receipt_api.Services.data_migration_service] migrate_user_data called: user_id=c6d9b2dd-6e69-4b4b-b5de-0877442191e2, device_name=dev_886ed96c-c698-4696-ab06-666bfc0a2178, input_receipts=1, input_conversations=0, input_messages=0
2026-08-13 21:11:39.848 [DEBUG] [req-07a47b3d] [receipt_api.Services.data_migration_service] Executing receipts batch insert of 1 rows for user_id=c6d9b2dd-6e69-4b4b-b5de-0877442191e2
2026-08-13 21:11:39.879 [INFO] [req-07a47b3d] [receipt_api.Services.data_migration_service] Migrated 1 receipts for user_id=c6d9b2dd-6e69-4b4b-b5de-0877442191e2
2026-08-13 21:11:39.879 [INFO] [req-07a47b3d] [receipt_api.Services.data_migration_service] DataMigrationService: completed migration for user_id=c6d9b2dd-6e69-4b4b-b5de-0877442191e2 device_name=dev_886ed96c-c698-4696-ab06-666bfc0a2178 — receipts=1, conversations=0, chat_messages=0
2026-08-13 21:11:39.879 [INFO] [req-07a47b3d] [receipt_api.API.devices] Device linked successfully: device_name=dev_886ed96c-c698-4696-ab06-666bfc0a2178, username=test
2026-08-13 21:11:39.880 [INFO] [req-07a47b3d] [receipt_api.HTTP] <-- 200 POST /api/v1/devices/link (1204.58ms)
2026-08-13 21:11:39.947 [INFO] [req-89194ac1] [receipt_api.HTTP] --> POST /api/v1/devices/link | Client: 127.0.0.1 | Dev: - | User: -
2026-08-13 21:11:39.956 [DEBUG] [req-89194ac1] [receipt_api.Auth.rate_limiter] Rate limit key generated: '/api/v1/devices/link:dev_886ed96c-c698-4696-ab06-666bfc0a2178' (identifier='dev_886ed96c-c698-4696-ab06-666bfc0a2178', path='/api/v1/devices/link')
2026-08-13 21:11:39.956 [DEBUG] [req-89194ac1] [receipt_api.Auth.rate_limiter] Rate limit threshold check for key '/api/v1/devices/link:dev_886ed96c-c698-4696-ab06-666bfc0a2178': current bucket counter=1, threshold=10, window=60s
2026-08-13 21:11:39.956 [DEBUG] [req-89194ac1] [receipt_api.Auth.rate_limiter] Rate limit check passed for key '/api/v1/devices/link:dev_886ed96c-c698-4696-ab06-666bfc0a2178': updated bucket counter=2, remaining=8
2026-08-13 21:11:39.956 [DEBUG] [req-89194ac1] [receipt_api.Infrastructure.database] Initializing Supabase async client for URL: https://asdumcyjkvzawoxupoxu.supabase.co
2026-08-13 21:11:40.235 [DEBUG] [req-89194ac1] [receipt_api.Infrastructure.database] Supabase async client initialized successfully
2026-08-13 21:11:40.236 [DEBUG] [req-89194ac1] [receipt_api.Auth.identity] Parsing link bridge headers: X-Device-Name/X-Device-ID='dev_886ed96c-c698-4696-ab06-666bfc0a2178', X-Device-Token='[PRESENT]', X-User-Name/X-User-ID='None', X-User-Token='[NONE]'
2026-08-13 21:11:40.236 [DEBUG] [req-89194ac1] [receipt_api.Models.device_repository] SELECT device get_by_device_id: device_name_or_uuid='dev_886ed96c-c698-4696-ab06-666bfc0a2178'
2026-08-13 21:11:40.585 [INFO] [req-89194ac1] [receipt_api.Models.device_repository] SELECT device get_by_device_id matched by name: id=2b3cd042-0742-4ffd-bcbe-db3dea65d36d in 349.26ms
2026-08-13 21:11:40.585 [DEBUG] [req-89194ac1] [receipt_api.Auth.identity] Constant-time digest comparison PASS for link bridge device token (device_name='dev_886ed96c-c698-4696-ab06-666bfc0a2178')
2026-08-13 21:11:40.586 [INFO] [req-89194ac1] [receipt_api.Auth.identity] Identity resolved (mode=user): user_id=c6d9b2dd-6e69-4b4b-b5de-0877442191e2, username=None, device_id=2b3cd042-0742-4ffd-bcbe-db3dea65d36d, device_name=dev_886ed96c-c698-4696-ab06-666bfc0a2178
2026-08-13 21:11:40.586 [DEBUG] [req-89194ac1] [receipt_api.API.devices] Entering link_device_user: device_name=dev_886ed96c-c698-4696-ab06-666bfc0a2178, target_username=None, identity (device_name=dev_886ed96c-c698-4696-ab06-666bfc0a2178, user_id=c6d9b2dd-6e69-4b4b-b5de-0877442191e2)
2026-08-13 21:11:40.586 [DEBUG] [req-89194ac1] [receipt_api.Models.device_repository] SELECT device get_by_device_id: device_name_or_uuid='dev_886ed96c-c698-4696-ab06-666bfc0a2178'
2026-08-13 21:11:40.619 [INFO] [req-89194ac1] [receipt_api.Models.device_repository] SELECT device get_by_device_id matched by name: id=2b3cd042-0742-4ffd-bcbe-db3dea65d36d in 32.70ms
2026-08-13 21:11:40.619 [DEBUG] [req-89194ac1] [receipt_api.Models.device_repository] link_user_by_names: device_name='dev_886ed96c-c698-4696-ab06-666bfc0a2178', username=None
2026-08-13 21:11:40.619 [DEBUG] [req-89194ac1] [receipt_api.Models.device_repository] SELECT device get_by_device_id: device_name_or_uuid='dev_886ed96c-c698-4696-ab06-666bfc0a2178'
2026-08-13 21:11:40.660 [INFO] [req-89194ac1] [receipt_api.Models.device_repository] SELECT device get_by_device_id matched by name: id=2b3cd042-0742-4ffd-bcbe-db3dea65d36d in 40.79ms
2026-08-13 21:11:40.690 [INFO] [req-89194ac1] [receipt_api.Models.device_repository] link_user_by_names completed fallback update in 70.81ms
2026-08-13 21:11:40.690 [INFO] [req-89194ac1] [receipt_api.API.devices] Device linked successfully: device_name=dev_886ed96c-c698-4696-ab06-666bfc0a2178, username=None
2026-08-13 21:11:40.690 [INFO] [req-89194ac1] [receipt_api.HTTP] <-- 200 POST /api/v1/devices/link (743.50ms)
2026-08-13 21:11:40.719 [INFO] [req-ad73801f] [receipt_api.HTTP] --> POST /api/v1/devices/rotate-token | Client: 127.0.0.1 | Dev: - | User: -
2026-08-13 21:11:40.729 [DEBUG] [req-ad73801f] [receipt_api.Auth.rate_limiter] Rate limit key generated: '/api/v1/devices/rotate-token:dev_886ed96c-c698-4696-ab06-666bfc0a2178' (identifier='dev_886ed96c-c698-4696-ab06-666bfc0a2178', path='/api/v1/devices/rotate-token')
2026-08-13 21:11:40.729 [DEBUG] [req-ad73801f] [receipt_api.Auth.rate_limiter] Rate limit threshold check for key '/api/v1/devices/rotate-token:dev_886ed96c-c698-4696-ab06-666bfc0a2178': current bucket counter=0, threshold=10, window=60s
2026-08-13 21:11:40.729 [DEBUG] [req-ad73801f] [receipt_api.Auth.rate_limiter] Rate limit check passed for key '/api/v1/devices/rotate-token:dev_886ed96c-c698-4696-ab06-666bfc0a2178': updated bucket counter=1, remaining=9
2026-08-13 21:11:40.730 [DEBUG] [req-ad73801f] [receipt_api.Infrastructure.database] Initializing Supabase async client for URL: https://asdumcyjkvzawoxupoxu.supabase.co
2026-08-13 21:11:41.011 [DEBUG] [req-ad73801f] [receipt_api.Infrastructure.database] Supabase async client initialized successfully
2026-08-13 21:11:41.012 [DEBUG] [req-ad73801f] [receipt_api.Auth.identity] Parsing device headers: X-Device-Name/X-Device-ID='dev_886ed96c-c698-4696-ab06-666bfc0a2178', X-Device-Token='[PRESENT]'
2026-08-13 21:11:41.012 [DEBUG] [req-ad73801f] [receipt_api.Models.device_repository] SELECT device get_by_device_id: device_name_or_uuid='dev_886ed96c-c698-4696-ab06-666bfc0a2178'
2026-08-13 21:11:41.354 [INFO] [req-ad73801f] [receipt_api.Models.device_repository] SELECT device get_by_device_id matched by name: id=2b3cd042-0742-4ffd-bcbe-db3dea65d36d in 342.18ms
2026-08-13 21:11:41.354 [DEBUG] [req-ad73801f] [receipt_api.Auth.identity] Constant-time digest comparison PASS for device token (device_name='dev_886ed96c-c698-4696-ab06-666bfc0a2178')
2026-08-13 21:11:41.354 [INFO] [req-ad73801f] [receipt_api.Auth.identity] Identity resolved (mode=device): user_id=None, username=None, device_id=2b3cd042-0742-4ffd-bcbe-db3dea65d36d, device_name=dev_886ed96c-c698-4696-ab06-666bfc0a2178
2026-08-13 21:11:41.355 [DEBUG] [req-ad73801f] [receipt_api.API.devices] Entering rotate_device_token_endpoint: device_name=dev_886ed96c-c698-4696-ab06-666bfc0a2178
2026-08-13 21:11:41.355 [DEBUG] [req-ad73801f] [receipt_api.Models.device_repository] UPDATE device rotate_device_token: device_name='dev_886ed96c-c698-4696-ab06-666bfc0a2178'
2026-08-13 21:11:41.355 [DEBUG] [req-ad73801f] [receipt_api.Models.device_repository] SELECT device get_by_device_id: device_name_or_uuid='dev_886ed96c-c698-4696-ab06-666bfc0a2178'
2026-08-13 21:11:41.392 [INFO] [req-ad73801f] [receipt_api.Models.device_repository] SELECT device get_by_device_id matched by name: id=2b3cd042-0742-4ffd-bcbe-db3dea65d36d in 36.56ms
2026-08-13 21:11:41.453 [INFO] [req-ad73801f] [receipt_api.Models.device_repository] UPDATE device rotate_device_token succeeded in 98.32ms
2026-08-13 21:11:41.453 [INFO] [req-ad73801f] [receipt_api.API.devices] Device token rotated successfully for device_name=dev_886ed96c-c698-4696-ab06-666bfc0a2178
2026-08-13 21:11:41.454 [INFO] [req-ad73801f] [receipt_api.HTTP] <-- 200 POST /api/v1/devices/rotate-token (734.50ms)
2026-08-13 21:11:59.201 [INFO] [req-bc6a1838] [receipt_api.HTTP] --> POST /api/v1/user/login | Client: 127.0.0.1 | Dev: - | User: -
2026-08-13 21:11:59.202 [DEBUG] [req-bc6a1838] [receipt_api.Auth.rate_limiter] Rate limit key generated: '/api/v1/user/login:127.0.0.1' (identifier='127.0.0.1', path='/api/v1/user/login')
2026-08-13 21:11:59.202 [DEBUG] [req-bc6a1838] [receipt_api.Auth.rate_limiter] Rate limit threshold check for key '/api/v1/user/login:127.0.0.1': current bucket counter=0, threshold=10, window=60s
2026-08-13 21:11:59.202 [DEBUG] [req-bc6a1838] [receipt_api.Auth.rate_limiter] Rate limit check passed for key '/api/v1/user/login:127.0.0.1': updated bucket counter=1, remaining=9
2026-08-13 21:11:59.203 [DEBUG] [req-bc6a1838] [receipt_api.Infrastructure.database] Initializing Supabase async client for URL: https://asdumcyjkvzawoxupoxu.supabase.co
2026-08-13 21:11:59.474 [DEBUG] [req-bc6a1838] [receipt_api.Infrastructure.database] Supabase async client initialized successfully
2026-08-13 21:11:59.474 [DEBUG] [req-bc6a1838] [receipt_api.API.user] Entering login_user: identifier=test
2026-08-13 21:11:59.474 [DEBUG] [req-bc6a1838] [receipt_api.Models.user_repository] SELECT user get_by_identifier: identifier='test'
2026-08-13 21:11:59.474 [DEBUG] [req-bc6a1838] [receipt_api.Models.user_repository] SELECT user get_by_username: username='test'
2026-08-13 21:11:59.813 [INFO] [req-bc6a1838] [receipt_api.Models.user_repository] SELECT user get_by_username finished: found=True in 338.60ms
2026-08-13 21:11:59.874 [INFO] [req-bc6a1838] [receipt_api.API.user] User logged in successfully: user_id=c6d9b2dd-6e69-4b4b-b5de-0877442191e2, username=test
2026-08-13 21:11:59.874 [INFO] [req-bc6a1838] [receipt_api.HTTP] <-- 200 POST /api/v1/user/login (673.36ms)
2026-08-13 21:11:59.911 [INFO] [req-53dffa80] [receipt_api.HTTP] --> POST /api/v1/devices/link | Client: 127.0.0.1 | Dev: - | User: test
2026-08-13 21:11:59.912 [DEBUG] [req-53dffa80] [receipt_api.Auth.rate_limiter] Rate limit key generated: '/api/v1/devices/link:dev_886ed96c-c698-4696-ab06-666bfc0a2178' (identifier='dev_886ed96c-c698-4696-ab06-666bfc0a2178', path='/api/v1/devices/link')
2026-08-13 21:11:59.912 [DEBUG] [req-53dffa80] [receipt_api.Auth.rate_limiter] Rate limit threshold check for key '/api/v1/devices/link:dev_886ed96c-c698-4696-ab06-666bfc0a2178': current bucket counter=2, threshold=10, window=60s
2026-08-13 21:11:59.912 [DEBUG] [req-53dffa80] [receipt_api.Auth.rate_limiter] Rate limit check passed for key '/api/v1/devices/link:dev_886ed96c-c698-4696-ab06-666bfc0a2178': updated bucket counter=3, remaining=7
2026-08-13 21:11:59.912 [DEBUG] [req-53dffa80] [receipt_api.Infrastructure.database] Initializing Supabase async client for URL: https://asdumcyjkvzawoxupoxu.supabase.co
2026-08-13 21:12:00.257 [DEBUG] [req-53dffa80] [receipt_api.Infrastructure.database] Supabase async client initialized successfully
2026-08-13 21:12:00.257 [DEBUG] [req-53dffa80] [receipt_api.Auth.identity] Parsing link bridge headers: X-Device-Name/X-Device-ID='dev_886ed96c-c698-4696-ab06-666bfc0a2178', X-Device-Token='[PRESENT]', X-User-Name/X-User-ID='test', X-User-Token='[PRESENT]'
2026-08-13 21:12:00.257 [DEBUG] [req-53dffa80] [receipt_api.Models.device_repository] SELECT device get_by_device_id: device_name_or_uuid='dev_886ed96c-c698-4696-ab06-666bfc0a2178'
2026-08-13 21:12:00.645 [INFO] [req-53dffa80] [receipt_api.Models.device_repository] SELECT device get_by_device_id matched by name: id=2b3cd042-0742-4ffd-bcbe-db3dea65d36d in 387.59ms
2026-08-13 21:12:00.645 [DEBUG] [req-53dffa80] [receipt_api.Auth.identity] Constant-time digest comparison PASS for link bridge device token (device_name='dev_886ed96c-c698-4696-ab06-666bfc0a2178')
2026-08-13 21:12:00.645 [DEBUG] [req-53dffa80] [receipt_api.Models.user_repository] SELECT user get_by_identifier: identifier='test'
2026-08-13 21:12:00.645 [DEBUG] [req-53dffa80] [receipt_api.Models.user_repository] SELECT user get_by_username: username='test'
2026-08-13 21:12:00.681 [INFO] [req-53dffa80] [receipt_api.Models.user_repository] SELECT user get_by_username finished: found=True in 36.01ms
2026-08-13 21:12:00.737 [DEBUG] [req-53dffa80] [receipt_api.Auth.identity] Constant-time digest comparison PASS for link bridge user token (username='test')
2026-08-13 21:12:00.738 [INFO] [req-53dffa80] [receipt_api.Auth.identity] Identity resolved (mode=user): user_id=c6d9b2dd-6e69-4b4b-b5de-0877442191e2, username=test, device_id=2b3cd042-0742-4ffd-bcbe-db3dea65d36d, device_name=dev_886ed96c-c698-4696-ab06-666bfc0a2178
2026-08-13 21:12:00.738 [DEBUG] [req-53dffa80] [receipt_api.API.devices] Entering link_device_user: device_name=dev_886ed96c-c698-4696-ab06-666bfc0a2178, target_username=test, identity (device_name=dev_886ed96c-c698-4696-ab06-666bfc0a2178, user_id=c6d9b2dd-6e69-4b4b-b5de-0877442191e2)
2026-08-13 21:12:00.738 [DEBUG] [req-53dffa80] [receipt_api.Models.device_repository] SELECT device get_by_device_id: device_name_or_uuid='dev_886ed96c-c698-4696-ab06-666bfc0a2178'
2026-08-13 21:12:00.781 [INFO] [req-53dffa80] [receipt_api.Models.device_repository] SELECT device get_by_device_id matched by name: id=2b3cd042-0742-4ffd-bcbe-db3dea65d36d in 42.47ms
2026-08-13 21:12:00.781 [DEBUG] [req-53dffa80] [receipt_api.Models.device_repository] link_user_by_names: device_name='dev_886ed96c-c698-4696-ab06-666bfc0a2178', username=test
2026-08-13 21:12:00.781 [DEBUG] [req-53dffa80] [receipt_api.Models.device_repository] SELECT device get_by_device_id: device_name_or_uuid='dev_886ed96c-c698-4696-ab06-666bfc0a2178'
2026-08-13 21:12:00.817 [INFO] [req-53dffa80] [receipt_api.Models.device_repository] SELECT device get_by_device_id matched by name: id=2b3cd042-0742-4ffd-bcbe-db3dea65d36d in 36.27ms
2026-08-13 21:12:00.818 [DEBUG] [req-53dffa80] [receipt_api.Models.user_repository] SELECT user get_by_identifier: identifier='test'
2026-08-13 21:12:00.818 [DEBUG] [req-53dffa80] [receipt_api.Models.user_repository] SELECT user get_by_username: username='test'
2026-08-13 21:12:00.853 [INFO] [req-53dffa80] [receipt_api.Models.user_repository] SELECT user get_by_username finished: found=True in 35.51ms
2026-08-13 21:12:00.854 [DEBUG] [req-53dffa80] [receipt_api.Models.device_repository] Calling RPC link_device_and_migrate_guest_data for device='dev_886ed96c-c698-4696-ab06-666bfc0a2178'
2026-08-13 21:12:00.896 [INFO] [req-53dffa80] [receipt_api.Models.device_repository] Atomic guest migration RPC complete for device name=dev_886ed96c-c698-4696-ab06-666bfc0a2178: receipts=0 conversations=0
2026-08-13 21:12:00.896 [DEBUG] [req-53dffa80] [receipt_api.Models.device_repository] SELECT device get_by_device_id: device_name_or_uuid='2b3cd042-0742-4ffd-bcbe-db3dea65d36d'
2026-08-13 21:12:01.025 [INFO] [req-53dffa80] [receipt_api.Models.device_repository] SELECT device get_by_device_id fallback UUID search finished: found=True in 128.76ms
2026-08-13 21:12:01.025 [INFO] [req-53dffa80] [receipt_api.Models.device_repository] link_user_by_names RPC succeeded in 243.84ms
2026-08-13 21:12:01.025 [INFO] [req-53dffa80] [receipt_api.API.devices] Device linked successfully: device_name=dev_886ed96c-c698-4696-ab06-666bfc0a2178, username=test
2026-08-13 21:12:01.025 [INFO] [req-53dffa80] [receipt_api.HTTP] <-- 200 POST /api/v1/devices/link (1114.47ms)
2026-08-13 21:12:01.091 [INFO] [req-f156f1d3] [receipt_api.HTTP] --> GET /api/v1/receipts/ | Client: 127.0.0.1 | Dev: - | User: test
2026-08-13 21:12:01.091 [DEBUG] [req-f156f1d3] [receipt_api.Auth.rate_limiter] Rate limit key generated: '/api/v1/receipts/:127.0.0.1' (identifier='127.0.0.1', path='/api/v1/receipts/')
2026-08-13 21:12:01.092 [DEBUG] [req-f156f1d3] [receipt_api.Auth.rate_limiter] Rate limit threshold check for key '/api/v1/receipts/:127.0.0.1': current bucket counter=0, threshold=60, window=60s
2026-08-13 21:12:01.092 [DEBUG] [req-f156f1d3] [receipt_api.Auth.rate_limiter] Rate limit check passed for key '/api/v1/receipts/:127.0.0.1': updated bucket counter=1, remaining=59
2026-08-13 21:12:01.092 [DEBUG] [req-f156f1d3] [receipt_api.Infrastructure.database] Initializing Supabase async client for URL: https://asdumcyjkvzawoxupoxu.supabase.co
2026-08-13 21:12:01.379 [DEBUG] [req-f156f1d3] [receipt_api.Infrastructure.database] Supabase async client initialized successfully
2026-08-13 21:12:01.380 [DEBUG] [req-f156f1d3] [receipt_api.Auth.identity] Parsing user headers: X-User-Name/X-User-ID='test', X-User-Token='[PRESENT]'
2026-08-13 21:12:01.380 [DEBUG] [req-f156f1d3] [receipt_api.Models.user_repository] SELECT user get_by_identifier: identifier='test'
2026-08-13 21:12:01.380 [DEBUG] [req-f156f1d3] [receipt_api.Models.user_repository] SELECT user get_by_username: username='test'
2026-08-13 21:12:01.723 [INFO] [req-f156f1d3] [receipt_api.Models.user_repository] SELECT user get_by_username finished: found=True in 343.49ms
2026-08-13 21:12:01.789 [DEBUG] [req-f156f1d3] [receipt_api.Auth.identity] Constant-time digest comparison PASS for user token (username='test')
2026-08-13 21:12:01.790 [INFO] [req-f156f1d3] [receipt_api.Auth.identity] Identity resolved (mode=user): user_id=c6d9b2dd-6e69-4b4b-b5de-0877442191e2, username=test
2026-08-13 21:12:01.790 [DEBUG] [req-f156f1d3] [receipt_api.API.receipts] Entering list_receipts: updated_after=None, limit=20, offset=0, identity (user_id=c6d9b2dd-6e69-4b4b-b5de-0877442191e2, username=test)
2026-08-13 21:12:01.790 [DEBUG] [req-f156f1d3] [receipt_api.Models.receipt_repository] SELECT receipts get_all_by_identity: user_id=c6d9b2dd-6e69-4b4b-b5de-0877442191e2, device_id=, updated_after=None, limit=20, offset=0
2026-08-13 21:12:01.841 [INFO] [req-f156f1d3] [receipt_api.Models.receipt_repository] SELECT receipts get_all_by_identity succeeded: returned 2 rows in 50.66ms
2026-08-13 21:12:01.841 [INFO] [req-f156f1d3] [receipt_api.API.receipts] list_receipts fetched 2 records for user_id=c6d9b2dd-6e69-4b4b-b5de-0877442191e2
2026-08-13 21:12:01.841 [INFO] [req-f156f1d3] [receipt_api.HTTP] <-- 200 GET /api/v1/receipts/ (750.42ms)
2026-08-13 21:12:01.911 [INFO] [req-bf375e7c] [receipt_api.HTTP] --> GET /api/v1/chat/list | Client: 127.0.0.1 | Dev: - | User: test
2026-08-13 21:12:01.911 [DEBUG] [req-bf375e7c] [receipt_api.Auth.rate_limiter] Rate limit key generated: '/api/v1/chat/list:127.0.0.1' (identifier='127.0.0.1', path='/api/v1/chat/list')
2026-08-13 21:12:01.911 [DEBUG] [req-bf375e7c] [receipt_api.Auth.rate_limiter] Rate limit threshold check for key '/api/v1/chat/list:127.0.0.1': current bucket counter=0, threshold=60, window=60s
2026-08-13 21:12:01.911 [DEBUG] [req-bf375e7c] [receipt_api.Auth.rate_limiter] Rate limit check passed for key '/api/v1/chat/list:127.0.0.1': updated bucket counter=1, remaining=59
2026-08-13 21:12:01.912 [DEBUG] [req-bf375e7c] [receipt_api.Infrastructure.database] Initializing Supabase async client for URL: https://asdumcyjkvzawoxupoxu.supabase.co
2026-08-13 21:12:02.213 [DEBUG] [req-bf375e7c] [receipt_api.Infrastructure.database] Supabase async client initialized successfully
2026-08-13 21:12:02.213 [DEBUG] [req-bf375e7c] [receipt_api.Auth.identity] Parsing user headers: X-User-Name/X-User-ID='test', X-User-Token='[PRESENT]'
2026-08-13 21:12:02.213 [DEBUG] [req-bf375e7c] [receipt_api.Models.user_repository] SELECT user get_by_identifier: identifier='test'
2026-08-13 21:12:02.213 [DEBUG] [req-bf375e7c] [receipt_api.Models.user_repository] SELECT user get_by_username: username='test'
2026-08-13 21:12:02.542 [INFO] [req-bf375e7c] [receipt_api.Models.user_repository] SELECT user get_by_username finished: found=True in 329.02ms
2026-08-13 21:12:02.600 [DEBUG] [req-bf375e7c] [receipt_api.Auth.identity] Constant-time digest comparison PASS for user token (username='test')
2026-08-13 21:12:02.600 [INFO] [req-bf375e7c] [receipt_api.Auth.identity] Identity resolved (mode=user): user_id=c6d9b2dd-6e69-4b4b-b5de-0877442191e2, username=test
2026-08-13 21:12:02.600 [DEBUG] [req-bf375e7c] [receipt_api.API.chat] Entering list_conversations: limit=20, offset=0, identity (user_id=c6d9b2dd-6e69-4b4b-b5de-0877442191e2)
2026-08-13 21:12:02.601 [DEBUG] [req-bf375e7c] [receipt_api.Models.conversation_repository] SELECT conversations list_conversations: user_id=c6d9b2dd-6e69-4b4b-b5de-0877442191e2, device_id=, limit=20, offset=0
2026-08-13 21:12:02.638 [INFO] [req-bf375e7c] [receipt_api.Models.conversation_repository] SELECT conversations list_conversations succeeded: returned 0 rows in 36.99ms
2026-08-13 21:12:02.638 [INFO] [req-bf375e7c] [receipt_api.API.chat] list_conversations returned 0 records for user_id=c6d9b2dd-6e69-4b4b-b5de-0877442191e2
2026-08-13 21:12:02.638 [INFO] [req-bf375e7c] [receipt_api.HTTP] <-- 200 GET /api/v1/chat/list (727.47ms)
2026-08-13 21:12:24.737 [INFO] [req-d702de7b] [receipt_api.HTTP] --> POST /api/v1/devices/link | Client: 127.0.0.1 | Dev: - | User: -
2026-08-13 21:12:24.738 [DEBUG] [req-d702de7b] [receipt_api.Auth.rate_limiter] Rate limit key generated: '/api/v1/devices/link:dev_886ed96c-c698-4696-ab06-666bfc0a2178' (identifier='dev_886ed96c-c698-4696-ab06-666bfc0a2178', path='/api/v1/devices/link')
2026-08-13 21:12:24.738 [DEBUG] [req-d702de7b] [receipt_api.Auth.rate_limiter] Rate limit threshold check for key '/api/v1/devices/link:dev_886ed96c-c698-4696-ab06-666bfc0a2178': current bucket counter=3, threshold=10, window=60s
2026-08-13 21:12:24.738 [DEBUG] [req-d702de7b] [receipt_api.Auth.rate_limiter] Rate limit check passed for key '/api/v1/devices/link:dev_886ed96c-c698-4696-ab06-666bfc0a2178': updated bucket counter=4, remaining=6
2026-08-13 21:12:24.738 [DEBUG] [req-d702de7b] [receipt_api.Infrastructure.database] Initializing Supabase async client for URL: https://asdumcyjkvzawoxupoxu.supabase.co
2026-08-13 21:12:25.017 [DEBUG] [req-d702de7b] [receipt_api.Infrastructure.database] Supabase async client initialized successfully
2026-08-13 21:12:25.017 [DEBUG] [req-d702de7b] [receipt_api.Auth.identity] Parsing link bridge headers: X-Device-Name/X-Device-ID='dev_886ed96c-c698-4696-ab06-666bfc0a2178', X-Device-Token='[PRESENT]', X-User-Name/X-User-ID='None', X-User-Token='[NONE]'
2026-08-13 21:12:25.017 [DEBUG] [req-d702de7b] [receipt_api.Models.device_repository] SELECT device get_by_device_id: device_name_or_uuid='dev_886ed96c-c698-4696-ab06-666bfc0a2178'
2026-08-13 21:12:25.361 [INFO] [req-d702de7b] [receipt_api.Models.device_repository] SELECT device get_by_device_id matched by name: id=2b3cd042-0742-4ffd-bcbe-db3dea65d36d in 344.02ms
2026-08-13 21:12:25.362 [DEBUG] [req-d702de7b] [receipt_api.Auth.identity] Constant-time digest comparison PASS for link bridge device token (device_name='dev_886ed96c-c698-4696-ab06-666bfc0a2178')
2026-08-13 21:12:25.362 [INFO] [req-d702de7b] [receipt_api.Auth.identity] Identity resolved (mode=user): user_id=c6d9b2dd-6e69-4b4b-b5de-0877442191e2, username=None, device_id=2b3cd042-0742-4ffd-bcbe-db3dea65d36d, device_name=dev_886ed96c-c698-4696-ab06-666bfc0a2178
2026-08-13 21:12:25.362 [DEBUG] [req-d702de7b] [receipt_api.API.devices] Entering link_device_user: device_name=dev_886ed96c-c698-4696-ab06-666bfc0a2178, target_username=None, identity (device_name=dev_886ed96c-c698-4696-ab06-666bfc0a2178, user_id=c6d9b2dd-6e69-4b4b-b5de-0877442191e2)
2026-08-13 21:12:25.362 [DEBUG] [req-d702de7b] [receipt_api.Models.device_repository] SELECT device get_by_device_id: device_name_or_uuid='dev_886ed96c-c698-4696-ab06-666bfc0a2178'
2026-08-13 21:12:25.396 [INFO] [req-d702de7b] [receipt_api.Models.device_repository] SELECT device get_by_device_id matched by name: id=2b3cd042-0742-4ffd-bcbe-db3dea65d36d in 34.29ms
2026-08-13 21:12:25.397 [DEBUG] [req-d702de7b] [receipt_api.Models.device_repository] link_user_by_names: device_name='dev_886ed96c-c698-4696-ab06-666bfc0a2178', username=None
2026-08-13 21:12:25.397 [DEBUG] [req-d702de7b] [receipt_api.Models.device_repository] SELECT device get_by_device_id: device_name_or_uuid='dev_886ed96c-c698-4696-ab06-666bfc0a2178'
2026-08-13 21:12:25.437 [INFO] [req-d702de7b] [receipt_api.Models.device_repository] SELECT device get_by_device_id matched by name: id=2b3cd042-0742-4ffd-bcbe-db3dea65d36d in 40.12ms
2026-08-13 21:12:25.473 [INFO] [req-d702de7b] [receipt_api.Models.device_repository] link_user_by_names completed fallback update in 76.10ms
2026-08-13 21:12:25.473 [INFO] [req-d702de7b] [receipt_api.API.devices] Device linked successfully: device_name=dev_886ed96c-c698-4696-ab06-666bfc0a2178, username=None
2026-08-13 21:12:25.473 [INFO] [req-d702de7b] [receipt_api.HTTP] <-- 200 POST /api/v1/devices/link (736.17ms)
2026-08-13 21:12:25.542 [INFO] [req-ad08e8e0] [receipt_api.HTTP] --> POST /api/v1/devices/rotate-token | Client: 127.0.0.1 | Dev: - | User: -
2026-08-13 21:12:25.543 [DEBUG] [req-ad08e8e0] [receipt_api.Auth.rate_limiter] Rate limit key generated: '/api/v1/devices/rotate-token:dev_886ed96c-c698-4696-ab06-666bfc0a2178' (identifier='dev_886ed96c-c698-4696-ab06-666bfc0a2178', path='/api/v1/devices/rotate-token')
2026-08-13 21:12:25.543 [DEBUG] [req-ad08e8e0] [receipt_api.Auth.rate_limiter] Rate limit threshold check for key '/api/v1/devices/rotate-token:dev_886ed96c-c698-4696-ab06-666bfc0a2178': current bucket counter=1, threshold=10, window=60s
2026-08-13 21:12:25.543 [DEBUG] [req-ad08e8e0] [receipt_api.Auth.rate_limiter] Rate limit check passed for key '/api/v1/devices/rotate-token:dev_886ed96c-c698-4696-ab06-666bfc0a2178': updated bucket counter=2, remaining=8
2026-08-13 21:12:25.543 [DEBUG] [req-ad08e8e0] [receipt_api.Infrastructure.database] Initializing Supabase async client for URL: https://asdumcyjkvzawoxupoxu.supabase.co
2026-08-13 21:12:25.813 [DEBUG] [req-ad08e8e0] [receipt_api.Infrastructure.database] Supabase async client initialized successfully
2026-08-13 21:12:25.813 [DEBUG] [req-ad08e8e0] [receipt_api.Auth.identity] Parsing device headers: X-Device-Name/X-Device-ID='dev_886ed96c-c698-4696-ab06-666bfc0a2178', X-Device-Token='[PRESENT]'
2026-08-13 21:12:25.813 [DEBUG] [req-ad08e8e0] [receipt_api.Models.device_repository] SELECT device get_by_device_id: device_name_or_uuid='dev_886ed96c-c698-4696-ab06-666bfc0a2178'
2026-08-13 21:12:26.163 [INFO] [req-ad08e8e0] [receipt_api.Models.device_repository] SELECT device get_by_device_id matched by name: id=2b3cd042-0742-4ffd-bcbe-db3dea65d36d in 349.92ms
2026-08-13 21:12:26.163 [DEBUG] [req-ad08e8e0] [receipt_api.Auth.identity] Constant-time digest comparison PASS for device token (device_name='dev_886ed96c-c698-4696-ab06-666bfc0a2178')
2026-08-13 21:12:26.163 [INFO] [req-ad08e8e0] [receipt_api.Auth.identity] Identity resolved (mode=device): user_id=None, username=None, device_id=2b3cd042-0742-4ffd-bcbe-db3dea65d36d, device_name=dev_886ed96c-c698-4696-ab06-666bfc0a2178
2026-08-13 21:12:26.163 [DEBUG] [req-ad08e8e0] [receipt_api.API.devices] Entering rotate_device_token_endpoint: device_name=dev_886ed96c-c698-4696-ab06-666bfc0a2178
2026-08-13 21:12:26.164 [DEBUG] [req-ad08e8e0] [receipt_api.Models.device_repository] UPDATE device rotate_device_token: device_name='dev_886ed96c-c698-4696-ab06-666bfc0a2178'
2026-08-13 21:12:26.164 [DEBUG] [req-ad08e8e0] [receipt_api.Models.device_repository] SELECT device get_by_device_id: device_name_or_uuid='dev_886ed96c-c698-4696-ab06-666bfc0a2178'
2026-08-13 21:12:26.196 [INFO] [req-ad08e8e0] [receipt_api.Models.device_repository] SELECT device get_by_device_id matched by name: id=2b3cd042-0742-4ffd-bcbe-db3dea65d36d in 32.60ms
2026-08-13 21:12:26.232 [INFO] [req-ad08e8e0] [receipt_api.Models.device_repository] UPDATE device rotate_device_token succeeded in 68.24ms
2026-08-13 21:12:26.232 [INFO] [req-ad08e8e0] [receipt_api.API.devices] Device token rotated successfully for device_name=dev_886ed96c-c698-4696-ab06-666bfc0a2178
2026-08-13 21:12:26.232 [INFO] [req-ad08e8e0] [receipt_api.HTTP] <-- 200 POST /api/v1/devices/rotate-token (690.15ms)
2026-08-13 21:12:33.809 [INFO] [req-5f2f34d5] [receipt_api.HTTP] --> POST /api/v1/user/login | Client: 127.0.0.1 | Dev: - | User: -
2026-08-13 21:12:33.810 [DEBUG] [req-5f2f34d5] [receipt_api.Auth.rate_limiter] Rate limit key generated: '/api/v1/user/login:127.0.0.1' (identifier='127.0.0.1', path='/api/v1/user/login')
2026-08-13 21:12:33.810 [DEBUG] [req-5f2f34d5] [receipt_api.Auth.rate_limiter] Rate limit threshold check for key '/api/v1/user/login:127.0.0.1': current bucket counter=1, threshold=10, window=60s
2026-08-13 21:12:33.810 [DEBUG] [req-5f2f34d5] [receipt_api.Auth.rate_limiter] Rate limit check passed for key '/api/v1/user/login:127.0.0.1': updated bucket counter=2, remaining=8
2026-08-13 21:12:33.811 [DEBUG] [req-5f2f34d5] [receipt_api.Infrastructure.database] Initializing Supabase async client for URL: https://asdumcyjkvzawoxupoxu.supabase.co
2026-08-13 21:12:34.081 [DEBUG] [req-5f2f34d5] [receipt_api.Infrastructure.database] Supabase async client initialized successfully
2026-08-13 21:12:34.081 [DEBUG] [req-5f2f34d5] [receipt_api.API.user] Entering login_user: identifier=test
2026-08-13 21:12:34.081 [DEBUG] [req-5f2f34d5] [receipt_api.Models.user_repository] SELECT user get_by_identifier: identifier='test'
2026-08-13 21:12:34.081 [DEBUG] [req-5f2f34d5] [receipt_api.Models.user_repository] SELECT user get_by_username: username='test'
2026-08-13 21:12:34.415 [INFO] [req-5f2f34d5] [receipt_api.Models.user_repository] SELECT user get_by_username finished: found=True in 334.10ms
2026-08-13 21:12:34.473 [INFO] [req-5f2f34d5] [receipt_api.API.user] User logged in successfully: user_id=c6d9b2dd-6e69-4b4b-b5de-0877442191e2, username=test
2026-08-13 21:12:34.474 [INFO] [req-5f2f34d5] [receipt_api.HTTP] <-- 200 POST /api/v1/user/login (664.42ms)
2026-08-13 21:12:34.511 [INFO] [req-5fedb6c6] [receipt_api.HTTP] --> POST /api/v1/devices/link | Client: 127.0.0.1 | Dev: - | User: test
2026-08-13 21:12:34.512 [DEBUG] [req-5fedb6c6] [receipt_api.Auth.rate_limiter] Rate limit key generated: '/api/v1/devices/link:dev_886ed96c-c698-4696-ab06-666bfc0a2178' (identifier='dev_886ed96c-c698-4696-ab06-666bfc0a2178', path='/api/v1/devices/link')
2026-08-13 21:12:34.512 [DEBUG] [req-5fedb6c6] [receipt_api.Auth.rate_limiter] Rate limit threshold check for key '/api/v1/devices/link:dev_886ed96c-c698-4696-ab06-666bfc0a2178': current bucket counter=4, threshold=10, window=60s
2026-08-13 21:12:34.512 [DEBUG] [req-5fedb6c6] [receipt_api.Auth.rate_limiter] Rate limit check passed for key '/api/v1/devices/link:dev_886ed96c-c698-4696-ab06-666bfc0a2178': updated bucket counter=5, remaining=5
2026-08-13 21:12:34.512 [DEBUG] [req-5fedb6c6] [receipt_api.Infrastructure.database] Initializing Supabase async client for URL: https://asdumcyjkvzawoxupoxu.supabase.co
2026-08-13 21:12:34.819 [DEBUG] [req-5fedb6c6] [receipt_api.Infrastructure.database] Supabase async client initialized successfully
2026-08-13 21:12:34.820 [DEBUG] [req-5fedb6c6] [receipt_api.Auth.identity] Parsing link bridge headers: X-Device-Name/X-Device-ID='dev_886ed96c-c698-4696-ab06-666bfc0a2178', X-Device-Token='[PRESENT]', X-User-Name/X-User-ID='test', X-User-Token='[PRESENT]'
2026-08-13 21:12:34.820 [DEBUG] [req-5fedb6c6] [receipt_api.Models.device_repository] SELECT device get_by_device_id: device_name_or_uuid='dev_886ed96c-c698-4696-ab06-666bfc0a2178'
2026-08-13 21:12:35.173 [INFO] [req-5fedb6c6] [receipt_api.Models.device_repository] SELECT device get_by_device_id matched by name: id=2b3cd042-0742-4ffd-bcbe-db3dea65d36d in 353.20ms
2026-08-13 21:12:35.173 [DEBUG] [req-5fedb6c6] [receipt_api.Auth.identity] Constant-time digest comparison PASS for link bridge device token (device_name='dev_886ed96c-c698-4696-ab06-666bfc0a2178')
2026-08-13 21:12:35.173 [DEBUG] [req-5fedb6c6] [receipt_api.Models.user_repository] SELECT user get_by_identifier: identifier='test'
2026-08-13 21:12:35.174 [DEBUG] [req-5fedb6c6] [receipt_api.Models.user_repository] SELECT user get_by_username: username='test'
2026-08-13 21:12:35.211 [INFO] [req-5fedb6c6] [receipt_api.Models.user_repository] SELECT user get_by_username finished: found=True in 36.91ms
2026-08-13 21:12:35.269 [DEBUG] [req-5fedb6c6] [receipt_api.Auth.identity] Constant-time digest comparison PASS for link bridge user token (username='test')
2026-08-13 21:12:35.270 [INFO] [req-5fedb6c6] [receipt_api.Auth.identity] Identity resolved (mode=user): user_id=c6d9b2dd-6e69-4b4b-b5de-0877442191e2, username=test, device_id=2b3cd042-0742-4ffd-bcbe-db3dea65d36d, device_name=dev_886ed96c-c698-4696-ab06-666bfc0a2178
2026-08-13 21:12:35.270 [DEBUG] [req-5fedb6c6] [receipt_api.API.devices] Entering link_device_user: device_name=dev_886ed96c-c698-4696-ab06-666bfc0a2178, target_username=test, identity (device_name=dev_886ed96c-c698-4696-ab06-666bfc0a2178, user_id=c6d9b2dd-6e69-4b4b-b5de-0877442191e2)
2026-08-13 21:12:35.270 [DEBUG] [req-5fedb6c6] [receipt_api.Models.device_repository] SELECT device get_by_device_id: device_name_or_uuid='dev_886ed96c-c698-4696-ab06-666bfc0a2178'
2026-08-13 21:12:35.296 [INFO] [req-5fedb6c6] [receipt_api.Models.device_repository] SELECT device get_by_device_id matched by name: id=2b3cd042-0742-4ffd-bcbe-db3dea65d36d in 25.82ms
2026-08-13 21:12:35.296 [DEBUG] [req-5fedb6c6] [receipt_api.Models.device_repository] link_user_by_names: device_name='dev_886ed96c-c698-4696-ab06-666bfc0a2178', username=test
2026-08-13 21:12:35.296 [DEBUG] [req-5fedb6c6] [receipt_api.Models.device_repository] SELECT device get_by_device_id: device_name_or_uuid='dev_886ed96c-c698-4696-ab06-666bfc0a2178'
2026-08-13 21:12:35.324 [INFO] [req-5fedb6c6] [receipt_api.Models.device_repository] SELECT device get_by_device_id matched by name: id=2b3cd042-0742-4ffd-bcbe-db3dea65d36d in 28.16ms
2026-08-13 21:12:35.325 [DEBUG] [req-5fedb6c6] [receipt_api.Models.user_repository] SELECT user get_by_identifier: identifier='test'
2026-08-13 21:12:35.325 [DEBUG] [req-5fedb6c6] [receipt_api.Models.user_repository] SELECT user get_by_username: username='test'
2026-08-13 21:12:35.355 [INFO] [req-5fedb6c6] [receipt_api.Models.user_repository] SELECT user get_by_username finished: found=True in 30.28ms
2026-08-13 21:12:35.355 [DEBUG] [req-5fedb6c6] [receipt_api.Models.device_repository] Calling RPC link_device_and_migrate_guest_data for device='dev_886ed96c-c698-4696-ab06-666bfc0a2178'
2026-08-13 21:12:35.386 [INFO] [req-5fedb6c6] [receipt_api.Models.device_repository] Atomic guest migration RPC complete for device name=dev_886ed96c-c698-4696-ab06-666bfc0a2178: receipts=0 conversations=0
2026-08-13 21:12:35.386 [DEBUG] [req-5fedb6c6] [receipt_api.Models.device_repository] SELECT device get_by_device_id: device_name_or_uuid='2b3cd042-0742-4ffd-bcbe-db3dea65d36d'
2026-08-13 21:12:35.445 [INFO] [req-5fedb6c6] [receipt_api.Models.device_repository] SELECT device get_by_device_id fallback UUID search finished: found=True in 58.77ms
2026-08-13 21:12:35.445 [INFO] [req-5fedb6c6] [receipt_api.Models.device_repository] link_user_by_names RPC succeeded in 149.06ms
2026-08-13 21:12:35.445 [INFO] [req-5fedb6c6] [receipt_api.API.devices] Device linked successfully: device_name=dev_886ed96c-c698-4696-ab06-666bfc0a2178, username=test
2026-08-13 21:12:35.446 [INFO] [req-5fedb6c6] [receipt_api.HTTP] <-- 200 POST /api/v1/devices/link (934.66ms)
2026-08-13 21:12:35.540 [INFO] [req-70e349e1] [receipt_api.HTTP] --> GET /api/v1/receipts/ | Client: 127.0.0.1 | Dev: - | User: test
2026-08-13 21:12:35.541 [DEBUG] [req-70e349e1] [receipt_api.Auth.rate_limiter] Rate limit key generated: '/api/v1/receipts/:127.0.0.1' (identifier='127.0.0.1', path='/api/v1/receipts/')
2026-08-13 21:12:35.541 [DEBUG] [req-70e349e1] [receipt_api.Auth.rate_limiter] Rate limit threshold check for key '/api/v1/receipts/:127.0.0.1': current bucket counter=1, threshold=60, window=60s
2026-08-13 21:12:35.541 [DEBUG] [req-70e349e1] [receipt_api.Auth.rate_limiter] Rate limit check passed for key '/api/v1/receipts/:127.0.0.1': updated bucket counter=2, remaining=58
2026-08-13 21:12:35.541 [DEBUG] [req-70e349e1] [receipt_api.Infrastructure.database] Initializing Supabase async client for URL: https://asdumcyjkvzawoxupoxu.supabase.co
2026-08-13 21:12:35.805 [DEBUG] [req-70e349e1] [receipt_api.Infrastructure.database] Supabase async client initialized successfully
2026-08-13 21:12:35.806 [DEBUG] [req-70e349e1] [receipt_api.Auth.identity] Parsing user headers: X-User-Name/X-User-ID='test', X-User-Token='[PRESENT]'
2026-08-13 21:12:35.806 [DEBUG] [req-70e349e1] [receipt_api.Models.user_repository] SELECT user get_by_identifier: identifier='test'
2026-08-13 21:12:35.806 [DEBUG] [req-70e349e1] [receipt_api.Models.user_repository] SELECT user get_by_username: username='test'
2026-08-13 21:12:36.177 [INFO] [req-70e349e1] [receipt_api.Models.user_repository] SELECT user get_by_username finished: found=True in 370.69ms
2026-08-13 21:12:36.246 [DEBUG] [req-70e349e1] [receipt_api.Auth.identity] Constant-time digest comparison PASS for user token (username='test')
2026-08-13 21:12:36.247 [INFO] [req-70e349e1] [receipt_api.Auth.identity] Identity resolved (mode=user): user_id=c6d9b2dd-6e69-4b4b-b5de-0877442191e2, username=test
2026-08-13 21:12:36.247 [DEBUG] [req-70e349e1] [receipt_api.API.receipts] Entering list_receipts: updated_after=None, limit=20, offset=0, identity (user_id=c6d9b2dd-6e69-4b4b-b5de-0877442191e2, username=test)
2026-08-13 21:12:36.247 [DEBUG] [req-70e349e1] [receipt_api.Models.receipt_repository] SELECT receipts get_all_by_identity: user_id=c6d9b2dd-6e69-4b4b-b5de-0877442191e2, device_id=, updated_after=None, limit=20, offset=0
2026-08-13 21:12:36.285 [INFO] [req-70e349e1] [receipt_api.Models.receipt_repository] SELECT receipts get_all_by_identity succeeded: returned 2 rows in 38.10ms
2026-08-13 21:12:36.286 [INFO] [req-70e349e1] [receipt_api.API.receipts] list_receipts fetched 2 records for user_id=c6d9b2dd-6e69-4b4b-b5de-0877442191e2
2026-08-13 21:12:36.286 [INFO] [req-70e349e1] [receipt_api.HTTP] <-- 200 GET /api/v1/receipts/ (745.76ms)
2026-08-13 21:12:36.351 [INFO] [req-3dc98a7b] [receipt_api.HTTP] --> GET /api/v1/chat/list | Client: 127.0.0.1 | Dev: - | User: test
2026-08-13 21:12:36.352 [DEBUG] [req-3dc98a7b] [receipt_api.Auth.rate_limiter] Rate limit key generated: '/api/v1/chat/list:127.0.0.1' (identifier='127.0.0.1', path='/api/v1/chat/list')
2026-08-13 21:12:36.352 [DEBUG] [req-3dc98a7b] [receipt_api.Auth.rate_limiter] Rate limit threshold check for key '/api/v1/chat/list:127.0.0.1': current bucket counter=1, threshold=60, window=60s
2026-08-13 21:12:36.352 [DEBUG] [req-3dc98a7b] [receipt_api.Auth.rate_limiter] Rate limit check passed for key '/api/v1/chat/list:127.0.0.1': updated bucket counter=2, remaining=58
2026-08-13 21:12:36.352 [DEBUG] [req-3dc98a7b] [receipt_api.Infrastructure.database] Initializing Supabase async client for URL: https://asdumcyjkvzawoxupoxu.supabase.co
2026-08-13 21:12:36.620 [DEBUG] [req-3dc98a7b] [receipt_api.Infrastructure.database] Supabase async client initialized successfully
2026-08-13 21:12:36.620 [DEBUG] [req-3dc98a7b] [receipt_api.Auth.identity] Parsing user headers: X-User-Name/X-User-ID='test', X-User-Token='[PRESENT]'
2026-08-13 21:12:36.620 [DEBUG] [req-3dc98a7b] [receipt_api.Models.user_repository] SELECT user get_by_identifier: identifier='test'
2026-08-13 21:12:36.620 [DEBUG] [req-3dc98a7b] [receipt_api.Models.user_repository] SELECT user get_by_username: username='test'
2026-08-13 21:12:36.963 [INFO] [req-3dc98a7b] [receipt_api.Models.user_repository] SELECT user get_by_username finished: found=True in 342.44ms
2026-08-13 21:12:37.024 [DEBUG] [req-3dc98a7b] [receipt_api.Auth.identity] Constant-time digest comparison PASS for user token (username='test')
2026-08-13 21:12:37.024 [INFO] [req-3dc98a7b] [receipt_api.Auth.identity] Identity resolved (mode=user): user_id=c6d9b2dd-6e69-4b4b-b5de-0877442191e2, username=test
2026-08-13 21:12:37.024 [DEBUG] [req-3dc98a7b] [receipt_api.API.chat] Entering list_conversations: limit=20, offset=0, identity (user_id=c6d9b2dd-6e69-4b4b-b5de-0877442191e2)
2026-08-13 21:12:37.024 [DEBUG] [req-3dc98a7b] [receipt_api.Models.conversation_repository] SELECT conversations list_conversations: user_id=c6d9b2dd-6e69-4b4b-b5de-0877442191e2, device_id=, limit=20, offset=0
2026-08-13 21:12:37.064 [INFO] [req-3dc98a7b] [receipt_api.Models.conversation_repository] SELECT conversations list_conversations succeeded: returned 0 rows in 39.21ms
2026-08-13 21:12:37.064 [INFO] [req-3dc98a7b] [receipt_api.API.chat] list_conversations returned 0 records for user_id=c6d9b2dd-6e69-4b4b-b5de-0877442191e2
2026-08-13 21:12:37.064 [INFO] [req-3dc98a7b] [receipt_api.HTTP] <-- 200 GET /api/v1/chat/list (713.35ms)
2026-08-13 21:12:52.939 [INFO] [req-50d1fbfe] [receipt_api.HTTP] --> POST /api/v1/devices/link | Client: 127.0.0.1 | Dev: - | User: -
2026-08-13 21:12:52.941 [DEBUG] [req-50d1fbfe] [receipt_api.Auth.rate_limiter] Rate limit key generated: '/api/v1/devices/link:dev_886ed96c-c698-4696-ab06-666bfc0a2178' (identifier='dev_886ed96c-c698-4696-ab06-666bfc0a2178', path='/api/v1/devices/link')
2026-08-13 21:12:52.941 [DEBUG] [req-50d1fbfe] [receipt_api.Auth.rate_limiter] Rate limit threshold check for key '/api/v1/devices/link:dev_886ed96c-c698-4696-ab06-666bfc0a2178': current bucket counter=3, threshold=10, window=60s
2026-08-13 21:12:52.941 [DEBUG] [req-50d1fbfe] [receipt_api.Auth.rate_limiter] Rate limit check passed for key '/api/v1/devices/link:dev_886ed96c-c698-4696-ab06-666bfc0a2178': updated bucket counter=4, remaining=6
2026-08-13 21:12:52.941 [DEBUG] [req-50d1fbfe] [receipt_api.Infrastructure.database] Initializing Supabase async client for URL: https://asdumcyjkvzawoxupoxu.supabase.co
2026-08-13 21:12:53.253 [DEBUG] [req-50d1fbfe] [receipt_api.Infrastructure.database] Supabase async client initialized successfully
2026-08-13 21:12:53.253 [DEBUG] [req-50d1fbfe] [receipt_api.Auth.identity] Parsing link bridge headers: X-Device-Name/X-Device-ID='dev_886ed96c-c698-4696-ab06-666bfc0a2178', X-Device-Token='[PRESENT]', X-User-Name/X-User-ID='None', X-User-Token='[NONE]'
2026-08-13 21:12:53.253 [DEBUG] [req-50d1fbfe] [receipt_api.Models.device_repository] SELECT device get_by_device_id: device_name_or_uuid='dev_886ed96c-c698-4696-ab06-666bfc0a2178'
2026-08-13 21:12:53.613 [INFO] [req-50d1fbfe] [receipt_api.Models.device_repository] SELECT device get_by_device_id matched by name: id=2b3cd042-0742-4ffd-bcbe-db3dea65d36d in 359.20ms
2026-08-13 21:12:53.613 [DEBUG] [req-50d1fbfe] [receipt_api.Auth.identity] Constant-time digest comparison PASS for link bridge device token (device_name='dev_886ed96c-c698-4696-ab06-666bfc0a2178')
2026-08-13 21:12:53.613 [INFO] [req-50d1fbfe] [receipt_api.Auth.identity] Identity resolved (mode=user): user_id=c6d9b2dd-6e69-4b4b-b5de-0877442191e2, username=None, device_id=2b3cd042-0742-4ffd-bcbe-db3dea65d36d, device_name=dev_886ed96c-c698-4696-ab06-666bfc0a2178
2026-08-13 21:12:53.613 [DEBUG] [req-50d1fbfe] [receipt_api.API.devices] Entering link_device_user: device_name=dev_886ed96c-c698-4696-ab06-666bfc0a2178, target_username=None, identity (device_name=dev_886ed96c-c698-4696-ab06-666bfc0a2178, user_id=c6d9b2dd-6e69-4b4b-b5de-0877442191e2)
2026-08-13 21:12:53.613 [DEBUG] [req-50d1fbfe] [receipt_api.Models.device_repository] SELECT device get_by_device_id: device_name_or_uuid='dev_886ed96c-c698-4696-ab06-666bfc0a2178'
2026-08-13 21:12:53.648 [INFO] [req-50d1fbfe] [receipt_api.Models.device_repository] SELECT device get_by_device_id matched by name: id=2b3cd042-0742-4ffd-bcbe-db3dea65d36d in 34.66ms
2026-08-13 21:12:53.648 [DEBUG] [req-50d1fbfe] [receipt_api.Models.device_repository] link_user_by_names: device_name='dev_886ed96c-c698-4696-ab06-666bfc0a2178', username=None
2026-08-13 21:12:53.648 [DEBUG] [req-50d1fbfe] [receipt_api.Models.device_repository] SELECT device get_by_device_id: device_name_or_uuid='dev_886ed96c-c698-4696-ab06-666bfc0a2178'
2026-08-13 21:12:53.691 [INFO] [req-50d1fbfe] [receipt_api.Models.device_repository] SELECT device get_by_device_id matched by name: id=2b3cd042-0742-4ffd-bcbe-db3dea65d36d in 42.65ms
2026-08-13 21:12:53.731 [INFO] [req-50d1fbfe] [receipt_api.Models.device_repository] link_user_by_names completed fallback update in 82.91ms
2026-08-13 21:12:53.731 [INFO] [req-50d1fbfe] [receipt_api.API.devices] Device linked successfully: device_name=dev_886ed96c-c698-4696-ab06-666bfc0a2178, username=None
2026-08-13 21:12:53.732 [INFO] [req-50d1fbfe] [receipt_api.HTTP] <-- 200 POST /api/v1/devices/link (792.24ms)
2026-08-13 21:12:53.765 [INFO] [req-0ade8e4c] [receipt_api.HTTP] --> POST /api/v1/devices/rotate-token | Client: 127.0.0.1 | Dev: - | User: -
2026-08-13 21:12:53.766 [DEBUG] [req-0ade8e4c] [receipt_api.Auth.rate_limiter] Rate limit key generated: '/api/v1/devices/rotate-token:dev_886ed96c-c698-4696-ab06-666bfc0a2178' (identifier='dev_886ed96c-c698-4696-ab06-666bfc0a2178', path='/api/v1/devices/rotate-token')
2026-08-13 21:12:53.766 [DEBUG] [req-0ade8e4c] [receipt_api.Auth.rate_limiter] Rate limit threshold check for key '/api/v1/devices/rotate-token:dev_886ed96c-c698-4696-ab06-666bfc0a2178': current bucket counter=1, threshold=10, window=60s
2026-08-13 21:12:53.766 [DEBUG] [req-0ade8e4c] [receipt_api.Auth.rate_limiter] Rate limit check passed for key '/api/v1/devices/rotate-token:dev_886ed96c-c698-4696-ab06-666bfc0a2178': updated bucket counter=2, remaining=8
2026-08-13 21:12:53.766 [DEBUG] [req-0ade8e4c] [receipt_api.Infrastructure.database] Initializing Supabase async client for URL: https://asdumcyjkvzawoxupoxu.supabase.co
2026-08-13 21:12:54.030 [DEBUG] [req-0ade8e4c] [receipt_api.Infrastructure.database] Supabase async client initialized successfully
2026-08-13 21:12:54.031 [DEBUG] [req-0ade8e4c] [receipt_api.Auth.identity] Parsing device headers: X-Device-Name/X-Device-ID='dev_886ed96c-c698-4696-ab06-666bfc0a2178', X-Device-Token='[PRESENT]'
2026-08-13 21:12:54.031 [DEBUG] [req-0ade8e4c] [receipt_api.Models.device_repository] SELECT device get_by_device_id: device_name_or_uuid='dev_886ed96c-c698-4696-ab06-666bfc0a2178'
2026-08-13 21:12:54.383 [INFO] [req-0ade8e4c] [receipt_api.Models.device_repository] SELECT device get_by_device_id matched by name: id=2b3cd042-0742-4ffd-bcbe-db3dea65d36d in 351.96ms
2026-08-13 21:12:54.383 [DEBUG] [req-0ade8e4c] [receipt_api.Auth.identity] Constant-time digest comparison PASS for device token (device_name='dev_886ed96c-c698-4696-ab06-666bfc0a2178')
2026-08-13 21:12:54.383 [INFO] [req-0ade8e4c] [receipt_api.Auth.identity] Identity resolved (mode=device): user_id=None, username=None, device_id=2b3cd042-0742-4ffd-bcbe-db3dea65d36d, device_name=dev_886ed96c-c698-4696-ab06-666bfc0a2178
2026-08-13 21:12:54.383 [DEBUG] [req-0ade8e4c] [receipt_api.API.devices] Entering rotate_device_token_endpoint: device_name=dev_886ed96c-c698-4696-ab06-666bfc0a2178
2026-08-13 21:12:54.383 [DEBUG] [req-0ade8e4c] [receipt_api.Models.device_repository] UPDATE device rotate_device_token: device_name='dev_886ed96c-c698-4696-ab06-666bfc0a2178'
2026-08-13 21:12:54.383 [DEBUG] [req-0ade8e4c] [receipt_api.Models.device_repository] SELECT device get_by_device_id: device_name_or_uuid='dev_886ed96c-c698-4696-ab06-666bfc0a2178'
2026-08-13 21:12:54.414 [INFO] [req-0ade8e4c] [receipt_api.Models.device_repository] SELECT device get_by_device_id matched by name: id=2b3cd042-0742-4ffd-bcbe-db3dea65d36d in 30.53ms
2026-08-13 21:12:54.466 [INFO] [req-0ade8e4c] [receipt_api.Models.device_repository] UPDATE device rotate_device_token succeeded in 82.80ms
2026-08-13 21:12:54.466 [INFO] [req-0ade8e4c] [receipt_api.API.devices] Device token rotated successfully for device_name=dev_886ed96c-c698-4696-ab06-666bfc0a2178
2026-08-13 21:12:54.467 [INFO] [req-0ade8e4c] [receipt_api.HTTP] <-- 200 POST /api/v1/devices/rotate-token (701.66ms)
2026-08-13 21:13:15.990 [INFO] [req-eb2e57a6] [receipt_api.HTTP] --> POST /api/v1/user/create | Client: 127.0.0.1 | Dev: - | User: -
2026-08-13 21:13:15.991 [DEBUG] [req-eb2e57a6] [receipt_api.Auth.rate_limiter] Rate limit key generated: '/api/v1/user/create:127.0.0.1' (identifier='127.0.0.1', path='/api/v1/user/create')
2026-08-13 21:13:15.991 [DEBUG] [req-eb2e57a6] [receipt_api.Auth.rate_limiter] Rate limit threshold check for key '/api/v1/user/create:127.0.0.1': current bucket counter=0, threshold=10, window=60s
2026-08-13 21:13:15.991 [DEBUG] [req-eb2e57a6] [receipt_api.Auth.rate_limiter] Rate limit check passed for key '/api/v1/user/create:127.0.0.1': updated bucket counter=1, remaining=9
2026-08-13 21:13:15.991 [DEBUG] [req-eb2e57a6] [receipt_api.Infrastructure.database] Initializing Supabase async client for URL: https://asdumcyjkvzawoxupoxu.supabase.co
2026-08-13 21:13:16.274 [DEBUG] [req-eb2e57a6] [receipt_api.Infrastructure.database] Supabase async client initialized successfully
2026-08-13 21:13:16.274 [DEBUG] [req-eb2e57a6] [receipt_api.API.user] Entering create_user: username=test2, email=test2@example.com
2026-08-13 21:13:16.274 [DEBUG] [req-eb2e57a6] [receipt_api.Models.user_repository] SELECT user get_by_username: username='test2'
2026-08-13 21:13:16.600 [INFO] [req-eb2e57a6] [receipt_api.Models.user_repository] SELECT user get_by_username finished: found=False in 325.63ms
2026-08-13 21:13:16.600 [DEBUG] [req-eb2e57a6] [receipt_api.Models.user_repository] SELECT user get_by_email: email='test2@example.com'
2026-08-13 21:13:16.662 [INFO] [req-eb2e57a6] [receipt_api.Models.user_repository] SELECT user get_by_email ilike search finished: found=False in 61.54ms
2026-08-13 21:13:16.662 [DEBUG] [req-eb2e57a6] [receipt_api.Models.user_repository] INSERT user create: username='test2', email='test2@example.com'
2026-08-13 21:13:16.756 [INFO] [req-eb2e57a6] [receipt_api.Models.user_repository] INSERT user create succeeded: id=ba42c475-be97-4f9a-97f8-6b43c086336b in 93.18ms
2026-08-13 21:13:16.756 [INFO] [req-eb2e57a6] [receipt_api.API.user] User created successfully: user_id=ba42c475-be97-4f9a-97f8-6b43c086336b, username=test2
2026-08-13 21:13:16.756 [INFO] [req-eb2e57a6] [receipt_api.HTTP] <-- 201 POST /api/v1/user/create (766.75ms)
2026-08-13 21:13:16.793 [INFO] [req-07fd8bfa] [receipt_api.HTTP] --> POST /api/v1/devices/link | Client: 127.0.0.1 | Dev: - | User: test2
2026-08-13 21:13:16.793 [DEBUG] [req-07fd8bfa] [receipt_api.Auth.rate_limiter] Rate limit key generated: '/api/v1/devices/link:dev_886ed96c-c698-4696-ab06-666bfc0a2178' (identifier='dev_886ed96c-c698-4696-ab06-666bfc0a2178', path='/api/v1/devices/link')
2026-08-13 21:13:16.793 [DEBUG] [req-07fd8bfa] [receipt_api.Auth.rate_limiter] Rate limit threshold check for key '/api/v1/devices/link:dev_886ed96c-c698-4696-ab06-666bfc0a2178': current bucket counter=3, threshold=10, window=60s
2026-08-13 21:13:16.794 [DEBUG] [req-07fd8bfa] [receipt_api.Auth.rate_limiter] Rate limit check passed for key '/api/v1/devices/link:dev_886ed96c-c698-4696-ab06-666bfc0a2178': updated bucket counter=4, remaining=6
2026-08-13 21:13:16.794 [DEBUG] [req-07fd8bfa] [receipt_api.Infrastructure.database] Initializing Supabase async client for URL: https://asdumcyjkvzawoxupoxu.supabase.co
2026-08-13 21:13:17.087 [DEBUG] [req-07fd8bfa] [receipt_api.Infrastructure.database] Supabase async client initialized successfully
2026-08-13 21:13:17.088 [DEBUG] [req-07fd8bfa] [receipt_api.Auth.identity] Parsing link bridge headers: X-Device-Name/X-Device-ID='dev_886ed96c-c698-4696-ab06-666bfc0a2178', X-Device-Token='[PRESENT]', X-User-Name/X-User-ID='test2', X-User-Token='[PRESENT]'
2026-08-13 21:13:17.088 [DEBUG] [req-07fd8bfa] [receipt_api.Models.device_repository] SELECT device get_by_device_id: device_name_or_uuid='dev_886ed96c-c698-4696-ab06-666bfc0a2178'
2026-08-13 21:13:17.430 [INFO] [req-07fd8bfa] [receipt_api.Models.device_repository] SELECT device get_by_device_id matched by name: id=2b3cd042-0742-4ffd-bcbe-db3dea65d36d in 342.26ms
2026-08-13 21:13:17.431 [DEBUG] [req-07fd8bfa] [receipt_api.Auth.identity] Constant-time digest comparison PASS for link bridge device token (device_name='dev_886ed96c-c698-4696-ab06-666bfc0a2178')
2026-08-13 21:13:17.431 [DEBUG] [req-07fd8bfa] [receipt_api.Models.user_repository] SELECT user get_by_identifier: identifier='test2'
2026-08-13 21:13:17.431 [DEBUG] [req-07fd8bfa] [receipt_api.Models.user_repository] SELECT user get_by_username: username='test2'
2026-08-13 21:13:17.468 [INFO] [req-07fd8bfa] [receipt_api.Models.user_repository] SELECT user get_by_username finished: found=True in 37.62ms
2026-08-13 21:13:17.525 [DEBUG] [req-07fd8bfa] [receipt_api.Auth.identity] Constant-time digest comparison PASS for link bridge user token (username='test2')
2026-08-13 21:13:17.525 [INFO] [req-07fd8bfa] [receipt_api.Auth.identity] Identity resolved (mode=user): user_id=ba42c475-be97-4f9a-97f8-6b43c086336b, username=test2, device_id=2b3cd042-0742-4ffd-bcbe-db3dea65d36d, device_name=dev_886ed96c-c698-4696-ab06-666bfc0a2178
2026-08-13 21:13:17.525 [DEBUG] [req-07fd8bfa] [receipt_api.API.devices] Entering link_device_user: device_name=dev_886ed96c-c698-4696-ab06-666bfc0a2178, target_username=test2, identity (device_name=dev_886ed96c-c698-4696-ab06-666bfc0a2178, user_id=ba42c475-be97-4f9a-97f8-6b43c086336b)
2026-08-13 21:13:17.525 [DEBUG] [req-07fd8bfa] [receipt_api.Models.device_repository] SELECT device get_by_device_id: device_name_or_uuid='dev_886ed96c-c698-4696-ab06-666bfc0a2178'
2026-08-13 21:13:17.552 [INFO] [req-07fd8bfa] [receipt_api.Models.device_repository] SELECT device get_by_device_id matched by name: id=2b3cd042-0742-4ffd-bcbe-db3dea65d36d in 26.40ms
2026-08-13 21:13:17.552 [DEBUG] [req-07fd8bfa] [receipt_api.Models.device_repository] link_user_by_names: device_name='dev_886ed96c-c698-4696-ab06-666bfc0a2178', username=test2
2026-08-13 21:13:17.552 [DEBUG] [req-07fd8bfa] [receipt_api.Models.device_repository] SELECT device get_by_device_id: device_name_or_uuid='dev_886ed96c-c698-4696-ab06-666bfc0a2178'
2026-08-13 21:13:17.582 [INFO] [req-07fd8bfa] [receipt_api.Models.device_repository] SELECT device get_by_device_id matched by name: id=2b3cd042-0742-4ffd-bcbe-db3dea65d36d in 29.98ms
2026-08-13 21:13:17.582 [DEBUG] [req-07fd8bfa] [receipt_api.Models.user_repository] SELECT user get_by_identifier: identifier='test2'
2026-08-13 21:13:17.582 [DEBUG] [req-07fd8bfa] [receipt_api.Models.user_repository] SELECT user get_by_username: username='test2'
2026-08-13 21:13:17.611 [INFO] [req-07fd8bfa] [receipt_api.Models.user_repository] SELECT user get_by_username finished: found=True in 28.93ms
2026-08-13 21:13:17.611 [DEBUG] [req-07fd8bfa] [receipt_api.Models.device_repository] Calling RPC link_device_and_migrate_guest_data for device='dev_886ed96c-c698-4696-ab06-666bfc0a2178'
2026-08-13 21:13:17.646 [INFO] [req-07fd8bfa] [receipt_api.Models.device_repository] Atomic guest migration RPC complete for device name=dev_886ed96c-c698-4696-ab06-666bfc0a2178: receipts=0 conversations=0
2026-08-13 21:13:17.646 [DEBUG] [req-07fd8bfa] [receipt_api.Models.device_repository] SELECT device get_by_device_id: device_name_or_uuid='2b3cd042-0742-4ffd-bcbe-db3dea65d36d'
2026-08-13 21:13:17.704 [INFO] [req-07fd8bfa] [receipt_api.Models.device_repository] SELECT device get_by_device_id fallback UUID search finished: found=True in 57.37ms
2026-08-13 21:13:17.704 [INFO] [req-07fd8bfa] [receipt_api.Models.device_repository] link_user_by_names RPC succeeded in 152.05ms
2026-08-13 21:13:17.704 [INFO] [req-07fd8bfa] [receipt_api.API.devices] Device linked successfully: device_name=dev_886ed96c-c698-4696-ab06-666bfc0a2178, username=test2
2026-08-13 21:13:17.704 [INFO] [req-07fd8bfa] [receipt_api.HTTP] <-- 200 POST /api/v1/devices/link (911.87ms)
2026-08-13 21:13:29.833 [INFO] [req-a85d934a] [receipt_api.HTTP] --> POST /api/v1/scan/parse | Client: 127.0.0.1 | Dev: - | User: test2
2026-08-13 21:13:29.837 [DEBUG] [req-a85d934a] [receipt_api.Auth.rate_limiter] Rate limit key generated: '/api/v1/scan/parse:127.0.0.1' (identifier='127.0.0.1', path='/api/v1/scan/parse')
2026-08-13 21:13:29.837 [DEBUG] [req-a85d934a] [receipt_api.Auth.rate_limiter] Rate limit threshold check for key '/api/v1/scan/parse:127.0.0.1': current bucket counter=0, threshold=5, window=60s
2026-08-13 21:13:29.837 [DEBUG] [req-a85d934a] [receipt_api.Auth.rate_limiter] Rate limit check passed for key '/api/v1/scan/parse:127.0.0.1': updated bucket counter=1, remaining=4
2026-08-13 21:13:29.837 [DEBUG] [req-a85d934a] [receipt_api.Infrastructure.database] Initializing Supabase async client for URL: https://asdumcyjkvzawoxupoxu.supabase.co
2026-08-13 21:13:30.124 [DEBUG] [req-a85d934a] [receipt_api.Infrastructure.database] Supabase async client initialized successfully
2026-08-13 21:13:30.124 [DEBUG] [req-a85d934a] [receipt_api.Auth.identity] Parsing scoped identity headers: X-Request-Type='user', X-Device-Name/X-Device-ID='None', X-Device-Token='[NONE]', X-User-Name/X-User-ID='test2', X-User-Token='[PRESENT]'
2026-08-13 21:13:30.124 [DEBUG] [req-a85d934a] [receipt_api.Models.user_repository] SELECT user get_by_identifier: identifier='test2'
2026-08-13 21:13:30.125 [DEBUG] [req-a85d934a] [receipt_api.Models.user_repository] SELECT user get_by_username: username='test2'
2026-08-13 21:13:30.488 [INFO] [req-a85d934a] [receipt_api.Models.user_repository] SELECT user get_by_username finished: found=True in 363.32ms
2026-08-13 21:13:30.548 [DEBUG] [req-a85d934a] [receipt_api.Auth.identity] Constant-time digest comparison PASS for user token (username='test2')
2026-08-13 21:13:30.548 [INFO] [req-a85d934a] [receipt_api.Auth.identity] Identity resolved (mode=user): user_id=ba42c475-be97-4f9a-97f8-6b43c086336b, username=test2
2026-08-13 21:13:31.081 [DEBUG] [req-a85d934a] [receipt_api.API.scan] Entering parse_receipt: filename=1000031418.png, content_type=image/png, identity (user_id=ba42c475-be97-4f9a-97f8-6b43c086336b, device_id=)
2026-08-13 21:13:31.081 [DEBUG] [req-a85d934a] [receipt_api.API.scan] Read receipt image bytes: size=652556 bytes
2026-08-13 21:13:31.082 [DEBUG] [req-a85d934a] [receipt_api.Services.extraction_service] extract_from_image called: mime_type=image/png, bytes_size=652556
2026-08-13 21:13:31.082 [INFO] [req-a85d934a] [receipt_api.Services.extraction_service] Triggering Gemini vision model gemini-3.6-flash for receipt image extraction (652556 bytes, mime=image/png)
2026-08-13 21:13:47.315 [ERROR] [req-a85d934a] [receipt_api.Services.extraction_service] Failed to extract receipt data from image: 503 UNAVAILABLE. {'error': {'code': 503, 'message': 'This model is currently experiencing high demand. Spikes in demand are usually temporary. Please try again later.', 'status': 'UNAVAILABLE'}}
Traceback (most recent call last):
  File "C:\mobile-development\receipt_logging_backend\src\Services\extraction_service.py", line 47, in extract_from_image
    response = await self.client.aio.models.generate_content(
               ^^^^^^^^^^^^^^^^^^^^^^^^^^^^^^^^^^^^^^^^^^^^^^
    ...<12 lines>...
    )
    ^
  File "C:\mobile-development\receipt_logging_backend\.venv\Lib\site-packages\google\genai\models.py", line 8818, in generate_content
    response = await self._generate_content(
               ^^^^^^^^^^^^^^^^^^^^^^^^^^^^^
        model=model, contents=contents, config=final_parsed_config_to_call
        ^^^^^^^^^^^^^^^^^^^^^^^^^^^^^^^^^^^^^^^^^^^^^^^^^^^^^^^^^^^^^^^^^^
    )
    ^
  File "C:\mobile-development\receipt_logging_backend\.venv\Lib\site-packages\google\genai\models.py", line 7260, in _generate_content
    response = await self._api_client.async_request(
               ^^^^^^^^^^^^^^^^^^^^^^^^^^^^^^^^^^^^^
        'post', path, request_dict, http_options
        ^^^^^^^^^^^^^^^^^^^^^^^^^^^^^^^^^^^^^^^^
    )
    ^
  File "C:\mobile-development\receipt_logging_backend\.venv\Lib\site-packages\google\genai\_api_client.py", line 1754, in async_request
    result = await self._async_request(
             ^^^^^^^^^^^^^^^^^^^^^^^^^^
        http_request=http_request, http_options=http_options, stream=False
        ^^^^^^^^^^^^^^^^^^^^^^^^^^^^^^^^^^^^^^^^^^^^^^^^^^^^^^^^^^^^^^^^^^
    )
    ^
  File "C:\mobile-development\receipt_logging_backend\.venv\Lib\site-packages\google\genai\_api_client.py", line 1687, in _async_request
    return await self._async_retry(  # type: ignore[no-any-return]
           ^^^^^^^^^^^^^^^^^^^^^^^^^^^^^^^^^^^^^^^^^^^^^^^^^^^^^^^
        self._async_request_once, http_request, stream
        ^^^^^^^^^^^^^^^^^^^^^^^^^^^^^^^^^^^^^^^^^^^^^^
    )
    ^
  File "C:\mobile-development\receipt_logging_backend\.venv\Lib\site-packages\tenacity\asyncio\__init__.py", line 112, in __call__
    do = await self.iter(retry_state=retry_state)
         ^^^^^^^^^^^^^^^^^^^^^^^^^^^^^^^^^^^^^^^^
  File "C:\mobile-development\receipt_logging_backend\.venv\Lib\site-packages\tenacity\asyncio\__init__.py", line 157, in iter
    result = await action(retry_state)
             ^^^^^^^^^^^^^^^^^^^^^^^^^
  File "C:\mobile-development\receipt_logging_backend\.venv\Lib\site-packages\tenacity\_utils.py", line 111, in inner
    return call(*args, **kwargs)
  File "C:\mobile-development\receipt_logging_backend\.venv\Lib\site-packages\tenacity\__init__.py", line 413, in exc_check
    raise retry_exc.reraise()
          ~~~~~~~~~~~~~~~~~^^
  File "C:\mobile-development\receipt_logging_backend\.venv\Lib\site-packages\tenacity\__init__.py", line 184, in reraise
    raise self.last_attempt.result()
          ~~~~~~~~~~~~~~~~~~~~~~~~^^
  File "C:\Program Files\WindowsApps\PythonSoftwareFoundation.Python.3.13_3.13.3824.0_x64__qbz5n2kfra8p0\Lib\concurrent\futures\_base.py", line 453, in result
    return self.__get_result()
           ~~~~~~~~~~~~~~~~~^^
  File "C:\Program Files\WindowsApps\PythonSoftwareFoundation.Python.3.13_3.13.3824.0_x64__qbz5n2kfra8p0\Lib\concurrent\futures\_base.py", line 402, in __get_result
    raise self._exception
  File "C:\mobile-development\receipt_logging_backend\.venv\Lib\site-packages\tenacity\asyncio\__init__.py", line 116, in __call__
    result = await fn(*args, **kwargs)
             ^^^^^^^^^^^^^^^^^^^^^^^^^
  File "C:\mobile-development\receipt_logging_backend\.venv\Lib\site-packages\google\genai\_api_client.py", line 1667, in _async_request_once
    await errors.APIError.raise_for_async_response(client_response)
  File "C:\mobile-development\receipt_logging_backend\.venv\Lib\site-packages\google\genai\errors.py", line 247, in raise_for_async_response
    await cls.raise_error_async(status_code, response_json, response)
  File "C:\mobile-development\receipt_logging_backend\.venv\Lib\site-packages\google\genai\errors.py", line 271, in raise_error_async
    raise ServerError(status_code, response_json, response)
google.genai.errors.ServerError: 503 UNAVAILABLE. {'error': {'code': 503, 'message': 'This model is currently experiencing high demand. Spikes in demand are usually temporary. Please try again later.', 'status': 'UNAVAILABLE'}}
2026-08-13 21:13:47.441 [ERROR] [req-a85d934a] [receipt_api.API.scan] Receipt extraction error: 503 UNAVAILABLE. {'error': {'code': 503, 'message': 'This model is currently experiencing high demand. Spikes in demand are usually temporary. Please try again later.', 'status': 'UNAVAILABLE'}}
Traceback (most recent call last):
  File "C:\mobile-development\receipt_logging_backend\src\API\v1\scan.py", line 141, in parse_receipt
    receipt = await service.extract_from_image(context)
              ^^^^^^^^^^^^^^^^^^^^^^^^^^^^^^^^^^^^^^^^^
  File "C:\mobile-development\receipt_logging_backend\src\Services\extraction_service.py", line 47, in extract_from_image
    response = await self.client.aio.models.generate_content(
               ^^^^^^^^^^^^^^^^^^^^^^^^^^^^^^^^^^^^^^^^^^^^^^
    ...<12 lines>...
    )
    ^
  File "C:\mobile-development\receipt_logging_backend\.venv\Lib\site-packages\google\genai\models.py", line 8818, in generate_content
    response = await self._generate_content(
               ^^^^^^^^^^^^^^^^^^^^^^^^^^^^^
        model=model, contents=contents, config=final_parsed_config_to_call
        ^^^^^^^^^^^^^^^^^^^^^^^^^^^^^^^^^^^^^^^^^^^^^^^^^^^^^^^^^^^^^^^^^^
    )
    ^
  File "C:\mobile-development\receipt_logging_backend\.venv\Lib\site-packages\google\genai\models.py", line 7260, in _generate_content
    response = await self._api_client.async_request(
               ^^^^^^^^^^^^^^^^^^^^^^^^^^^^^^^^^^^^^
        'post', path, request_dict, http_options
        ^^^^^^^^^^^^^^^^^^^^^^^^^^^^^^^^^^^^^^^^
    )
    ^
  File "C:\mobile-development\receipt_logging_backend\.venv\Lib\site-packages\google\genai\_api_client.py", line 1754, in async_request
    result = await self._async_request(
             ^^^^^^^^^^^^^^^^^^^^^^^^^^
        http_request=http_request, http_options=http_options, stream=False
        ^^^^^^^^^^^^^^^^^^^^^^^^^^^^^^^^^^^^^^^^^^^^^^^^^^^^^^^^^^^^^^^^^^
    )
    ^
  File "C:\mobile-development\receipt_logging_backend\.venv\Lib\site-packages\google\genai\_api_client.py", line 1687, in _async_request
    return await self._async_retry(  # type: ignore[no-any-return]
           ^^^^^^^^^^^^^^^^^^^^^^^^^^^^^^^^^^^^^^^^^^^^^^^^^^^^^^^
        self._async_request_once, http_request, stream
        ^^^^^^^^^^^^^^^^^^^^^^^^^^^^^^^^^^^^^^^^^^^^^^
    )
    ^
  File "C:\mobile-development\receipt_logging_backend\.venv\Lib\site-packages\tenacity\asyncio\__init__.py", line 112, in __call__
    do = await self.iter(retry_state=retry_state)
         ^^^^^^^^^^^^^^^^^^^^^^^^^^^^^^^^^^^^^^^^
  File "C:\mobile-development\receipt_logging_backend\.venv\Lib\site-packages\tenacity\asyncio\__init__.py", line 157, in iter
    result = await action(retry_state)
             ^^^^^^^^^^^^^^^^^^^^^^^^^
  File "C:\mobile-development\receipt_logging_backend\.venv\Lib\site-packages\tenacity\_utils.py", line 111, in inner
    return call(*args, **kwargs)
  File "C:\mobile-development\receipt_logging_backend\.venv\Lib\site-packages\tenacity\__init__.py", line 413, in exc_check
    raise retry_exc.reraise()
          ~~~~~~~~~~~~~~~~~^^
  File "C:\mobile-development\receipt_logging_backend\.venv\Lib\site-packages\tenacity\__init__.py", line 184, in reraise
    raise self.last_attempt.result()
          ~~~~~~~~~~~~~~~~~~~~~~~~^^
  File "C:\Program Files\WindowsApps\PythonSoftwareFoundation.Python.3.13_3.13.3824.0_x64__qbz5n2kfra8p0\Lib\concurrent\futures\_base.py", line 453, in result
    return self.__get_result()
           ~~~~~~~~~~~~~~~~~^^
  File "C:\Program Files\WindowsApps\PythonSoftwareFoundation.Python.3.13_3.13.3824.0_x64__qbz5n2kfra8p0\Lib\concurrent\futures\_base.py", line 402, in __get_result
    raise self._exception
  File "C:\mobile-development\receipt_logging_backend\.venv\Lib\site-packages\tenacity\asyncio\__init__.py", line 116, in __call__
    result = await fn(*args, **kwargs)
             ^^^^^^^^^^^^^^^^^^^^^^^^^
  File "C:\mobile-development\receipt_logging_backend\.venv\Lib\site-packages\google\genai\_api_client.py", line 1667, in _async_request_once
    await errors.APIError.raise_for_async_response(client_response)
  File "C:\mobile-development\receipt_logging_backend\.venv\Lib\site-packages\google\genai\errors.py", line 247, in raise_for_async_response
    await cls.raise_error_async(status_code, response_json, response)
  File "C:\mobile-development\receipt_logging_backend\.venv\Lib\site-packages\google\genai\errors.py", line 271, in raise_error_async
    raise ServerError(status_code, response_json, response)
google.genai.errors.ServerError: 503 UNAVAILABLE. {'error': {'code': 503, 'message': 'This model is currently experiencing high demand. Spikes in demand are usually temporary. Please try again later.', 'status': 'UNAVAILABLE'}}
2026-08-13 21:13:47.444 [INFO] [req-a85d934a] [receipt_api.HTTP] <-- 200 POST /api/v1/scan/parse (17611.12ms)
2026-08-13 21:13:49.000 [INFO] [req-fabc463d] [receipt_api.HTTP] --> POST /api/v1/scan/parse | Client: 127.0.0.1 | Dev: - | User: test2
2026-08-13 21:13:49.024 [DEBUG] [req-fabc463d] [receipt_api.Auth.rate_limiter] Rate limit key generated: '/api/v1/scan/parse:127.0.0.1' (identifier='127.0.0.1', path='/api/v1/scan/parse')
2026-08-13 21:13:49.024 [DEBUG] [req-fabc463d] [receipt_api.Auth.rate_limiter] Rate limit threshold check for key '/api/v1/scan/parse:127.0.0.1': current bucket counter=1, threshold=5, window=60s
2026-08-13 21:13:49.024 [DEBUG] [req-fabc463d] [receipt_api.Auth.rate_limiter] Rate limit check passed for key '/api/v1/scan/parse:127.0.0.1': updated bucket counter=2, remaining=3
2026-08-13 21:13:49.024 [DEBUG] [req-fabc463d] [receipt_api.Infrastructure.database] Initializing Supabase async client for URL: https://asdumcyjkvzawoxupoxu.supabase.co
2026-08-13 21:13:49.343 [DEBUG] [req-fabc463d] [receipt_api.Infrastructure.database] Supabase async client initialized successfully
2026-08-13 21:13:49.344 [DEBUG] [req-fabc463d] [receipt_api.Auth.identity] Parsing scoped identity headers: X-Request-Type='user', X-Device-Name/X-Device-ID='None', X-Device-Token='[NONE]', X-User-Name/X-User-ID='test2', X-User-Token='[PRESENT]'
2026-08-13 21:13:49.344 [DEBUG] [req-fabc463d] [receipt_api.Models.user_repository] SELECT user get_by_identifier: identifier='test2'
2026-08-13 21:13:49.344 [DEBUG] [req-fabc463d] [receipt_api.Models.user_repository] SELECT user get_by_username: username='test2'
2026-08-13 21:13:49.699 [INFO] [req-fabc463d] [receipt_api.Models.user_repository] SELECT user get_by_username finished: found=True in 354.98ms
2026-08-13 21:13:49.762 [DEBUG] [req-fabc463d] [receipt_api.Auth.identity] Constant-time digest comparison PASS for user token (username='test2')
2026-08-13 21:13:49.762 [INFO] [req-fabc463d] [receipt_api.Auth.identity] Identity resolved (mode=user): user_id=ba42c475-be97-4f9a-97f8-6b43c086336b, username=test2
2026-08-13 21:13:50.350 [DEBUG] [req-fabc463d] [receipt_api.API.scan] Entering parse_receipt: filename=1000031418.png, content_type=image/png, identity (user_id=ba42c475-be97-4f9a-97f8-6b43c086336b, device_id=)
2026-08-13 21:13:50.351 [DEBUG] [req-fabc463d] [receipt_api.API.scan] Read receipt image bytes: size=652556 bytes
2026-08-13 21:13:50.351 [DEBUG] [req-fabc463d] [receipt_api.Services.extraction_service] extract_from_image called: mime_type=image/png, bytes_size=652556
2026-08-13 21:13:50.351 [INFO] [req-fabc463d] [receipt_api.Services.extraction_service] Triggering Gemini vision model gemini-3.6-flash for receipt image extraction (652556 bytes, mime=image/png)
2026-08-13 21:13:59.635 [INFO] [req-fabc463d] [receipt_api.Services.extraction_service] Gemini vision response received. Output text len=789, usage_metadata=cache_tokens_details=None cached_content_token_count=None candidates_token_count=263 candidates_tokens_details=None prompt_token_count=1433 prompt_tokens_details=[ModalityTokenCount(
  modality=<MediaModality.TEXT: 'TEXT'>,
  token_count=352
), ModalityTokenCount(
  modality=<MediaModality.IMAGE: 'IMAGE'>,
  token_count=1081
)] thoughts_token_count=827 tool_use_prompt_token_count=None tool_use_prompt_tokens_details=None total_token_count=2523 traffic_type=None
2026-08-13 21:13:59.635 [INFO] [req-fabc463d] [receipt_api.Services.extraction_service] Successfully extracted receipt: merchant='Shopee Supermarket', total=23.90, confidence=0.50, items_count=1
2026-08-13 21:13:59.635 [WARNING] [req-fabc463d] [receipt_api.API.scan] Document confidence score 0.50 is below threshold 0.80 (filename=1000031418.png)
2026-08-13 21:13:59.636 [INFO] [req-fabc463d] [receipt_api.HTTP] <-- 200 POST /api/v1/scan/parse (10635.78ms)
2026-08-13 21:14:21.831 [INFO] [req-65491ae3] [receipt_api.HTTP] --> POST /api/v1/scan/parse | Client: 127.0.0.1 | Dev: - | User: test2
2026-08-13 21:14:21.833 [DEBUG] [req-65491ae3] [receipt_api.Auth.rate_limiter] Rate limit key generated: '/api/v1/scan/parse:127.0.0.1' (identifier='127.0.0.1', path='/api/v1/scan/parse')
2026-08-13 21:14:21.833 [DEBUG] [req-65491ae3] [receipt_api.Auth.rate_limiter] Rate limit threshold check for key '/api/v1/scan/parse:127.0.0.1': current bucket counter=2, threshold=5, window=60s
2026-08-13 21:14:21.834 [DEBUG] [req-65491ae3] [receipt_api.Auth.rate_limiter] Rate limit check passed for key '/api/v1/scan/parse:127.0.0.1': updated bucket counter=3, remaining=2
2026-08-13 21:14:21.834 [DEBUG] [req-65491ae3] [receipt_api.Infrastructure.database] Initializing Supabase async client for URL: https://asdumcyjkvzawoxupoxu.supabase.co
2026-08-13 21:14:22.118 [DEBUG] [req-65491ae3] [receipt_api.Infrastructure.database] Supabase async client initialized successfully
2026-08-13 21:14:22.118 [DEBUG] [req-65491ae3] [receipt_api.Auth.identity] Parsing scoped identity headers: X-Request-Type='user', X-Device-Name/X-Device-ID='None', X-Device-Token='[NONE]', X-User-Name/X-User-ID='test2', X-User-Token='[PRESENT]'
2026-08-13 21:14:22.118 [DEBUG] [req-65491ae3] [receipt_api.Models.user_repository] SELECT user get_by_identifier: identifier='test2'
2026-08-13 21:14:22.119 [DEBUG] [req-65491ae3] [receipt_api.Models.user_repository] SELECT user get_by_username: username='test2'
2026-08-13 21:14:22.481 [INFO] [req-65491ae3] [receipt_api.Models.user_repository] SELECT user get_by_username finished: found=True in 362.64ms
2026-08-13 21:14:22.546 [DEBUG] [req-65491ae3] [receipt_api.Auth.identity] Constant-time digest comparison PASS for user token (username='test2')
2026-08-13 21:14:22.547 [INFO] [req-65491ae3] [receipt_api.Auth.identity] Identity resolved (mode=user): user_id=ba42c475-be97-4f9a-97f8-6b43c086336b, username=test2
2026-08-13 21:14:23.071 [DEBUG] [req-65491ae3] [receipt_api.API.scan] Entering parse_receipt: filename=1000031178.png, content_type=image/png, identity (user_id=ba42c475-be97-4f9a-97f8-6b43c086336b, device_id=)
2026-08-13 21:14:23.071 [DEBUG] [req-65491ae3] [receipt_api.API.scan] Read receipt image bytes: size=173251 bytes
2026-08-13 21:14:23.071 [DEBUG] [req-65491ae3] [receipt_api.Services.extraction_service] extract_from_image called: mime_type=image/png, bytes_size=173251
2026-08-13 21:14:23.072 [INFO] [req-65491ae3] [receipt_api.Services.extraction_service] Triggering Gemini vision model gemini-3.6-flash for receipt image extraction (173251 bytes, mime=image/png)
2026-08-13 21:14:31.571 [INFO] [req-65491ae3] [receipt_api.Services.extraction_service] Gemini vision response received. Output text len=1534, usage_metadata=cache_tokens_details=None cached_content_token_count=None candidates_token_count=701 candidates_tokens_details=None prompt_token_count=1440 prompt_tokens_details=[ModalityTokenCount(
  modality=<MediaModality.IMAGE: 'IMAGE'>,
  token_count=1088
), ModalityTokenCount(
  modality=<MediaModality.TEXT: 'TEXT'>,
  token_count=352
)] thoughts_token_count=609 tool_use_prompt_token_count=None tool_use_prompt_tokens_details=None total_token_count=2750 traffic_type=None
2026-08-13 21:14:31.572 [INFO] [req-65491ae3] [receipt_api.Services.extraction_service] Successfully extracted receipt: merchant='FairPrice Group', total=22.30, confidence=0.98, items_count=4
2026-08-13 21:14:31.572 [INFO] [req-65491ae3] [receipt_api.API.scan] Parse receipt successful: merchant=FairPrice Group, total=22.30, confidence=0.98
2026-08-13 21:14:31.572 [INFO] [req-65491ae3] [receipt_api.HTTP] <-- 200 POST /api/v1/scan/parse (9740.98ms)
2026-08-13 21:15:19.521 [INFO] [req-cf3f8e6c] [receipt_api.HTTP] --> POST /api/v1/devices/link | Client: 127.0.0.1 | Dev: - | User: test2
2026-08-13 21:15:19.522 [DEBUG] [req-cf3f8e6c] [receipt_api.Auth.rate_limiter] Rate limit key generated: '/api/v1/devices/link:dev_886ed96c-c698-4696-ab06-666bfc0a2178' (identifier='dev_886ed96c-c698-4696-ab06-666bfc0a2178', path='/api/v1/devices/link')
2026-08-13 21:15:19.523 [DEBUG] [req-cf3f8e6c] [receipt_api.Auth.rate_limiter] Rate limit threshold check for key '/api/v1/devices/link:dev_886ed96c-c698-4696-ab06-666bfc0a2178': current bucket counter=0, threshold=10, window=60s
2026-08-13 21:15:19.523 [DEBUG] [req-cf3f8e6c] [receipt_api.Auth.rate_limiter] Rate limit check passed for key '/api/v1/devices/link:dev_886ed96c-c698-4696-ab06-666bfc0a2178': updated bucket counter=1, remaining=9
2026-08-13 21:15:19.523 [DEBUG] [req-cf3f8e6c] [receipt_api.Infrastructure.database] Initializing Supabase async client for URL: https://asdumcyjkvzawoxupoxu.supabase.co
2026-08-13 21:15:19.795 [DEBUG] [req-cf3f8e6c] [receipt_api.Infrastructure.database] Supabase async client initialized successfully
2026-08-13 21:15:19.795 [DEBUG] [req-cf3f8e6c] [receipt_api.Auth.identity] Parsing link bridge headers: X-Device-Name/X-Device-ID='dev_886ed96c-c698-4696-ab06-666bfc0a2178', X-Device-Token='[PRESENT]', X-User-Name/X-User-ID='test2', X-User-Token='[PRESENT]'
2026-08-13 21:15:19.795 [DEBUG] [req-cf3f8e6c] [receipt_api.Models.device_repository] SELECT device get_by_device_id: device_name_or_uuid='dev_886ed96c-c698-4696-ab06-666bfc0a2178'
2026-08-13 21:15:20.316 [INFO] [req-cf3f8e6c] [receipt_api.Models.device_repository] SELECT device get_by_device_id matched by name: id=2b3cd042-0742-4ffd-bcbe-db3dea65d36d in 520.85ms
2026-08-13 21:15:20.316 [DEBUG] [req-cf3f8e6c] [receipt_api.Auth.identity] Constant-time digest comparison PASS for link bridge device token (device_name='dev_886ed96c-c698-4696-ab06-666bfc0a2178')
2026-08-13 21:15:20.316 [DEBUG] [req-cf3f8e6c] [receipt_api.Models.user_repository] SELECT user get_by_identifier: identifier='test2'
2026-08-13 21:15:20.316 [DEBUG] [req-cf3f8e6c] [receipt_api.Models.user_repository] SELECT user get_by_username: username='test2'
2026-08-13 21:15:20.362 [INFO] [req-cf3f8e6c] [receipt_api.Models.user_repository] SELECT user get_by_username finished: found=True in 45.99ms
2026-08-13 21:15:20.432 [DEBUG] [req-cf3f8e6c] [receipt_api.Auth.identity] Constant-time digest comparison PASS for link bridge user token (username='test2')
2026-08-13 21:15:20.432 [INFO] [req-cf3f8e6c] [receipt_api.Auth.identity] Identity resolved (mode=user): user_id=ba42c475-be97-4f9a-97f8-6b43c086336b, username=test2, device_id=2b3cd042-0742-4ffd-bcbe-db3dea65d36d, device_name=dev_886ed96c-c698-4696-ab06-666bfc0a2178
2026-08-13 21:15:20.432 [DEBUG] [req-cf3f8e6c] [receipt_api.API.devices] Entering link_device_user: device_name=dev_886ed96c-c698-4696-ab06-666bfc0a2178, target_username=test2, identity (device_name=dev_886ed96c-c698-4696-ab06-666bfc0a2178, user_id=ba42c475-be97-4f9a-97f8-6b43c086336b)
2026-08-13 21:15:20.432 [DEBUG] [req-cf3f8e6c] [receipt_api.Models.device_repository] SELECT device get_by_device_id: device_name_or_uuid='dev_886ed96c-c698-4696-ab06-666bfc0a2178'
2026-08-13 21:15:20.475 [INFO] [req-cf3f8e6c] [receipt_api.Models.device_repository] SELECT device get_by_device_id matched by name: id=2b3cd042-0742-4ffd-bcbe-db3dea65d36d in 43.25ms
2026-08-13 21:15:20.476 [DEBUG] [req-cf3f8e6c] [receipt_api.Models.device_repository] link_user_by_names: device_name='dev_886ed96c-c698-4696-ab06-666bfc0a2178', username=test2
2026-08-13 21:15:20.476 [DEBUG] [req-cf3f8e6c] [receipt_api.Models.device_repository] SELECT device get_by_device_id: device_name_or_uuid='dev_886ed96c-c698-4696-ab06-666bfc0a2178'
2026-08-13 21:15:20.508 [INFO] [req-cf3f8e6c] [receipt_api.Models.device_repository] SELECT device get_by_device_id matched by name: id=2b3cd042-0742-4ffd-bcbe-db3dea65d36d in 32.63ms
2026-08-13 21:15:20.509 [DEBUG] [req-cf3f8e6c] [receipt_api.Models.user_repository] SELECT user get_by_identifier: identifier='test2'
2026-08-13 21:15:20.509 [DEBUG] [req-cf3f8e6c] [receipt_api.Models.user_repository] SELECT user get_by_username: username='test2'
2026-08-13 21:15:20.565 [INFO] [req-cf3f8e6c] [receipt_api.Models.user_repository] SELECT user get_by_username finished: found=True in 56.42ms
2026-08-13 21:15:20.565 [DEBUG] [req-cf3f8e6c] [receipt_api.Models.device_repository] Calling RPC link_device_and_migrate_guest_data for device='dev_886ed96c-c698-4696-ab06-666bfc0a2178'
2026-08-13 21:15:20.628 [INFO] [req-cf3f8e6c] [receipt_api.Models.device_repository] Atomic guest migration RPC complete for device name=dev_886ed96c-c698-4696-ab06-666bfc0a2178: receipts=0 conversations=0
2026-08-13 21:15:20.629 [DEBUG] [req-cf3f8e6c] [receipt_api.Models.device_repository] SELECT device get_by_device_id: device_name_or_uuid='2b3cd042-0742-4ffd-bcbe-db3dea65d36d'
2026-08-13 21:15:20.684 [INFO] [req-cf3f8e6c] [receipt_api.Models.device_repository] SELECT device get_by_device_id fallback UUID search finished: found=True in 55.71ms
2026-08-13 21:15:20.685 [INFO] [req-cf3f8e6c] [receipt_api.Models.device_repository] link_user_by_names RPC succeeded in 208.86ms
2026-08-13 21:15:20.685 [INFO] [req-cf3f8e6c] [receipt_api.API.devices] Migrating guest data for user_id=ba42c475-be97-4f9a-97f8-6b43c086336b, device_name=dev_886ed96c-c698-4696-ab06-666bfc0a2178
2026-08-13 21:15:20.685 [DEBUG] [req-cf3f8e6c] [receipt_api.Services.data_migration_service] migrate_user_data called: user_id=ba42c475-be97-4f9a-97f8-6b43c086336b, device_name=dev_886ed96c-c698-4696-ab06-666bfc0a2178, input_receipts=1, input_conversations=0, input_messages=0
2026-08-13 21:15:20.741 [DEBUG] [req-cf3f8e6c] [receipt_api.Services.data_migration_service] Executing receipts batch insert of 1 rows for user_id=ba42c475-be97-4f9a-97f8-6b43c086336b
2026-08-13 21:15:20.784 [INFO] [req-cf3f8e6c] [receipt_api.Services.data_migration_service] Migrated 1 receipts for user_id=ba42c475-be97-4f9a-97f8-6b43c086336b
2026-08-13 21:15:20.784 [INFO] [req-cf3f8e6c] [receipt_api.Services.data_migration_service] DataMigrationService: completed migration for user_id=ba42c475-be97-4f9a-97f8-6b43c086336b device_name=dev_886ed96c-c698-4696-ab06-666bfc0a2178 — receipts=1, conversations=0, chat_messages=0
2026-08-13 21:15:20.784 [INFO] [req-cf3f8e6c] [receipt_api.API.devices] Device linked successfully: device_name=dev_886ed96c-c698-4696-ab06-666bfc0a2178, username=test2
2026-08-13 21:15:20.785 [INFO] [req-cf3f8e6c] [receipt_api.HTTP] <-- 200 POST /api/v1/devices/link (1263.15ms)
2026-08-13 21:15:20.809 [INFO] [req-5623dbb7] [receipt_api.HTTP] --> POST /api/v1/devices/link | Client: 127.0.0.1 | Dev: - | User: -
2026-08-13 21:15:20.810 [DEBUG] [req-5623dbb7] [receipt_api.Auth.rate_limiter] Rate limit key generated: '/api/v1/devices/link:dev_886ed96c-c698-4696-ab06-666bfc0a2178' (identifier='dev_886ed96c-c698-4696-ab06-666bfc0a2178', path='/api/v1/devices/link')
2026-08-13 21:15:20.810 [DEBUG] [req-5623dbb7] [receipt_api.Auth.rate_limiter] Rate limit threshold check for key '/api/v1/devices/link:dev_886ed96c-c698-4696-ab06-666bfc0a2178': current bucket counter=1, threshold=10, window=60s
2026-08-13 21:15:20.811 [DEBUG] [req-5623dbb7] [receipt_api.Auth.rate_limiter] Rate limit check passed for key '/api/v1/devices/link:dev_886ed96c-c698-4696-ab06-666bfc0a2178': updated bucket counter=2, remaining=8
2026-08-13 21:15:20.811 [DEBUG] [req-5623dbb7] [receipt_api.Infrastructure.database] Initializing Supabase async client for URL: https://asdumcyjkvzawoxupoxu.supabase.co
2026-08-13 21:15:21.115 [DEBUG] [req-5623dbb7] [receipt_api.Infrastructure.database] Supabase async client initialized successfully
2026-08-13 21:15:21.116 [DEBUG] [req-5623dbb7] [receipt_api.Auth.identity] Parsing link bridge headers: X-Device-Name/X-Device-ID='dev_886ed96c-c698-4696-ab06-666bfc0a2178', X-Device-Token='[PRESENT]', X-User-Name/X-User-ID='None', X-User-Token='[NONE]'
2026-08-13 21:15:21.116 [DEBUG] [req-5623dbb7] [receipt_api.Models.device_repository] SELECT device get_by_device_id: device_name_or_uuid='dev_886ed96c-c698-4696-ab06-666bfc0a2178'
2026-08-13 21:15:21.490 [INFO] [req-5623dbb7] [receipt_api.Models.device_repository] SELECT device get_by_device_id matched by name: id=2b3cd042-0742-4ffd-bcbe-db3dea65d36d in 374.34ms
2026-08-13 21:15:21.491 [DEBUG] [req-5623dbb7] [receipt_api.Auth.identity] Constant-time digest comparison PASS for link bridge device token (device_name='dev_886ed96c-c698-4696-ab06-666bfc0a2178')
2026-08-13 21:15:21.491 [INFO] [req-5623dbb7] [receipt_api.Auth.identity] Identity resolved (mode=user): user_id=ba42c475-be97-4f9a-97f8-6b43c086336b, username=None, device_id=2b3cd042-0742-4ffd-bcbe-db3dea65d36d, device_name=dev_886ed96c-c698-4696-ab06-666bfc0a2178
2026-08-13 21:15:21.491 [DEBUG] [req-5623dbb7] [receipt_api.API.devices] Entering link_device_user: device_name=dev_886ed96c-c698-4696-ab06-666bfc0a2178, target_username=None, identity (device_name=dev_886ed96c-c698-4696-ab06-666bfc0a2178, user_id=ba42c475-be97-4f9a-97f8-6b43c086336b)
2026-08-13 21:15:21.491 [DEBUG] [req-5623dbb7] [receipt_api.Models.device_repository] SELECT device get_by_device_id: device_name_or_uuid='dev_886ed96c-c698-4696-ab06-666bfc0a2178'
2026-08-13 21:15:21.540 [INFO] [req-5623dbb7] [receipt_api.Models.device_repository] SELECT device get_by_device_id matched by name: id=2b3cd042-0742-4ffd-bcbe-db3dea65d36d in 48.69ms
2026-08-13 21:15:21.540 [DEBUG] [req-5623dbb7] [receipt_api.Models.device_repository] link_user_by_names: device_name='dev_886ed96c-c698-4696-ab06-666bfc0a2178', username=None
2026-08-13 21:15:21.540 [DEBUG] [req-5623dbb7] [receipt_api.Models.device_repository] SELECT device get_by_device_id: device_name_or_uuid='dev_886ed96c-c698-4696-ab06-666bfc0a2178'
2026-08-13 21:15:21.585 [INFO] [req-5623dbb7] [receipt_api.Models.device_repository] SELECT device get_by_device_id matched by name: id=2b3cd042-0742-4ffd-bcbe-db3dea65d36d in 44.51ms
2026-08-13 21:15:21.625 [INFO] [req-5623dbb7] [receipt_api.Models.device_repository] link_user_by_names completed fallback update in 85.59ms
2026-08-13 21:15:21.626 [INFO] [req-5623dbb7] [receipt_api.API.devices] Device linked successfully: device_name=dev_886ed96c-c698-4696-ab06-666bfc0a2178, username=None
2026-08-13 21:15:21.626 [INFO] [req-5623dbb7] [receipt_api.HTTP] <-- 200 POST /api/v1/devices/link (817.10ms)
2026-08-13 21:15:21.697 [INFO] [req-36500591] [receipt_api.HTTP] --> POST /api/v1/devices/rotate-token | Client: 127.0.0.1 | Dev: - | User: -
2026-08-13 21:15:21.698 [DEBUG] [req-36500591] [receipt_api.Auth.rate_limiter] Rate limit key generated: '/api/v1/devices/rotate-token:dev_886ed96c-c698-4696-ab06-666bfc0a2178' (identifier='dev_886ed96c-c698-4696-ab06-666bfc0a2178', path='/api/v1/devices/rotate-token')
2026-08-13 21:15:21.699 [DEBUG] [req-36500591] [receipt_api.Auth.rate_limiter] Rate limit threshold check for key '/api/v1/devices/rotate-token:dev_886ed96c-c698-4696-ab06-666bfc0a2178': current bucket counter=0, threshold=10, window=60s
2026-08-13 21:15:21.699 [DEBUG] [req-36500591] [receipt_api.Auth.rate_limiter] Rate limit check passed for key '/api/v1/devices/rotate-token:dev_886ed96c-c698-4696-ab06-666bfc0a2178': updated bucket counter=1, remaining=9
2026-08-13 21:15:21.699 [DEBUG] [req-36500591] [receipt_api.Infrastructure.database] Initializing Supabase async client for URL: https://asdumcyjkvzawoxupoxu.supabase.co
2026-08-13 21:15:21.949 [DEBUG] [req-36500591] [receipt_api.Infrastructure.database] Supabase async client initialized successfully
2026-08-13 21:15:21.949 [DEBUG] [req-36500591] [receipt_api.Auth.identity] Parsing device headers: X-Device-Name/X-Device-ID='dev_886ed96c-c698-4696-ab06-666bfc0a2178', X-Device-Token='[PRESENT]'
2026-08-13 21:15:21.949 [DEBUG] [req-36500591] [receipt_api.Models.device_repository] SELECT device get_by_device_id: device_name_or_uuid='dev_886ed96c-c698-4696-ab06-666bfc0a2178'
2026-08-13 21:15:22.297 [INFO] [req-36500591] [receipt_api.Models.device_repository] SELECT device get_by_device_id matched by name: id=2b3cd042-0742-4ffd-bcbe-db3dea65d36d in 348.14ms
2026-08-13 21:15:22.298 [DEBUG] [req-36500591] [receipt_api.Auth.identity] Constant-time digest comparison PASS for device token (device_name='dev_886ed96c-c698-4696-ab06-666bfc0a2178')
2026-08-13 21:15:22.298 [INFO] [req-36500591] [receipt_api.Auth.identity] Identity resolved (mode=device): user_id=None, username=None, device_id=2b3cd042-0742-4ffd-bcbe-db3dea65d36d, device_name=dev_886ed96c-c698-4696-ab06-666bfc0a2178
2026-08-13 21:15:22.298 [DEBUG] [req-36500591] [receipt_api.API.devices] Entering rotate_device_token_endpoint: device_name=dev_886ed96c-c698-4696-ab06-666bfc0a2178
2026-08-13 21:15:22.298 [DEBUG] [req-36500591] [receipt_api.Models.device_repository] UPDATE device rotate_device_token: device_name='dev_886ed96c-c698-4696-ab06-666bfc0a2178'
2026-08-13 21:15:22.298 [DEBUG] [req-36500591] [receipt_api.Models.device_repository] SELECT device get_by_device_id: device_name_or_uuid='dev_886ed96c-c698-4696-ab06-666bfc0a2178'
2026-08-13 21:15:22.341 [INFO] [req-36500591] [receipt_api.Models.device_repository] SELECT device get_by_device_id matched by name: id=2b3cd042-0742-4ffd-bcbe-db3dea65d36d in 43.11ms
2026-08-13 21:15:22.379 [INFO] [req-36500591] [receipt_api.Models.device_repository] UPDATE device rotate_device_token succeeded in 80.97ms
2026-08-13 21:15:22.379 [INFO] [req-36500591] [receipt_api.API.devices] Device token rotated successfully for device_name=dev_886ed96c-c698-4696-ab06-666bfc0a2178
2026-08-13 21:15:22.379 [INFO] [req-36500591] [receipt_api.HTTP] <-- 200 POST /api/v1/devices/rotate-token (681.95ms)
2026-08-13 21:15:49.988 [INFO] [req-f6261979] [receipt_api.HTTP] --> POST /api/v1/user/login | Client: 127.0.0.1 | Dev: - | User: -
2026-08-13 21:15:49.989 [DEBUG] [req-f6261979] [receipt_api.Auth.rate_limiter] Rate limit key generated: '/api/v1/user/login:127.0.0.1' (identifier='127.0.0.1', path='/api/v1/user/login')
2026-08-13 21:15:49.989 [DEBUG] [req-f6261979] [receipt_api.Auth.rate_limiter] Rate limit threshold check for key '/api/v1/user/login:127.0.0.1': current bucket counter=0, threshold=10, window=60s
2026-08-13 21:15:49.989 [DEBUG] [req-f6261979] [receipt_api.Auth.rate_limiter] Rate limit check passed for key '/api/v1/user/login:127.0.0.1': updated bucket counter=1, remaining=9
2026-08-13 21:15:49.989 [DEBUG] [req-f6261979] [receipt_api.Infrastructure.database] Initializing Supabase async client for URL: https://asdumcyjkvzawoxupoxu.supabase.co
2026-08-13 21:15:50.296 [DEBUG] [req-f6261979] [receipt_api.Infrastructure.database] Supabase async client initialized successfully
2026-08-13 21:15:50.296 [DEBUG] [req-f6261979] [receipt_api.API.user] Entering login_user: identifier=test2
2026-08-13 21:15:50.297 [DEBUG] [req-f6261979] [receipt_api.Models.user_repository] SELECT user get_by_identifier: identifier='test2'
2026-08-13 21:15:50.297 [DEBUG] [req-f6261979] [receipt_api.Models.user_repository] SELECT user get_by_username: username='test2'
2026-08-13 21:15:50.629 [INFO] [req-f6261979] [receipt_api.Models.user_repository] SELECT user get_by_username finished: found=True in 332.08ms
2026-08-13 21:15:50.698 [INFO] [req-f6261979] [receipt_api.API.user] User logged in successfully: user_id=ba42c475-be97-4f9a-97f8-6b43c086336b, username=test2
2026-08-13 21:15:50.699 [INFO] [req-f6261979] [receipt_api.HTTP] <-- 200 POST /api/v1/user/login (710.84ms)
2026-08-13 21:15:50.779 [INFO] [req-bdd7ab4d] [receipt_api.HTTP] --> POST /api/v1/devices/link | Client: 127.0.0.1 | Dev: - | User: test2
2026-08-13 21:15:50.779 [DEBUG] [req-bdd7ab4d] [receipt_api.Auth.rate_limiter] Rate limit key generated: '/api/v1/devices/link:dev_886ed96c-c698-4696-ab06-666bfc0a2178' (identifier='dev_886ed96c-c698-4696-ab06-666bfc0a2178', path='/api/v1/devices/link')
2026-08-13 21:15:50.780 [DEBUG] [req-bdd7ab4d] [receipt_api.Auth.rate_limiter] Rate limit threshold check for key '/api/v1/devices/link:dev_886ed96c-c698-4696-ab06-666bfc0a2178': current bucket counter=2, threshold=10, window=60s
2026-08-13 21:15:50.780 [DEBUG] [req-bdd7ab4d] [receipt_api.Auth.rate_limiter] Rate limit check passed for key '/api/v1/devices/link:dev_886ed96c-c698-4696-ab06-666bfc0a2178': updated bucket counter=3, remaining=7
2026-08-13 21:15:50.780 [DEBUG] [req-bdd7ab4d] [receipt_api.Infrastructure.database] Initializing Supabase async client for URL: https://asdumcyjkvzawoxupoxu.supabase.co
2026-08-13 21:15:51.051 [DEBUG] [req-bdd7ab4d] [receipt_api.Infrastructure.database] Supabase async client initialized successfully
2026-08-13 21:15:51.051 [DEBUG] [req-bdd7ab4d] [receipt_api.Auth.identity] Parsing link bridge headers: X-Device-Name/X-Device-ID='dev_886ed96c-c698-4696-ab06-666bfc0a2178', X-Device-Token='[PRESENT]', X-User-Name/X-User-ID='test2', X-User-Token='[PRESENT]'
2026-08-13 21:15:51.051 [DEBUG] [req-bdd7ab4d] [receipt_api.Models.device_repository] SELECT device get_by_device_id: device_name_or_uuid='dev_886ed96c-c698-4696-ab06-666bfc0a2178'
2026-08-13 21:15:51.420 [INFO] [req-bdd7ab4d] [receipt_api.Models.device_repository] SELECT device get_by_device_id matched by name: id=2b3cd042-0742-4ffd-bcbe-db3dea65d36d in 369.25ms
2026-08-13 21:15:51.421 [DEBUG] [req-bdd7ab4d] [receipt_api.Auth.identity] Constant-time digest comparison PASS for link bridge device token (device_name='dev_886ed96c-c698-4696-ab06-666bfc0a2178')
2026-08-13 21:15:51.421 [DEBUG] [req-bdd7ab4d] [receipt_api.Models.user_repository] SELECT user get_by_identifier: identifier='test2'
2026-08-13 21:15:51.421 [DEBUG] [req-bdd7ab4d] [receipt_api.Models.user_repository] SELECT user get_by_username: username='test2'
2026-08-13 21:15:51.475 [INFO] [req-bdd7ab4d] [receipt_api.Models.user_repository] SELECT user get_by_username finished: found=True in 53.61ms
2026-08-13 21:15:51.544 [DEBUG] [req-bdd7ab4d] [receipt_api.Auth.identity] Constant-time digest comparison PASS for link bridge user token (username='test2')
2026-08-13 21:15:51.544 [INFO] [req-bdd7ab4d] [receipt_api.Auth.identity] Identity resolved (mode=user): user_id=ba42c475-be97-4f9a-97f8-6b43c086336b, username=test2, device_id=2b3cd042-0742-4ffd-bcbe-db3dea65d36d, device_name=dev_886ed96c-c698-4696-ab06-666bfc0a2178
2026-08-13 21:15:51.545 [DEBUG] [req-bdd7ab4d] [receipt_api.API.devices] Entering link_device_user: device_name=dev_886ed96c-c698-4696-ab06-666bfc0a2178, target_username=test2, identity (device_name=dev_886ed96c-c698-4696-ab06-666bfc0a2178, user_id=ba42c475-be97-4f9a-97f8-6b43c086336b)
2026-08-13 21:15:51.545 [DEBUG] [req-bdd7ab4d] [receipt_api.Models.device_repository] SELECT device get_by_device_id: device_name_or_uuid='dev_886ed96c-c698-4696-ab06-666bfc0a2178'
2026-08-13 21:15:51.593 [INFO] [req-bdd7ab4d] [receipt_api.Models.device_repository] SELECT device get_by_device_id matched by name: id=2b3cd042-0742-4ffd-bcbe-db3dea65d36d in 48.12ms
2026-08-13 21:15:51.593 [DEBUG] [req-bdd7ab4d] [receipt_api.Models.device_repository] link_user_by_names: device_name='dev_886ed96c-c698-4696-ab06-666bfc0a2178', username=test2
2026-08-13 21:15:51.593 [DEBUG] [req-bdd7ab4d] [receipt_api.Models.device_repository] SELECT device get_by_device_id: device_name_or_uuid='dev_886ed96c-c698-4696-ab06-666bfc0a2178'
2026-08-13 21:15:51.626 [INFO] [req-bdd7ab4d] [receipt_api.Models.device_repository] SELECT device get_by_device_id matched by name: id=2b3cd042-0742-4ffd-bcbe-db3dea65d36d in 32.48ms
2026-08-13 21:15:51.626 [DEBUG] [req-bdd7ab4d] [receipt_api.Models.user_repository] SELECT user get_by_identifier: identifier='test2'
2026-08-13 21:15:51.626 [DEBUG] [req-bdd7ab4d] [receipt_api.Models.user_repository] SELECT user get_by_username: username='test2'
2026-08-13 21:15:51.657 [INFO] [req-bdd7ab4d] [receipt_api.Models.user_repository] SELECT user get_by_username finished: found=True in 31.42ms
2026-08-13 21:15:51.658 [DEBUG] [req-bdd7ab4d] [receipt_api.Models.device_repository] Calling RPC link_device_and_migrate_guest_data for device='dev_886ed96c-c698-4696-ab06-666bfc0a2178'
2026-08-13 21:15:51.695 [INFO] [req-bdd7ab4d] [receipt_api.Models.device_repository] Atomic guest migration RPC complete for device name=dev_886ed96c-c698-4696-ab06-666bfc0a2178: receipts=0 conversations=0
2026-08-13 21:15:51.695 [DEBUG] [req-bdd7ab4d] [receipt_api.Models.device_repository] SELECT device get_by_device_id: device_name_or_uuid='2b3cd042-0742-4ffd-bcbe-db3dea65d36d'
2026-08-13 21:15:51.764 [INFO] [req-bdd7ab4d] [receipt_api.Models.device_repository] SELECT device get_by_device_id fallback UUID search finished: found=True in 69.37ms
2026-08-13 21:15:51.765 [INFO] [req-bdd7ab4d] [receipt_api.Models.device_repository] link_user_by_names RPC succeeded in 171.70ms
2026-08-13 21:15:51.765 [INFO] [req-bdd7ab4d] [receipt_api.API.devices] Device linked successfully: device_name=dev_886ed96c-c698-4696-ab06-666bfc0a2178, username=test2
2026-08-13 21:15:51.765 [INFO] [req-bdd7ab4d] [receipt_api.HTTP] <-- 200 POST /api/v1/devices/link (986.67ms)
2026-08-13 21:15:51.836 [INFO] [req-5e1b921b] [receipt_api.HTTP] --> GET /api/v1/receipts/ | Client: 127.0.0.1 | Dev: - | User: test2
2026-08-13 21:15:51.837 [DEBUG] [req-5e1b921b] [receipt_api.Auth.rate_limiter] Rate limit key generated: '/api/v1/receipts/:127.0.0.1' (identifier='127.0.0.1', path='/api/v1/receipts/')
2026-08-13 21:15:51.837 [DEBUG] [req-5e1b921b] [receipt_api.Auth.rate_limiter] Rate limit threshold check for key '/api/v1/receipts/:127.0.0.1': current bucket counter=0, threshold=60, window=60s
2026-08-13 21:15:51.837 [DEBUG] [req-5e1b921b] [receipt_api.Auth.rate_limiter] Rate limit check passed for key '/api/v1/receipts/:127.0.0.1': updated bucket counter=1, remaining=59
2026-08-13 21:15:51.837 [DEBUG] [req-5e1b921b] [receipt_api.Infrastructure.database] Initializing Supabase async client for URL: https://asdumcyjkvzawoxupoxu.supabase.co
2026-08-13 21:15:52.117 [DEBUG] [req-5e1b921b] [receipt_api.Infrastructure.database] Supabase async client initialized successfully
2026-08-13 21:15:52.117 [DEBUG] [req-5e1b921b] [receipt_api.Auth.identity] Parsing user headers: X-User-Name/X-User-ID='test2', X-User-Token='[PRESENT]'
2026-08-13 21:15:52.117 [DEBUG] [req-5e1b921b] [receipt_api.Models.user_repository] SELECT user get_by_identifier: identifier='test2'
2026-08-13 21:15:52.117 [DEBUG] [req-5e1b921b] [receipt_api.Models.user_repository] SELECT user get_by_username: username='test2'
2026-08-13 21:15:52.457 [INFO] [req-5e1b921b] [receipt_api.Models.user_repository] SELECT user get_by_username finished: found=True in 339.50ms
2026-08-13 21:15:52.518 [DEBUG] [req-5e1b921b] [receipt_api.Auth.identity] Constant-time digest comparison PASS for user token (username='test2')
2026-08-13 21:15:52.518 [INFO] [req-5e1b921b] [receipt_api.Auth.identity] Identity resolved (mode=user): user_id=ba42c475-be97-4f9a-97f8-6b43c086336b, username=test2
2026-08-13 21:15:52.518 [DEBUG] [req-5e1b921b] [receipt_api.API.receipts] Entering list_receipts: updated_after=None, limit=20, offset=0, identity (user_id=ba42c475-be97-4f9a-97f8-6b43c086336b, username=test2)
2026-08-13 21:15:52.519 [DEBUG] [req-5e1b921b] [receipt_api.Models.receipt_repository] SELECT receipts get_all_by_identity: user_id=ba42c475-be97-4f9a-97f8-6b43c086336b, device_id=, updated_after=None, limit=20, offset=0
2026-08-13 21:15:52.575 [INFO] [req-5e1b921b] [receipt_api.Models.receipt_repository] SELECT receipts get_all_by_identity succeeded: returned 1 rows in 56.48ms
2026-08-13 21:15:52.575 [INFO] [req-5e1b921b] [receipt_api.API.receipts] list_receipts fetched 1 records for user_id=ba42c475-be97-4f9a-97f8-6b43c086336b
2026-08-13 21:15:52.576 [INFO] [req-5e1b921b] [receipt_api.HTTP] <-- 200 GET /api/v1/receipts/ (739.70ms)
2026-08-13 21:15:52.641 [INFO] [req-ec0651fd] [receipt_api.HTTP] --> GET /api/v1/chat/list | Client: 127.0.0.1 | Dev: - | User: test2
2026-08-13 21:15:52.641 [DEBUG] [req-ec0651fd] [receipt_api.Auth.rate_limiter] Rate limit key generated: '/api/v1/chat/list:127.0.0.1' (identifier='127.0.0.1', path='/api/v1/chat/list')
2026-08-13 21:15:52.642 [DEBUG] [req-ec0651fd] [receipt_api.Auth.rate_limiter] Rate limit threshold check for key '/api/v1/chat/list:127.0.0.1': current bucket counter=0, threshold=60, window=60s
2026-08-13 21:15:52.642 [DEBUG] [req-ec0651fd] [receipt_api.Auth.rate_limiter] Rate limit check passed for key '/api/v1/chat/list:127.0.0.1': updated bucket counter=1, remaining=59
2026-08-13 21:15:52.642 [DEBUG] [req-ec0651fd] [receipt_api.Infrastructure.database] Initializing Supabase async client for URL: https://asdumcyjkvzawoxupoxu.supabase.co
2026-08-13 21:15:52.978 [DEBUG] [req-ec0651fd] [receipt_api.Infrastructure.database] Supabase async client initialized successfully
2026-08-13 21:15:52.978 [DEBUG] [req-ec0651fd] [receipt_api.Auth.identity] Parsing user headers: X-User-Name/X-User-ID='test2', X-User-Token='[PRESENT]'
2026-08-13 21:15:52.978 [DEBUG] [req-ec0651fd] [receipt_api.Models.user_repository] SELECT user get_by_identifier: identifier='test2'
2026-08-13 21:15:52.979 [DEBUG] [req-ec0651fd] [receipt_api.Models.user_repository] SELECT user get_by_username: username='test2'
2026-08-13 21:15:53.344 [INFO] [req-ec0651fd] [receipt_api.Models.user_repository] SELECT user get_by_username finished: found=True in 365.27ms
2026-08-13 21:15:53.410 [DEBUG] [req-ec0651fd] [receipt_api.Auth.identity] Constant-time digest comparison PASS for user token (username='test2')
2026-08-13 21:15:53.411 [INFO] [req-ec0651fd] [receipt_api.Auth.identity] Identity resolved (mode=user): user_id=ba42c475-be97-4f9a-97f8-6b43c086336b, username=test2
2026-08-13 21:15:53.411 [DEBUG] [req-ec0651fd] [receipt_api.API.chat] Entering list_conversations: limit=20, offset=0, identity (user_id=ba42c475-be97-4f9a-97f8-6b43c086336b)
2026-08-13 21:15:53.411 [DEBUG] [req-ec0651fd] [receipt_api.Models.conversation_repository] SELECT conversations list_conversations: user_id=ba42c475-be97-4f9a-97f8-6b43c086336b, device_id=, limit=20, offset=0
2026-08-13 21:15:53.446 [INFO] [req-ec0651fd] [receipt_api.Models.conversation_repository] SELECT conversations list_conversations succeeded: returned 0 rows in 35.00ms
2026-08-13 21:15:53.446 [INFO] [req-ec0651fd] [receipt_api.API.chat] list_conversations returned 0 records for user_id=ba42c475-be97-4f9a-97f8-6b43c086336b
2026-08-13 21:15:53.446 [INFO] [req-ec0651fd] [receipt_api.HTTP] <-- 200 GET /api/v1/chat/list (805.55ms)
